a babucha	loc	0.2553	piggyback | piggybacking
a buen entendedor, pocas palabras bastan	saying	0.0005	a word to the wise is sufficient
a buen recaudo	loc	0.2391	safe and sound
a buen seguro	loc	0.1466	surely
a caballito	loc	0.3422	piggyback
a cada rato	loc	0.1546	all the time
a capela	loc	0.3810	a cappella
a continuación	loc	1.0489	next | following
a contralecho	loc	0.0004	bedded against the grain | contrary to the stratum
a corderetas	loc	0.2115	piggyback
a cuatro patas	loc	0.2563	on all fours
a destajo	loc	0.0006	at full blast | at full tilt | by the piece flat out
a escondidas	loc	0.3155	on the sly
a escuso	loc	0.2231	discreetly
a fuerza de	loc	0.1692	as a result of | by dint of
a gatas	loc	0.0961	crawling
a grandes rasgos	loc	0.0182	broadly
a granel	loc	0.0000	bulk cargo
a la deriva	loc	0.0760	adrift
a la tercera, va la vencida	loc	0.0546	third time lucky | third time's a charm
a lápiz	loc	0.0003	in pencil
a lo grande	loc	0.7242	big | in a big way | in style | with a bang
a lo mejor	loc	1.2998	maybe | possibly
a mano alzada	loc	0.0427	freehand
a mano limpia	loc	0.1274	unarmed
a menudo	adv	0.4330	often
a merced de	loc	0.0002	at somebody's mercy
a ojo de buen cubero	loc	0.6853	eyeball
a pelo	loc	0.1146	bareback
a perro flaco todo son pulgas	saying	0.1260	it never rains but it pours
a pesar de	loc	0.5538	despite | in spite of | regardless of
a pie	loc	0.3390	on foot
a posteriori	loc	0.0922	a posteriori
a primera vista	loc	0.3169	at first glance
a propósito	loc	0.8719	by the way | regarding to
a punto de	loc	0.1695	about to | narrowly
a quemarropa	loc	0.0006	at point-blank range
a recaudo	loc	0.2391	safe and sound
a regañadientes	loc	0.2063	reluctantly | grudgingly
a río revuelto, ganancia de pescadores	saying	0.0815	fish in troubled waters
a sabiendas	loc	0.0899	knowingly
a simple vista	loc	0.4640	at first glance | to the naked eye
a trancas y barrancas	loc	0.0182	after a fashion
a través	loc	0.1431	crosswise
a tutiplén	loc	0.1703	galore | aplenty
a veces	loc	1.3039	sometimes | occasionally | from time to time
aal	nm	0.2371	noni
Aarón	prop	0.4319	Aaron
ababa	nf	0.3154	red poppy
ababillarse	v	1.0086	be | sick | stifle | with the
ababol	nm	0.3340	red poppy
abacá	nm	0.4172	abaca | Manila hemp
abacería	nf	0.1046	grocery
abacero	nmf	0.6610	grocer
abacial	adj	0.2220	abbatial
ábaco	nm	0.8596	abacus | calculating frame | washing-trough
abacómite	nm	0.2538	abbot
abacora	nf	0.0794	albacore
abacteriano	adj	0.0482	abacterial
abad	nmf	0.0010	abbot
abada	nf	2.0756	rhinoceros
abadejo	nm	1.0536	cod | pollock | goldcrest | Spanish fly | oil beetle | black grouper
abadengo	adj	0.1046	abbatial
abadernar	v	0.3842	fasten
abadía	nf	1.4844	abbey | abbacy
abadiado	nm	1.3883	abbey
abadiato	nm	1.3883	abbey
abajador	nm	0.4755	groom | stable boy | stablehand | stableman
abajera	nf	0.0835	apiarian | apiarist | beekeeper
abalanzar	v	0.7622	fling | to balance
abalaustrado	adj	0.0000	balustered
abaldonamiento	nm	0.2525	audacity
abalear	v	0.7385	winnow
abalizar	v	0.2808	beacon
abalorio	nm	0.6422	bead
abanación	nf	0.0005	abannation
abanar	v	0.5643	shake
abancalar	v	0.0005	to form terraces
abanderado	nmf	0.0622	flag-bearer
abanderar	v	0.8065	register | notice
abandonar	v	1.0840	forsake | abandon
abandonismo	nm	0.0729	defeatism
abanicar	v	1.4081	fan
abanico	nm	2.3013	fan
abano	nm	1.0308	fan
abantal	nm	0.5478	apron
abanto	nm	0.3932	Egyptian vulture | african vulture
abanto	adj	1.5531	stupid | cowardly
abaratar	v	0.3337	cheapen | abate
abarbechar	v	0.1749	fallow
abarcar	v	0.0010	to embrace | to cover
abarquillarse	v	0.4635	warp
abarraz	nm	0.2922	lice-bane | stavesacre
abarrotar	v	1.0729	stuff | cram
abarrotería	nf	0.5675	grocery store
abastanza	adv	0.2812	enough
abastardar	v	0.7788	degenerate
abastecedor	nm	0.3167	provider
abastecer	v	2.4433	supply
abastecimiento	nm	0.0000	supplying
abasto	nm	0.0006	provisions for the road
abatanado	adj	0.0000	fulled
abatanado	nm	0.0000	fulling
abatanar	v	1.0415	full | beat
abatatar	v	0.5023	frighten
abatatarse	v	0.0005	become disturbed
abate	nm	0.0258	abbé
abatible	adj	0.1567	folding
abatido	adj	1.2957	despicable
abatimiento	nm	0.5956	abatement | dejection
abatir	v	0.9714	demolish
abazón	nm	0.1180	cheek pouch
abdesto	nm	0.0004	abdesth
abdicación	nf	0.3046	abdication
abdicador	adj	0.0446	abdicator
abdicar	v	0.8316	abdicate
abdomen	nm	3.3360	abdomen | tummy | belly
abdominal	adj	0.5069	abdominal
abdominoplastia	nf	0.0682	abdominoplasty
Abdón	prop	0.1338	Abdon
abducción	nf	0.6348	abduction
abductor	adj	0.2084	abductor
abecé	nm	0.0008	abc
abecedariano	adj	0.0000	abecedarians
abecedario	nm	1.3328	alphabet
abedul	nm	1.3985	birch
abedul pubescente	loc	0.1180	downy birch
abeja	nf	2.8931	bee | honeybee | busy beaver | busy bee
abeja melífera	loc	0.1577	honey bee
abejar	nm	0.0008	bee hive
abejaruco	nm	0.4142	bee-eater
abejera	nf	0.5372	beekeeper | apiarian | apiarist
abejero	nmf	0.3744	beekeeper
abejonear	v	0.3264	hum | buzz
abejorro	nm	1.1081	bumblebee | hornet
Abelardo	prop	0.0546	Abelard
abelonita	nm	0.2040	abelian
abenuz	nm	0.0002	abenuz
aberración	nf	0.6475	aberration
aberración cromática	loc	0.1840	chromatic aberration
aberración esférica	loc	0.1496	spherical aberration
aberrante	adj	0.3025	aberrant
aberrar	v	0.1444	deviate
abertal	adj	0.0000	open field
abertura	nf	2.0580	crack | opening
abesivo	nm	0.1957	abessive | caritive | privative
abésoda	nm	0.2389	black caraway
abesón	nm	0.4222	dill
abestiado	adj	0.0007	beast-like
abestializado	adj	0.0007	beast-like | dummkopf
abestializarse	v	0.0223	brutalize
abeto	nm	0.8762	fir | spruce
abiertamente	adv	0.1418	candidly
abierto de par en par	loc	0.1727	wide open
Abigaíl	prop	0.1222	Abigail
abigeato	nm	0.1022	abigeat
abiogénesis	nf	0.3331	abiogenesis
abiosis	nf	0.0499	abiosis
abiótico	adj	0.0407	abiological
abiotrofia	nf	0.0697	abiotrophy
abirritar	v	0.0258	abirritate
abisal	adj	0.3000	abyssal
Abisinia	prop	0.2705	Abyssinia
abisinio	adj	0.4397	Abyssinian
abismo	nm	2.1104	abyss | gulf | chasm | arroyo | ravine
Abiyán	prop	0.1423	Abidjan
Abjasia	prop	0.3251	Abkhazia
abjasio	nm	0.0546	Abkhazian
Abjazia	n	0.2128	Abkhazia
abjuración	nf	0.1534	abjuration
abjurar	v	0.8971	abjure
ablación	nf	0.1496	ablation
ablactancia	nf	0.3506	ablactation | weaning
abladera	nf	0.0005	moulding plane
ablandamiento	nm	0.1393	softening
ablandar	v	0.9575	soften | soothe
ablande	nm	0.0002	running-in
ablandecer	v	0.5243	soften
ablaqueación	nf	0.0769	ablaqueation
ablaquear	v	0.0288	ablaqueate
ablativo	nm	0.4233	ablative | ablative case
ablátor	nm	0.0407	ablator
ablecto	nm	0.0005	ablect
ablefaria	nf	0.0000	ablephary
ablegado	nm	0.0386	ablegate
ablentador	nm	0.1919	pitchfork
ablución	nf	0.4918	ablution
ablutofobia	nf	0.0590	ablutophobia
abnegación	nf	0.4636	self-denial | abnegation
abnegar	v	0.1580	abnegate
abocado	adj	0.4850	smooth
abochornarse	v	0.0804	be ashamed
abofeteador	adj	0.0867	slapper
abofetear	v	1.1575	slap
abogacía	nf	0.0003	legal profession
abogado	nmf	1.6219	lawyer | attorney | barrister | avocat
abogar	v	0.7615	advocate
abolengo	nm	1.0782	lineage | ancestry | nationality | inheritance
abolición	nf	0.5535	abolition
abolicionismo	nm	0.0972	abolitionism
abolicionista	adj	0.1301	abolitionist
abolir	v	0.6724	abolish
abolladura	nf	0.3569	dent
abollar	v	0.3306	dent
abomaso	nm	0.5805	abomasum | rennet-stomach
abombamiento	nm	0.2504	deafness
abominable	adj	0.2188	detestable
abominablemente	adv	0.1393	abominably
abominación	nf	0.8979	abomination | disgust
abominar	v	1.2758	abominate | curse
abonanzar	v	0.4956	calm down
abonar	v	0.4214	fertilize | accredit
abono	nm	0.5284	payment | fertiliser
aboral	adj	0.0589	aboral
abordable	adj	0.2820	approachable | attainable
abordador	adj	0.1970	boarder
abordaje	nm	0.1866	boarding
abordar	v	1.1315	board | address
aborigen	adj	1.0060	native | aboriginal
aborrecer	v	0.6745	detest
aborrecible	adj	0.4631	abhorrent
abortar	v	0.5355	abort | miscarry
abortivo	adj	0.3225	abortive
aborto	nm	1.9701	abortion | miscarriage
abortón	nm	0.0005	abortion of quadruped
abotonador	nm	0.0993	buttonhook
abotonar	v	0.7305	button
abovedado	adj	0.0000	arched
abra	nf	1.2558	col | pass | bay
abracadabra	interj	0.3885	abracadabra
Abraham	prop	0.6482	Abraham
abrahámico	adj	0.2143	Abrahamic
abrasador	adj	0.5107	burning
abrasar	v	1.6710	burn
abrasión	nf	0.6329	abrasion
abraxas	nm	0.0000	abraxas
abrazadera	nf	0.5340	clasp
abrazador	adj	0.0000	embracing
abrázala	nm	0.0004	abrazala
abrazamiento	nm	0.3599	embrace | embracement
abrazar	v	1.8554	embrace | hug
abrazo	nm	0.9236	hug | embrace
abrebotellas	nm	0.2937	bottle opener
abrecartas	nm	0.0705	letter opener
abrelatas	nm	0.3134	can opener | tin opener
abrenunciación	nf	0.0576	abrenunciation
abrepuño	nm	0.0003	maltese star thistle | tocalote
abretonar	v	0.0005	set alongside
abrevadero	nm	1.0278	trough | watering pond
abrevar	v	0.3864	irrigate
abrevarse	v	0.8583	water
abreviación	nf	0.0564	abridgement
abreviadamente	adv	0.0005	by extract
abreviamiento	nm	0.0417	abridgement
abreviar	v	0.6800	abbreviate
abreviatura	nf	1.2064	abbreviation
abribonarse	v	0.4949	loaf
abridor	nm	0.0007	grafting knife
abrigadero	nm	0.0007	sheltered place
abrigaño	nm	0.6419	refuge
abrigar	v	1.0190	shelter
abrigo	nm	1.5385	coat | refuge | shelter
abril	nm	1.5593	April
abrillantar	v	0.5376	polish
abrimiento	nm	0.4899	opening
abriolar	v	0.0004	brail up
abrir	v	2.5962	open
abrirse	v	0.8409	begin
abrochador	nm	0.0993	buttonhook
abrochamiento	nm	0.0000	buttoning
abrochar	v	0.8559	button
abrogable	adj	0.0004	that can be abrogated
abrogación	nf	0.2416	abrogation
abrogar	v	0.3452	abrogate
abrojal	nm	0.0004	thistly ground
abrojín	nm	0.1180	sea snail
abrojo	nm	0.6295	caltrop | thistle | calthrop | caltrap | cheval trap | crow’s foot | galthrap | galtrap
abroma	nm	0.0005	abroma | devil’s cotton
abromar	v	0.0004	become covered with barnacles
abroncar	v	0.4077	annoy
abroquelar	v	0.0000	boxhaul
abrumador	adj	0.2292	crushing | overwhelming | tiresome
abrumadoramente	adv	0.0000	overwhelmingly
abrumar	v	0.7103	overwhelm
abrupción	nf	0.0000	abruption
abruptamente	adv	0.1621	abruptly | brusquely
abrupto	adj	1.1306	abrupt
absceso	nm	0.4636	abscess
abscisa	nf	0.2652	abscissa
abscisión	nf	0.1496	excision
absenta	nf	0.4881	absinthe
absentismo	nm	0.0998	absenteeism
ábside	nm	0.3557	apse | apsis
absinto	nm	0.1472	absinthe
absolución	nf	0.7347	absolution
absolutamente	adv	0.7291	absolutely
absolutismo	nm	0.2361	absolutism
absolutista	adj	0.0258	absolutistic
absolutivo	nm	0.0815	absolutive
absoluto	adj	0.8325	absolute
absolutorio	adj	0.2298	absolutory
absolver	v	0.9337	absolve | acquit
absorbencia	nf	0.2848	absorption
absorbente	adj	0.1928	absorbent
absorber	v	1.0644	absorb
absorbible	adj	0.0531	absorbable
absorbimiento	nf	0.3289	absorption
absorción	nf	0.8701	absorption
absortar	v	0.2739	engross
absorto	adj	0.4886	absorbed | amazed | captivated
abstemio	adj	0.0000	teetotaller | abstemious
abstencionismo	nm	0.0258	abstentionism
abstener	v	0.2454	abstain
abstenerse	v	0.2833	abstain
absterger	v	0.0315	absterge
abstinencia	nf	0.3532	abstinence | teetotalism
abstinente	adj	0.1623	abstinent
abstracción	nf	0.3677	abstraction | absorption
abstraccionismo	nm	0.0773	abstract art
abstractivo	adj	0.0515	abstractive
abstracto	adj	1.0612	abstract
abstraer	v	0.7504	abstract
abstruso	adj	0.4741	abstruse
absurdidad	nf	0.2882	absurdity
absurdo	adj	0.8496	absurd
absurdo	nm	0.8496	absurd
abubilla	nf	0.8396	hoopoe
abubute	nm	0.7685	hoopoe
abuchear	v	0.6696	jeer | hoot
abuela política	loc	0.0561	grandmother-in-law
abuelastro	nmf	0.0446	stepgrandfather
abuelo	nmf	0.2465	pops | grandfather
Abuja	prop	0.1995	Abuja
abulia	nf	0.8856	apathy | aboulia
abúlico	adj	0.2443	apathetic
abulón	nm	0.1304	abalone
abundancia	nf	1.2039	abundance
abundante	adj	0.8606	plentiful | abundant
abundantemente	adv	0.5310	abundantly | plentifully
abundar	v	0.5174	abound
Abundio	prop	0.0386	Abundius
abur	interj	0.4580	goodbye
aburrido	adj	1.0704	boring
aburridor	adj	0.4307	boring
aburrimiento	nm	1.0516	boredom
aburrir	v	1.1793	bore
aburujar	v	0.0002	form lumps
abusar	v	1.4592	abuse
abuso	nm	2.2152	abuse | misuse
abuso de poder	loc	0.0004	abuse of power
abyecto	adj	0.6641	abject
acá	adv	1.3245	here
acá y acullá	loc	0.3452	here and there
acá y allá	loc	0.3452	here and there
acabado	nm	0.0000	finishing
acabado al horno	loc	0.0003	baking finish
acaballado	adj	0.0003	horse like
acabamiento	nm	1.0523	death | conclusion | end
acabar	v	2.3310	complete
acabarse	v	0.5457	run out
acabose	nm	0.2124	height
acacia	nf	0.3379	acacia
academia	nf	1.3604	academy
académico	adj	0.7583	academic | academical | academician
academista	nmf	0.4238	academician
acaecimiento	nm	0.3358	occurrence
acaganeita	nf	0.0000	akaganéite
acalasia	nf	0.0364	achalasia
acalia	nf	0.0005	common marshmallow | marsh mallow | marshmallow
acalicino	adj	0.0182	acalycine
acallar	v	0.8187	silence
acampar	v	0.2561	camp
acanalar	v	0.3354	furrow
acantilado	nm	0.8919	cliff
acantilado	adj	0.9800	steep | sheer | shelving
acantonar	v	0.2096	billet
acaparar	v	0.3223	monopolize | hoard
acapnia	nf	0.0258	acapnia
Acapulco	prop	0.1910	Acapulco
Acapulco de Juárez	prop	0.1614	Acapulco
acaramelar	v	0.2093	caramelize
acariciar	v	0.8735	caress | fondle
acaricida	adj	0.0000	miticide
ácaro	nm	0.3729	mite | Acari
acarofilia	nf	0.0000	acarophily
acarrear	v	0.0006	to carry
acaso	adv	1.2176	perhaps
acatar	v	0.6174	abide by | comply with | obey
acatarrarse	v	0.1123	catch a cold
acatisia	nf	0.0000	acathisia
acaudalado	adj	0.7585	wealthy
acaudillar	v	0.0007	be in command
acceder	v	0.4210	accede
accelerando	nm	0.0000	accelerando
accesar	v	0.5773	to | access
accesible	adj	0.5978	accessible | approachable | attainable
acceso	nm	0.9281	access
accesorio	adj	0.6190	incidental | accessory
accidental	adj	0.7751	accidental
accidentalmente	adv	0.4248	accidentally
accidente	nm	1.1805	accident
accidente laboral	loc	0.0003	occupational accident
acción	nf	2.0421	share | action
accionista	n	0.4886	shareholder | stockholder
acebo	nm	0.0003	holly bush | holly
acebrado	adj	0.3950	zebra
acechador	adj	0.1945	lurker | lurking | stalker
acechante	adj	0.0000	lurking
acechar	v	0.8838	stalk | waylay
acedera	nf	0.2406	common sorrel | sorrel
acederilla	nf	0.1201	red sorrel | sheep's sorrel | birdweed | pigweed
acederón	nm	0.0004	curly dock | yellow dock | fiddle dock
acéfalo	adj	0.1523	leaderless
acefalocisto	nm	0.0258	acephalocyst
acefobia	nf	0.0129	acephobia
aceitar	v	1.2571	oil
aceite de erigeron	loc	0.0002	erigeron oil
aceite de linaza	loc	0.1387	linseed oil
aceite de madera de sándalo	loc	0.0002	sandalwood oil
aceite de oliva	loc	0.6651	olive oil
aceite de ricino	loc	0.2334	castor oil
aceite para chumaceras	loc	0.0002	journal oil
aceite para el encofrado del hormigón	loc	0.0002	concrete form oil
aceite para encofrados	loc	0.0002	form oil
aceite para fibras vegetales	loc	0.0002	batch oil
aceite para hornos	loc	0.0002	furnace oil
aceite para incubadora	loc	0.0002	incubator oil
aceite para instrumentos	loc	0.0002	instrument oil
aceituna	nf	0.9028	olive
aceitunado	adj	1.2700	olive
aceitunero	nm	0.0003	olive picker | olive seller
aceituno	nm	0.0010	olive-tree
aceleración	nf	0.9924	acceleration | speeding up
acelerado	adj	0.0995	buzzed | squiffy | tipsy
acelerador	nm	0.0482	gas pedal | accelerator
acelerador de partículas	nm	0.1986	particle accelerator
acelerar	v	0.8315	accelerate | speed up
acelga	nf	0.6777	chard | Swiss chard
acelomado	adj	0.0000	acelomate
acento	nm	1.9980	accent | stress
acentor	nm	0.2789	dunnock
acentor común	loc	0.2789	dunnock
acentuación	nf	0.1301	accentuation
acentuar	v	1.6884	accent | acentuate
aceña	nf	0.1294	bustle
acepción	nf	1.2466	sense | meaning
aceptabilidad	nf	0.1070	acceptability
aceptable	adj	0.4963	acceptable
aceptación	nf	0.6659	acceptance | acceptation
aceptar	v	1.6993	accept | agree | approve
acequia	nf	1.3278	channel | ditch | stream
acerado	nm	0.3914	pavement
acerbo	adj	0.9232	bitter
acerca de	loc	2.5828	about
acercamiento	nm	0.8847	approach | rapprochement
acercar	v	2.3577	approach | near | drop | give | bring close
acercarse	v	1.1758	approach | come over | go up | drop in | lean towards
acero	nm	1.0623	steel
acero al carbono	loc	0.0482	carbon steel
acero vidriado	nm	0.0002	glassed steel
acérrimo	adj	0.6001	vigorous
acertar	v	1.0622	guess
acertijo	nm	1.1261	enigma | mystery | riddle | situation puzzle
acervar	v	0.2451	collect
acervo	nm	1.3477	heritage | heap
acetábulo	nm	0.1609	acetabulum
acetal	nm	0.0576	acetal
acetaldehído	nm	0.1616	acetaldehyde
acetato	nm	0.2639	acetate
acetato férrico	loc	0.0002	ferric acetate
acetato ferroso	loc	0.0002	ferrous acetate
acetato mercúrico	loc	0.0002	mercuric acetate
acético	adj	0.1056	acetic
acetilación	nf	0.1411	acetylation
acetilar	v	0.0182	acetylate
acetilcolina	nf	0.0618	acetylcholine
acetileno	nm	0.1816	acetylene
acetilo	nm	0.0705	acetyl
acetilsalicílico	adj	0.0288	acetylsalicylic
acetona	nf	0.3606	acetone
acezar	v	0.3009	gasp
achacar	v	0.5806	reproach
achenés	adj	0.1245	Aceh
achicador	adj	0.2111	reducer
achicadura	nf	0.4059	reduction
achicar	v	0.6531	bail
achicarse	v	0.8046	to | shrink
achicharrante	adj	0.0129	scorching
achichinar	v	0.3873	scorch | singe
achicoria	nf	1.4081	chicory
achicoria común	loc	1.2838	chicory
achirlar	v	0.1498	dilute
achís		0.3110	achoo
achocar	v	0.4239	throw
achocolatado	adj	0.7426	chocolate | chocolatey | chocolaty
achogcha	nf	0.2796	lady's slipper | sparrow gourd | slipper gourd
achojcha	nf	0.2796	lady's slipper | sparrow gourd | slipper gourd
achokcha	nf	0.2796	lady's slipper | sparrow gourd | slipper gourd
achuela	nf	0.1659	adze
achujcha	nf	0.2796	lady's slipper | sparrow gourd | slipper gourd
achura	nf	0.5967	offal
achurar	v	0.4881	disembowel | gut | eviscerate
aciago	adj	1.0216	unhappy
aciano	nm	0.5376	cornflower | European centaury
acicalamiento	nm	0.3109	dressing
acicalar	v	0.4310	embellish
acicate	nm	1.0684	spur | incentive
acíclico	adj	0.1262	acyclic
acidaque	nm	0.1453	earnest money
acidez	nf	0.6519	acidity
acidificar	v	0.1262	acidify
acidímetro	nm	0.0657	acidimeter
ácido	adj	3.2190	sour | acid
ácido	nm	3.3614	acid
ácido acetilsalicílico	loc	0.1886	acetylsalicylic acid
ácido alendrónico	loc	0.0315	alendronic acid
ácido aspártico	loc	0.0854	aspartic acid
ácido cafeico	loc	0.0002	cáffeic acid
ácido caliente	loc	0.0002	hot .acid
ácido clorhídrico	loc	0.1659	hydrochloric acid
ácido desoxirribonucleico	loc	0.5372	deoxyribonucleic acid
ácido glicólico	loc	0.0446	glycolic acid
ácido ribonucleico	loc	0.3439	ribonucleic acid
acidosis	nf	0.1387	acidosis
acidular	v	0.0407	acidulate
acierto	nm	0.7386	success | skill | prudence | coincidence
ácigos	nf	0.0000	azygos
acilo	nm	0.0773	acyl
acimut	nm	0.4867	azimuth
acinesia	nf	0.0892	akinesia | akinetic
acinete	nm	0.0531	akinete
acino	nm	0.0002	acine
aclamación	nf	0.2216	acclamation
aclamado	adj	0.0407	acclaimed
aclamar	v	0.6935	acclaim
aclaración	nf	0.5452	clarification
aclarado	nm	0.3940	rinse
aclarar	v	1.0708	clarify | clar
aclimatar	v	0.0628	acclimate
aclorhidria	nf	0.0258	achlorhydria
aclorhídrico	adj	0.0129	achlorhydric
aclorófilo	adj	0.0182	achlorophyllous
acmé	n	0.2562	acme
acné	nm	0.9500	acne
acobardar	v	0.4789	daunt
acobardarse	v	0.4220	cower
acobrado	adj	0.0003	copperlike
acogedor	adj	0.8289	warm | welcoming
acoger	v	1.3969	receive | welcome | shelter
acolia	nf	0.0182	acholia
acollador	nm	0.2384	lanyard
acollonar	v	0.0000	put the wind up
acometida	nf	1.3768	attack | connection
acomodación	nf	0.6916	accommodation
acomodador	adj	0.5213	usher
acomodador	nmf	0.5213	usher
acomodarse	v	0.5516	accommodate
acompañado	adj	0.0003	accompagnied
acompañado	nm	0.2792	between
acompañamiento	nm	0.5587	accompaniment | side dish
acompañar	v	0.7971	accompany
acondicionamiento	nm	0.0705	conditioning
acondicionar	v	0.9883	prepare | arrange
acondroplasia	nf	0.0773	achondroplasia
acónito	nm	0.6632	aconite | monkshood
aconsejable	adj	0.1886	advisable
aconsejar	v	1.0092	advise
acontecer	v	1.3193	happen
acontecimiento	nm	1.1929	event
acopiar	v	0.4650	gather
acopio	nm	0.3073	gathering
acoplar	v	0.7341	couple
acorazamiento	nm	0.0129	armour
acorazar	v	0.0315	armour
acorazonado	adj	0.1502	heart-shaped
acordar	v	0.7420	agree | grant
acordarse	v	1.1336	remember
acorde	nm	0.4949	chord
acordeón	nm	0.7948	accordion
acordonar	v	0.1222	cordon off
acorralar	v	0.8315	corner | round up | corral
acortar	v	0.9818	shorten | reduce
acosar	v	1.1002	harass | harry | hound
acoso	nm	0.3279	harassment
acostar	v	0.9545	lay
acostarse	v	0.2592	go to bed | lie down
acostumbrado	adj	0.8347	usual
acostumbrar	v	0.5111	accustom
acostumbrarse	v	0.6038	get used
acotar	v	0.4283	enclose
acotiledón	adj	0.0446	acotyledon
acotiledóneo	adj	0.0682	acotyledonous
Acra	prop	0.3825	Accra
acracia	nf	0.0000	acracy
Acre	prop	0.3258	Acre | Acco
acrecentar	v	0.5244	accrue
acrecer	v	0.5112	accrue
acreción	nf	0.2185	accretion
acreditar	v	0.2124	accredit
acreedor	nmf	0.4981	creditor
acreedor	adj	0.2588	deserving
acribillar	v	0.8388	riddle | pepper | badger
acritarco	nm	0.0315	acritarch
acríticamente	adv	0.0129	acritically
acrítico	adj	0.0182	acritical
acritud	nf	0.5745	bitterness | sharpness | acridness
acroamático	adj	0.0311	acroamatic
acrobacia	nf	0.2463	acrobatics
acróbata	n	0.4266	acrobat
acrobático	adj	0.0976	acrobatic
acrocárpico	adj	0.0000	acrocarpous
acrocefalia	nf	0.0129	acrocephaly
acrocéntrico	adj	0.0258	acrocentric
acrocianosis	nf	0.0499	acrocyanosis
acroestecia	nf	0.0000	acroaesthesia
acrofobia	nf	0.3624	acrophobia
acroleína	nf	0.0604	acrolein
acromatizar	v	0.0364	achromatize
acromaturia	nf	0.0000	achromaturia
acromía	nf	0.0364	achromia
acromial	adj	0.1006	acromial
acromio	nm	0.2061	acromion
acromion	nm	0.2061	acromion
acrónimo	nm	0.3215	acronym
acrópolis	nf	0.1957	acropolis
acróstico	adj	0.2860	acrostic
acrotera	nf	0.0000	acroterion
acta	nf	0.2410	minutes
actina	nf	0.0427	actin
actinia	nf	0.0315	actinia
actínico	adj	0.0407	actinic
actinio	nm	0.9417	actinium
actinismo	nm	0.1056	actinism
actinolita	nf	0.0929	actinolite
actinómetro	nm	0.0892	actinometer
actinomicetos	nm	0.0000	actinomycetes
actinomicina	nf	0.0315	actinomycin
actinomicosis	nf	0.0682	actinomycosis
actitud	nf	1.0478	attitude
activación	nf	0.2260	activation
activador	adj	0.0911	activator
activar	v	0.5546	activate
actividad	nf	0.9744	activity
activismo	nm	0.1835	activism
activista	nmf	0.4232	activist
activo	adj	0.7705	active | activists | brisk
activo fijo	loc	0.0998	fixed asset
acto	nm	1.0419	act
acto ilocutorio	loc	0.0000	illocutionary act
acto locutivo	loc	0.0004	locutionary act
actor	nmf	2.7655	actor | actress | claimant
Actos de los Apóstoles	loc	0.8735	Acts of the Apostles
actuación	nf	0.6141	performance
actual	adj	1.7816	present | current | ongoing
actualidad	nf	1.6081	present | topicality
actualización	nf	0.4032	update
actualizar	v	0.9734	update
actualmente	adv	0.3519	at present
actuarial	adj	0.0386	actuarial
actuario	nmf	0.1262	actuary
acuafaba	nf	0.0407	aquafaba
acuarela	nf	0.0000	watercolor | watercolour
acuario	nm	0.8403	aquarium | tank
acuario	adj	0.0675	aquarian
acuático	adj	0.5677	aquatic
acuatizaje	nm	0.5823	landing | touchdown | alighting
acuchillar	v	0.6616	stab
acuciante	adj	0.1301	urgent
acuciar	v	0.6028	excite | incite | provoke | hurry up | stimulate
acucioso	adj	0.3969	anxious | solicitous | diligent | painstaking
acuclillarse	v	1.1708	squat | crouch | huddle
acudir	v	0.7768	attend | hasten
acueducto	nm	0.3697	aqueduct
acuerdo	nm	1.8140	agreement
acúfeno	nm	0.1396	tinnitus
acuicultura	nf	0.1689	aquaculture
acuidad	nf	0.1442	acuity
acuífero	adj	0.5912	aquifer | aquiferous
Aculco	prop	0.0004	Aculco
aculturación	nf	0.2073	acculturation
acumulación	nf	0.5137	accumulation
acumulador	nm	0.2155	accumulator
acumulador	adj	0.2155	accumulator
acumular	v	0.6507	accumulate
acúmulo	nm	0.4748	accumulation
acuñación	nf	0.0482	coining
acuñar	v	1.0028	coin
acuosidad	nf	0.0440	wateriness | aquosity
acuoso	adj	0.3864	aqueous | watery
acupuntura	nf	0.5501	acupuncture
acurrucarse	v	0.3508	snuggle
acusación	nf	0.4667	accusation
acusar	v	0.9457	accuse
acusativo	nm	0.6537	accusative | accusative case
acústica	nf	0.4491	acoustics
acústico	adj	0.2561	acoustic
acutángulo	adj	0.1036	acute-angled
Ada	nf	0.0000	Ada
adafenoxato	nm	0.0000	adafenoxate
adagio	nm	0.4163	adage
Adalberto	prop	0.0946	Ethelbert | Adalbert
adalid	nm	0.5598	commander
Adán	prop	1.1907	Adam
adánico	adj	0.0644	Adamic
adaptabilidad	nf	0.1434	adaptability
adaptable	adj	0.5480	adaptable
adaptación	nf	0.5527	adaptation
adaptador de red	nm	0.0964	network card | network interface card | LAN adapter | network adapter | network interface controller
adaptar	v	1.1994	adapt
adaptativo	adj	0.0182	adaptative | adaptive
Addis Abbaba	prop	0.4310	Addis Ababa
Addis Abeba	prop	0.4310	Addis Ababa
adecentar	v	0.0002	make decent
adecuación	nf	0.2932	adequacy
adecuadamente	adv	0.3367	adequately
adecuar	v	0.6445	adapt
adefesio	nm	0.4534	absurdity
Adela	prop	0.1229	Ethel | Ada | Adela
Adelaida	prop	0.2880	Adelaide
adelante	adv	1.0382	forward
adelante	interj	0.8955	keep | come in
adelfopoiesis	nm	0.0815	adelphopoiesis
ademán	nm	0.7859	gesture
ademar	v	0.2580	prop | shore
además	adv	1.6139	besides
Adén	prop	0.3186	Aden
Adena	prop	0.0000	WWF
adenda	nf	0.1305	addendum
adenocarcinoma	nm	0.1046	adenocarcinoma
adenopatía	nf	0.0546	lymphadenopathy
adenosín trifosfato	loc	0.2864	adenosine triphosphate
adenosina	nf	0.2189	adenosine
adentellar	v	0.3681	bite
adentrarse	v	0.0341	go into
aderezo	nm	0.5625	decoration | seasoning
adermatoglifia	nf	0.0546	adermatoglyphia
adesivo	nm	0.1163	adessive
adeudar	v	0.2917	debit
adherir	v	1.8309	stick
adhesivo	nm	0.9184	sticker
adiabático	adj	0.1115	adiabatic
adicción	nf	0.5175	addiction
adición	nf	1.1380	addition
adicional	adj	0.2838	additional
adicionalmente	adv	0.3535	additionally
adicionar	v	0.6605	add
adicto	adj	0.9950	addict | fond | follower | attached
adiestrador	adj	1.2733	trainer
adiestrador	nmf	0.6532	tamer
adimensional	adj	0.0589	adimensional
adinamia	nf	0.0546	adynamia
adinerado	adj	0.8915	wealthy | rich
adipocira	nf	0.0482	adipocere
Adís Abeba	prop	0.5760	Addis Ababa | Addis Abeba
aditivo	nm	0.1483	additive
aditivo alimentario	loc	0.3147	food additive
adive	nm	0.1326	golden jackal
adivinación	nf	0.7522	divination | foretelling
adivinador	adj	0.5181	diviner
adivinanza	nf	0.8947	riddle
adivinar	v	1.5040	divine | guess | foretell
adivinatorio	adj	0.0933	divinatory
adivino	nmf	0.3862	diviner | foreteller | seer
adjetival	adj	0.1472	adjectival
adjetivar	v	0.3154	adjective
adjudicación	nf	0.0000	adjudging
adjudicar	v	0.6205	award
adjuntar	v	0.3655	enclose
adjunto	adj	0.2148	attached
adlativo	nm	0.0515	allative
administración	nf	0.6082	administration
administrador	adj	1.6531	administrator | manager
administrar	v	0.7499	administer
administrativo	adj	0.4212	administrative
admirable	adj	0.4666	admirable
admiración	nf	0.5385	admiration
admirador	adj	1.3601	fan | admirer | follower
admirar	v	0.2318	admire
admisible	adj	0.2786	admissible
admisión	nf	0.2116	admission | intake
admitancia	nf	0.1487	admittance
admitir	v	1.0843	admit | accept | acknowledge | allow | tolerate
admonición	nf	0.3940	admonition | warning | rebuke
admonitorio	adj	0.0569	admonitory
adnato	adj	0.0631	adnate
adobar	v	0.8202	tan
adobe	nm	0.5442	adobe
adocenado	adj	0.6033	average | ordinary
adoctrinar	v	0.1688	indoctrinate
adolescencia	nf	0.5388	adolescence
adolescente	adj	1.5285	adolescent | teenager
Adolfo	prop	0.0000	Adolf | Adolph
Adonai	prop	0.0446	Adonai
adonde	adv	1.6865	where | if
adónde	adv	1.4288	where
adondequiera	adv	0.4658	wherever
adopción	nf	0.4299	adoption
adopcionismo	nm	0.0003	Adopcionism
adoptable	adj	0.0576	adoptable
adoptar	v	0.6857	adopt
adoquín	nm	0.2079	cobblestone | flagstone
adoquinar	v	0.3102	pave
adorable	adj	0.2673	adorable
adorablemente	adv	0.0773	adorably
adoración	nf	0.4741	adoration
adorador	adj	0.3288	admirer | admiring | adorer | adoring | worshipper | worshipping
adormecer	v	2.2086	sleep | soothe | numb
adormilarse	v	0.1766	drowse
adornar	v	0.6340	adorn
adornarse	v	0.4083	adorn
adposición	nf	0.1839	affair
adpreso	adj	0.0000	adpressed | appressed
adquirente	adj	0.0631	acquisitor
adquirible	adj	0.0631	acquirable
adquirir	v	0.8849	acquire
adquisición	nf	0.2663	acquisition
adquisitivo	adj	0.0762	acquisitive
adragante	adj	0.0000	adragant
adraganto	nm	0.3380	milkvetch
adrede	adv	0.5628	on purpose
adrenalina	nf	0.3173	adrenaline | epinephrine
Adriana	prop	0.1953	Adrian
Adriático	prop	0.4168	Adriatic Sea | Adriatic
adrizar	v	0.1584	upright
adscribir	v	0.3935	attribute | assign
adstrato	nm	0.0657	adstratum
adstricción	nf	0.0129	adstriction
aduana	nf	0.5841	customs | duty
aduanero	nmf	0.5067	customs officer
aduar	nm	0.0000	douar
adufe	nm	0.1228	tambourine
adujar	v	0.3095	roll up
adulación	nf	0.6778	flattery
adulador	adj	0.8587	flatterer | flattering
adular	v	1.0432	flatter
adularescencia	nf	0.0386	adularescence
adulteración	nf	0.1038	adulteration
adulterante	adj	0.0993	adulterant
adulterar	v	0.3760	adulterate
adulterio	nm	0.5445	adultery
adultescente	adj	0.0815	adultescent | adultolescent | kidult
adultez	nf	0.1366	adulthood
adultismo	nm	0.0446	adultism
adulto	adj	1.2639	adult
adultocentrismo	nm	0.0000	adultcentrism
adumbración	nf	0.0998	grayling
adunco	adj	0.4393	crooked
adustión	nf	0.0315	adustion
adusto	adj	0.2442	austere
advección	nf	0.0835	advection
advenedizo	adj	1.2689	foreign | upstart
advenir	v	0.3061	advent
adventual	adj	0.0129	adventual
adverbial	adj	0.2045	adverbial
adverbializarse	v	0.0493	adverbialize
adverbio	nm	0.9767	adverb
adversario	nmf	0.8111	adversary
adversativo	adj	0.0729	adversative
adversidad	nf	0.8422	adversity
advertencia	nf	0.9486	warning
advertir	v	0.9624	warn | observe
adviento	nm	0.9311	Advent
adyacencia	nf	0.0815	adjacency
adyacente	adj	0.4518	adjacent
Adzaria	prop	0.0000	Adzharia
aedo	nm	0.3273	aoidos | bard
aéreo	adj	0.3967	aerial
aerífero	adj	0.0315	aeriferous
aeriforme	adj	0.0498	aeriform
aerobic	nm	0.0946	aerobics
aeróbic	nm	0.0946	aerobics
aeróbico	adj	0.1235	aerobic
aerobio	adj	0.1513	aerobic | aerobe
aerobiología	nf	0.0604	aerobiology
aerobiosis	nf	0.0546	aerobiosis
aeroclub	nm	0.0000	aero club
aerodeslizador	nm	0.2955	hovercraft
aerodinámica	nf	0.6101	aerodynamics
aerodinámico	adj	0.0892	aerodynamic
aerodinamizar	v	0.2473	streamline
aerodino	nm	0.0815	aerodyne
aeródromo	nm	0.3224	aerodrome
aerofaro	nm	0.0000	aerobeacon
aerofobia	nf	0.2677	aerophobia | fear of flying
aerófobo	adj	0.0223	aerophobic
aerogel	nm	0.0499	aerogel
aerognosia	nf	0.0005	aerognosy
aerografía	nf	0.0815	areography
aerógrafo	nm	0.1262	airbrush
aerograma	nm	0.0864	aerogram
aerolínea	nf	0.4185	airline
aerolito	nm	0.3375	meteorite
aeromancia	nf	0.1137	aeromancy
aeromodelismo	nm	0.0364	aeromodelling
aeromodelista	adj	0.0364	aeromodeller
aeromodelo	nm	0.3142	aircraft | model aircraft
aeromóvil	nm	0.1987	aircraft
aeronauta	n	0.2039	aeronaut | airman
aeronáutico	adj	0.0815	aeronautical | aeronautic
aeronave	nf	0.6407	aircraft
aeronomía	nf	0.0258	aeronomy
aeroparque	nm	0.3021	airport | jetport
aeroplano	nm	0.0647	aeroplane | plane
aeroportuario	adj	0.3021	airport
aeropuerto	nm	1.1895	airport
aerostación	nf	0.0000	aerostation
aerostática	nf	0.0682	aerostatics
aerostato	nm	0.2569	aerostat
aerostero	nmf	0.4903	airman
aerotaxi	nm	0.1022	air taxi
aerotermia	nf	0.0002	aerothermy
aerotérmico	adj	0.0288	aerothermal
aerotransportar	v	0.0003	transport by air
aerotrén	nm	0.0129	hovertrain
aerovía	nf	0.1704	airway
afabilidad	nf	0.3805	affability | pleasantness
afable	adj	0.8286	affable
afablemente	adv	0.0288	affably
Afamia	prop	0.0005	Afamia | Apamea | Aphamia
afán	nm	1.0394	anxiety | care
afanita	nf	0.0933	amphibolite | aphanite
afanítico	adj	0.0446	aphanitic
afanoso	adj	0.8622	tough | eager
afasia	nf	0.2747	aphasia
afear	v	1.1366	censure | uglify
afección	nf	0.7341	affection
afectación	nf	0.3766	affectation
afectar	v	0.9976	affect | affected
afectivo	adj	0.1759	affective
afecto	nm	0.8145	chemistry | affection
afectuosamente	adv	0.0407	affectionately
afectuosidad	nf	0.5374	affection
afectuoso	adj	0.5698	affectionate
afeitada	nf	0.4113	shave
afeitado	nm	0.7022	shave
afeitador	nmf	0.1194	shaver
afeitadora	nf	1.1843	razor
afeitar	v	0.8600	shave
afeite	nm	0.4965	shave
afelio	nm	0.2639	aphelion
afeminación	nf	0.0311	effemination
afeminado	adj	0.9415	effeminate | womanish
afeminar	v	0.1472	feminize | féminiser
aferencia	nf	0.0182	afference
aféresis	nf	0.0000	aphaeresis | apheresis
aferrar	v	0.5832	grasp
afervorizar	v	0.2070	inflame
affidávit	nm	0.1235	affidavit
Afganistán	n	1.2327	Afghanistan
afgano	adj	0.7597	Afghan
afianzar	v	1.1784	grasp | guarantee | cling
afichar	v	0.6760	post
afiche	nm	0.5927	poster
afición	nf	1.1639	hobby | fondness | fans
afijo	nm	0.5063	affix
afilado	adj	1.9769	sharp
afilador	nmf	0.0009	knife-grinder
afiladora	nf	0.0003	knife-grinder
afilalápices	nm	0.5155	pencil sharpener
afilamiento	nm	0.0446	narrowing
afilar	v	0.7407	sharpen | make pointed
afiliar	v	0.3914	affiliate
afín	adj	0.3213	compatible | affine
afinador	nm	0.3611	tuner
afinar	v	0.4920	grant
afinidad	nf	0.6429	affinity
afirmación	nf	0.2957	affirmation
afirmar	v	0.5963	affirm | assert
afirmativamente	adv	0.0386	affirmatively
aflechado	adj	0.0002	arrow-like
aflicción	nf	0.7765	affliction | sadness
aflictivo	adj	0.1222	afflictive
afligido	adj	0.1639	afflicted
afligimiento	nm	0.3299	affliction | sadness
aflojamiento	nm	0.0000	loosening
aflojarse	v	0.0006	get sloppy
aflorar	v	0.4248	arise | emerge
afluencia	nf	0.3260	affluence
afluente	nm	0.8654	tributary | affluent
afonía	nf	0.1338	aphonia
aforar	v	0.2180	calibrate
aforismo	nm	0.4611	aphorism
aforístico	adj	0.0556	aphoristic
aforo	nm	0.4592	capacity | collateral security margin
afortunadamente	adv	0.1377	fortunately
afortunado	adj	1.0117	fortunate | lucky
afótico	adj	0.1137	aphotic
afrechero	nm	0.0539	rufous-collared sparrow
afrenta	nf	0.9235	affront
afrentar	v	0.7505	affront
África	n	2.1148	Africa
africado	adj	0.0815	affricate
africanismo	nm	0.0288	Africanism
africano	adj	0.7322	African
afrikáans	nm	0.7571	Afrikaans
afro	nm	0.0997	afro
afroamericano	adj	0.0315	Afro-American
afrodisíaco	adj	0.3139	aphrodisiac
Afroeurasia	n	0.1131	Afro-Eurasia
afrontamiento	nm	0.0515	coping
afrontar	v	1.7768	face
afta	nf	0.0682	aphtha
afuera	adv	1.1460	outside
afufarlas	loc	0.1416	beat it
afumar	v	0.4115	smoke
agachadiza	nf	0.5914	snipe
agachar	v	1.0204	lower | duck
agacharse	v	1.1751	duck
agalactia	nf	0.0758	agalactia
agalla	nf	1.2698	gall | courage | guts | gills
agallas	nf	0.6944	confidence
agamí	nm	0.1752	agami | grey-winged trumpeter
Agaña	prop	0.0005	Hagatna
agapanto	nm	0.0258	African lily
agárico	adj	0.0002	Agaricus
agarradero	nm	0.6410	handle
agarrar	v	1.6659	catch
agarrotar	v	0.2643	strangle
agasajar	v	0.4342	lavish
ágata	nf	0.4737	agate
agateador	nm	0.0751	treecreeper
agavanzo	nm	0.0005	dog-rose
agave	nm	0.6071	century plant
agave americana	nm	0.1209	agave
agavillador	nmf	0.1598	reaper | gatherer
agavilladora	nf	0.1130	reaper
agazapar	v	0.4879	catch
agencia	nf	0.7914	agency
agencia de viaje	loc	0.1249	travel agency
agenciar	v	0.1687	provide
agenda	nf	0.8495	agenda
agendar	v	0.3438	schedule
agenesia	nf	0.1093	agenesis
agente	adj	0.6518	agent
agente inmobiliario	loc	0.0004	real estate broker | realtor
Ageo	prop	0.6204	Haggai
ageusia	nf	0.1866	ageusia | ageustia
agigantar	v	0.2070	enlarge
ágil	adj	0.6276	agile | nimble
agilidad	nf	0.3381	agility | nimbleness
agilizar	v	0.2441	speed up | expedite
agio	nm	0.3728	agio | premium
agiotaje	nm	0.0000	agiotage
agitación	nf	0.6503	agitation
agitar	v	0.8335	agitate | shake
agitarse	v	1.2733	wave
aglomeración	nf	0.3039	agglomeration
aglomerar	v	0.1917	agglomerate
agnación	nf	0.0682	agnation
agnado	adj	0.1208	agnate
agnaticio	adj	0.0493	agnatic
agnición	nf	0.0000	agnition
agnocasto	nm	0.3183	chaste tree
agnombre	nm	0.5349	nickname | agname
agnomento	nm	0.5349	nickname | agname
agnominación	nf	0.0000	agnomination
agnosticismo	nm	0.4789	agnosticism
agnóstico	adj	0.5750	agnostic
agnotología	nf	0.1338	agnotology
agobiar	v	0.7553	overwhelm
agolparse	v	0.4869	flock
agonal	adj	0.0482	agonal
agonía	nf	0.2168	agony
agonista	adj	0.1093	agonist
agonizar	v	0.0997	agonize
ágora	nf	0.0933	agora
agorafobia	nf	0.3251	agoraphobia
agorar	v	0.4822	predict
agostar	v	0.3208	scorch
agosto	nm	1.5237	August
agotado	adj	0.8121	exhausted
agotamiento	nm	0.6675	exhaustion | depletion
agotar	v	1.6754	empty | exhaust
agraciar	v	0.5388	award | beautify
agracillo	nm	0.0016	European barberry
agradable	adj	1.5118	pleasant | agreeable | nice
agradablemente	adv	0.2731	agreeably | pleasingly
agradar	v	2.0581	please
agradecer	v	0.6109	thank
agradecimiento	nm	0.5635	thankfulness | gratefulness | gratitude
agrado	nm	1.0159	pleasure
ágrafo	adj	0.3753	illiterate | agraphic
agramadera	nf	0.1854	mack
agramar	v	2.4417	beat | drub | thrash
agramatical	adj	0.1108	ungrammatical
agramaticalidad	nf	0.0000	ungrammaticality
agrandamiento	nm	0.2497	enlargement
agrandar	v	0.5656	enlarge
agrario	adj	0.3627	agrarian | agricultural
agrarismo	nm	0.0576	agrarianism
agravamiento	nm	0.2744	aggravation | worsening
agravar	v	0.5971	aggravate
agraviador	adj	0.4168	insulting | grieving
agraviante	adj	0.3720	insulting | offender | grieving
agraviar	v	1.3209	insult | offend | wrong | grieve
agravio	nm	0.7163	grievance
agredir	v	0.4677	assault
agregación	nf	0.2862	aggregation
agregar	v	0.8341	aggregate | add
agregarse	v	0.2417	add
agremiar	v	0.0000	unionise
agresión	nf	0.5743	aggression
agresivamente	adv	0.1466	aggressively
agresividad	nf	0.4416	aggressiveness | aggression
agresivo	adj	0.5919	aggressive
agresor	adj	0.3403	aggressor
agreste	adj	0.0000	agrestic
agriamente	adv	0.1363	bitterly | sourly
agrícola	adj	0.2661	agricultural
agricultor	nmf	0.5512	farmer
agricultura	nf	1.8729	agriculture | farming
agridulce	adj	0.0000	sweet and sour
agrietar	v	0.7181	crack
agrimensor	nm	0.3018	surveyor
agrimensura	nf	0.1187	surveying
agringarse	v	0.0000	Americanise
agrio	adj	0.6162	flashy
agripalma	nf	0.0618	motherwort
agrisar	v	0.4206	gray | grey
agroindustria	nf	0.0515	agroindustry
agrología	nf	0.0815	agrology
agronomía	nf	0.2206	agronomy
agronómico	adj	0.1022	agronomic
agrónomo	nmf	0.1513	agronomist
agroturismo	nm	0.0705	agritourism
agrupación	nf	1.0828	group | grouping
agrupar	v	1.0828	group
agruparse	v	0.9128	group
agua	nf	16.9171	water
agua bendita	loc	0.1932	holy water
agua manantial	loc	0.1699	springwater
agua regia	loc	0.3902	aqua regia
agua termal	loc	0.1791	hot spring
aguacate	nm	2.7046	avocado | avocado fruit | alligator pear
aguacatero	adj	0.0007	avocado tree
aguacero	nm	1.1846	downpour | heavy shower
aguada	nf	0.0009	water colours | watering
aguadura	nf	0.0631	laminitis
aguafiestas	nmf	0.6428	spoilsport | killjoy
aguafuerte	nmf	0.3207	etching
aguaitacaimán	nm	0.0223	green heron
aguamanil	nm	0.6679	ewer | sink
aguanieve	nf	0.3597	sleet
aguantable	adj	0.1152	bearable
aguantar	v	2.8403	endure | sustain | hold
aguantavelas	n	0.1048	third wheel
aguar	v	0.2326	water down
aguará guazú	loc	0.1928	maned wolf
aguardar	v	1.2675	await | wait
aguardiente	nm	0.8090	booze | hard liquor | schnaps
aguarrás	nm	0.2859	turpentine
aguas	nf	0.0446	waters
aguas	interj	0.0004	beware!
aguas negras	loc	0.1955	wastewater | blackwater
Aguascalientes	prop	0.0804	Aguascalientes
aguatinta	nf	0.2155	aquatint
agudeza	nf	0.6860	sharpness
agudizar	v	0.6694	sharpen
agudo	adj	0.8515	subtle
agüero	nm	0.4763	accidental
aguijón	nm	1.7873	sting | drive | spur | awl
aguijonear	v	0.0311	spur on
águila	nf	2.1072	eagle
aguilucho chico	loc	0.0874	white-throated hawk | white throated hawk
aguilucho de cola rojiza	loc	0.3067	red-tailed hawk | rufous tailed hawk | rufous-tailed buzzard | rufous-tailed hawk | red-tailed buzzard
agüío	nm	0.0002	spot-crowned euphonia
aguja	nf	2.2598	needle
agujas micropigmentación	nf	0.0002	permanent make up needles
agujerar	v	0.2897	drill
agujerear	v	1.5915	hole
agujero	nm	2.6841	hole
agujero negro	loc	0.7001	black hole
agur	interj	2.2899	goodbye
Agustín	prop	0.2601	Augustine
agustinianismo	nm	0.0000	Augustinianism
agustiniano	adj	0.1502	Augustinian
agustinismo	nm	0.0000	Augustinianism
agustino	adj	0.1282	Augustinian
agutí	nm	0.2626	agouti
aguzanieves	nf	0.5252	wagtail
aguzar	v	0.8002	intensify | sharpen | whet
ah ah	interj	0.0182	uh-uh
aherrojar	v	0.8501	fetter | oppress
ahí	adv	0.8276	here | there
ahincadamente	adv	0.0876	eagerly
ahistoricismo	nm	0.0223	ahistoricism
ahogadero	nm	0.3829	rope | throatband
ahogar	v	0.9696	drown | suffocate | stifle
ahogarse	v	0.5853	drown
ahondar	v	0.3406	deepen
ahora	adv	1.6040	now
ahorcamiento	nm	0.2182	hanging
ahorcar	v	1.2650	hang | block
ahormar	v	0.1827	adjust
ahornagarse	v	0.0005	gat parched
ahorrar	v	1.6190	save
ahuehuete	nm	0.0000	Montezuma cypress
ahuizotar	v	0.4994	annoy | bother | tease | trouble
ahuyentar	v	0.2081	scare off
aimara	adj	1.0367	Aymara
aine	nm	0.0003	ayni
ainu	adj	0.6204	Ainu
airadamente	adv	0.0311	irately
airar	v	0.3985	anger | to
airarse	v	0.6883	angry | to get
airbag	nm	0.1668	airbag
aire	nm	4.0517	air | appearance | look | sight | expression | mien
airón	nm	0.2865	heron
aislacionismo	nm	0.1242	isolationism
aisladamente	adv	0.0000	in isolation
aislador	adj	0.1355	insulating | insulator
aislamiento	nm	0.6173	isolation | insulation
aislar	v	0.7082	isolate | insulate
aj	nm	0.6976	ailment | malady
ajar	v	0.9635	rake
ajedrea	nf	0.5361	savory
ajedrecista	n	0.4618	chess player
ajedrez	nm	1.2535	chess
ajedrezado	adj	0.2971	checkered | chequered
ajenabe	nf	0.0000	black mustard | chou noir
ajenjo	nm	0.8658	absinthe | wormwood
ajeno	adj	1.5338	alien
ajerezado	adj	0.0129	sherrylike
ají	nm	0.0000	chilli
ajipa	nf	0.0004	Andean yam bean
ajo	nm	1.3298	garlic
ajolote	nm	0.6068	axolotl
ajonjear	v	0.2103	pamper
ajonjolí	nm	0.5857	sesame
ajoporro	nm	1.1140	leek
ajotrino	nm	0.0864	wild leek
ajuar	nm	0.3715	trousseau
ajustable	adj	0.0773	adjustable
ajustada	nf	0.2531	accommodation
ajusticiar	v	0.7046	execute
akaganeita	nf	0.0000	akaganéite
akí	nm	0.0000	achee
Akka	prop	0.0012	Acco | Acre
al corriente	loc	0.9936	current | up to date | up-to-date
al día	loc	0.1146	up to date | up-to-date
al lado	loc	0.1985	next to
al mismo tiempo	loc	0.4500	at the same time
al pie del cañón	loc	0.0799	at the ready
al punto	loc	0.0352	straight away
al rojo	loc	0.0002	red hot iron
al rojo vivo	loc	0.0002	red hot iron
al tiro	loc	0.6930	immediately
ala	nf	0.9343	brim
Alá	prop	1.7340	Allah
alabable	adj	0.3958	laudable | praiseworthy
Alabama	n	0.1876	Alabama
alabanza	nf	1.4781	praise
alabar	v	1.6148	praise
alabarda	nf	0.4012	halberd
alabastro	nm	0.1146	alabaster
alacena	nf	0.7776	cupboard
alacha	nf	0.0007	round sardinella
alache	nf	0.0005	round sardinella
alacrán cebollero	loc	0.1446	European mole cricket
alacridad	nf	0.3232	alacrity
aladierna	nm	0.0007	italian buckthorn
aladierno	nm	0.0007	italian buckthorn
alado	adj	0.3572	winged
aladroque	nm	0.0005	european anchovy
alalia	nf	0.0407	alalia
alamar	nm	0.0446	trimming
alambicar	v	0.2550	distil
alambique	nm	1.3056	still
alambre	nm	0.8464	wire
alambre de púa	loc	0.1695	barbed wire
alambrera	nf	0.0005	wire screen
álamo	nm	0.5714	poplar
álamo negro	loc	0.2922	black poplar | lombardy poplar
álamo temblón	loc	0.9824	aspen | Eurasian aspen | European aspen | common aspen | American aspen | golden aspen | mountain aspen | popple
alanceador	adj	0.0129	spearing
Aland	prop	0.2150	Åland
alanina	nf	0.1014	alanine
alano	n	0.0000	alans
alardear	v	1.6090	brag | vaunt | boast
alargado	adj	0.2062	lengthened
alargar	v	0.7568	lengthen
alarido	nm	0.1947	howl
alarife	nm	0.8494	smart | architect
alarma	nf	0.4232	alarm
alarmante	adj	0.2131	alarming
alarmar	v	0.2116	alarm
Alaska	n	0.1881	Alaska
alaterno	nm	0.0007	mediterranean buckthorn | italian buckthorn
alativo	nm	0.1363	allative
alativo	adj	0.1363	allative
alazán	adj	0.0823	Fox
alba	nf	3.1007	dawn | alb
albacea	nm	0.1761	executor
albacorón	nm	0.0004	african mustard
albahaca	nf	0.7404	basil
albanés	nm	0.0007	albanian
albanés	adj	0.8809	Albanian
Albania	n	1.4084	Albania
albano	adj	0.4833	Albanian
albañil	n	0.5919	bricklayer | mason
albañilería	nf	0.3573	masonry
albarcoquero	nm	0.0004	Siberian apricot | Tibetan apricot | ansu apricot
albardón	nm	0.4711	bearing
albarelo	nm	0.0182	albarello
albaricoque	nm	2.5603	apricot | apricot tree
albaricoquero	nm	2.0724	apricot | apricot tree
albarraz	nm	0.2666	stavesacre | lice-bane
albatros	nm	0.2155	albatross
albedo	nm	0.2672	albedo
albéitar	nm	0.5167	veterinarian
albérchiga	nm	1.5417	apricot
albérchigo	nm	1.8332	apricot
alberchiguero	nm	1.6625	apricot | apricot tree
albercoque	nm	1.7867	apricot
albercoquero	nm	1.6945	apricot | apricot tree
alberge	nm	1.2069	apricot
albergero	nm	1.4892	apricot | apricot tree
albericoque	nm	1.5417	apricot
Alberto	prop	0.5838	Albert
albertosaurio	nm	0.1411	albertosaurus
albinismo	nm	0.1571	albinism
albóndiga	nf	0.6930	meatball
alboquerón	nm	0.0004	african mustard
alborada	nf	0.8773	dawn
alborear	v	0.3634	dawn
alborotar	v	0.9986	stir | disturb | infect
alboroto	nm	1.9344	stir | uproar
alborozador	adj	0.0440	cheering | gladdening
alborozante	adj	0.0440	cheering | gladdening
albricias	n	0.0005	Present
albúmina	nf	0.2049	albumin | albumen
albur	nm	0.3915	pun
alcachofa	nf	1.6703	artichoke | globe artichoke
alcaide	nm	0.4113	governor | prison governor
alcalde	nmf	0.7363	provost
alcalí	nm	0.1959	alkali
álcali	nm	0.5051	alkali
alcalino	adj	0.2302	alkaline
alcallería	nf	0.2040	clay
alcaloide	nm	0.4938	alkaloid
alcalosis	nf	0.0631	alkalosis
alcancía	nf	0.8371	money box | piggy bank | poor box
alcanfor	nm	0.1235	camphor
alcanforar	v	0.0000	camphorate
alcanforero	nm	0.1608	camphor tree
alcanzadizo	adj	0.1880	approachable
alcanzar	v	0.8893	attain | catch up
alcaparra	nm	0.2547	caper
alcaptonuria	nf	0.1027	alkaptonuria | alcaptonuria | black urine disease
alcaravea	nf	1.3270	caraway | carvies | wild cumin
alcatraz	nm	0.4404	booby | gannet | calla lily
alcaudón	nm	0.1706	shrike
alcayata	nf	0.6798	hook
alce	nm	1.0001	moose | elk
alción	nm	0.5656	kingfisher | halcyon
alcista	n	0.1313	speculator
alcoba	nf	1.1131	bedroom | alcove
alcocarra	nf	0.6189	face | grimace
alcofol	nm	0.9247	alcohol
alcohol	nm	1.4377	alcohol
alcohol etílico	loc	0.1407	ethyl alcohol
alcohólico	adj	1.4337	alcoholic
alcoholismo	nm	0.5091	alcoholism
alcor	nm	0.1939	hillock
alcornoque	nm	0.2524	cork oak
alcrebite	nm	0.0000	sulphur
alcurnia	nf	0.6095	lineage
aldaba	nf	0.1654	doorknocker | knocker
aldea	nf	1.4915	hamlet | village
aldea global	loc	0.0546	global village
aldeano	adj	0.5193	villager
Aldebarán	nm	0.1262	Aldebaran
aldehído	nm	0.5913	aldehyde
aldosterona	nf	0.2389	aldosterone
aleación	nf	0.4246	alloy
aleatoriamente	adv	0.1517	randomly
aleatorio	adj	1.1389	random | aleatory
alebrije	nm	0.0003	alebrije
alectomancia	nf	0.0364	alectryomancy | alectoromancy
álef	nmf	0.3955	aleph
alegar	v	0.3251	allege
alegato	nm	1.2215	argument | plea | allegation
alegoría	nf	0.2503	allegory
alegrar	v	0.5934	rejoice
alegrarse	v	0.0005	be glad
alegre	adj	2.1858	happy
Aleja	prop	0.0644	Alexia | Alexis
alejado	adj	0.8864	distant | faraway | remote
alejamiento	nm	0.8613	distancing | distance
alejandría	nf	0.0223	senna
Alejandría	prop	0.4007	Alexandria
Alejandro	prop	1.1357	Alexander
alejar	v	0.9938	remove
alejarse	v	1.0525	distance | move away
Alejo	prop	0.0000	Alexis
alelí	nm	0.2518	wallflower | en
alelo	nm	0.2397	allele
alelomórfico	adj	0.0315	allelomorphic
alelopatía	nf	0.0427	allelopathy
aleluya	interj	0.2186	hallelujah
alemán	nm	6.0296	German | German language
alemán	adj	6.0296	German
alemán	n	6.0296	German
alemán antiguo	loc	0.2389	Old High German
Alemania	n	2.4220	Germany
Alemania Oriental	n	0.4309	East Germany
alemánico	adj	0.1967	Alemannic
alentador	adj	0.0911	encouraging
aleonado	adj	1.3411	tawny | tan
alepino	adj	0.1152	Aleppine
Alepo	prop	0.3902	Aleppo
alerce	nm	0.7690	larch | European larch | Chilean false larch
alergia	nf	0.7228	allergy
alergología	nf	0.1853	allergology
alerón	nm	0.6202	spoiler | aileron | flap shutter | bridge wing
alesna	nf	0.6247	awl
aleta	nf	0.9237	fin | flipper
aletear	v	0.0000	flapping
alevín	nm	0.5739	larva | fry | alevin
alevosía	nf	0.2070	treachery
alexitimia	nf	0.1639	alexithymia
alfa	nf	0.3584	alpha
alfábega	nf	0.4535	basil
alfabéticamente	adv	0.1375	alphabetically
alfabético	adj	0.4118	alphabetical | alphabetic
alfabeto	nm	1.5102	alphabet
Alfabeto Fonético Internacional	loc	0.4699	International Phonetic Alphabet
alfalfa	nf	0.4066	alfalfa
alfaque	nm	0.2742	sandbank
alfarería	nf	0.6074	pottery
alfarero	nmf	0.7210	potter
alfarma	nf	0.0008	syrian rue | wild rue
alféizar	nm	0.0000	window-sill
alfeñique	nm	0.2890	weakling
alférez	nmf	0.0182	pilot officer
alfil	nm	0.5706	bishop
alfiler	nm	0.3640	pin
alfilerillo	nm	0.0664	redstem filaree
alfócigo	nm	0.5714	pistachio
alfombra	nf	1.9471	carpet | rug
alfombrar	v	0.6010	carpet
alfóncigo	nm	0.7221	pistachio
alfóndiga	nf	0.4622	caravanserai
alfónsigo	nm	0.2857	pistachio
alfonsismo	nm	0.0003	Alfonsism
Alfonso	prop	0.2957	Alfonso
alforfón	nm	0.4043	buckwheat | en
alforja	nf	0.3450	pannier | saddlebag
alforjón	nm	0.3572	buckwheat | en
Alfreda	prop	0.0000	Alfreda
Alfredina	prop	0.0000	Alfreda
Alfredo	prop	0.1411	Alfred
alga	nf	1.2260	alga | seaweed | seeweed
algarada	nf	0.0005	algarade
algarrobo	nm	0.1382	mesquite
álgebra	nf	0.8964	algebra
algebraico	adj	0.1431	algebraic
álgico	adj	0.0258	Algic
álgido	adj	0.3947	pivotal | algid | chilly
algo		0.6352	something | anything
algodón	nm	1.3877	cotton
algofobia	nf	0.0933	algophobia | odynephobia | odynophobia
algoritmo	nm	0.6804	algorithm
alguacil	nmf	0.7311	bailiff
algún	adj	0.2809	any
alguno	adj	1.1817	one
alhábega	nf	0.6563	basil
alhaja	nf	0.4929	jewellery
alhámega	nf	0.0006	syrian rue | wild rue
alhárgama	nf	0.0007	syrian rue | wild rue
alharma	nf	0.0008	syrian rue | wild rue
alhelí amarillo	loc	0.1780	wallflower
alheña	nf	0.4028	henna
alhócigo	nm	0.5189	pistachio
alhóndiga	nf	0.5025	caravanserai
alhucema	nf	0.0002	lavender print
alianza	nf	1.5940	alliance | covenant
aliar	v	0.6888	ally | unite
alible	adj	0.0000	alible
alicatar	v	1.0486	to | tile
alicate	nm	0.3760	pincers
Alicia	prop	0.1463	Alice
aliciente	nm	0.5295	incentive | inducement
alícula	nf	0.0004	alicula
alícuota	adj	0.1070	aliquot
alienación	nf	0.5184	alienation
alienar	v	0.7146	sell
alienígena	n	1.2862	alien
aliento	nm	0.9371	breath
alifático	adj	0.1180	aliphatic
alífero	adj	0.0000	aliferous
alígero	adj	0.2959	winged | aligerous
alimania	nf	0.6619	louse
alimaña	nf	0.7490	louse
alimentador	adj	0.0751	feeding | nutritious
alimentar	v	1.4959	feed
alimento	nm	2.3251	food
alimoche	nm	0.5181	Egyptian vulture | vulture
alimoche común	loc	0.0008	egyptian vulture
alimpiar	v	1.6773	clean | wipe
alindar	v	0.2198	beautify
alinear	v	0.7484	line | line up
alinearse	v	0.7484	line | line up
aliñar	v	0.9741	prepare | adorn | condiment
aliño	nm	0.3759	condiment
alioli	nm	0.2743	aioli
alipori	nm	0.2726	vicarious embarrassment | Spanish shame | cringe
alíscafo	nm	0.2260	hydrofoil
aliseda	nf	0.0005	alder grove
alisio	nm	0.5408	trade
aliso negro	loc	0.3546	alder
alistar	v	0.3680	get ready
aliteración	nf	0.2699	alliteration
aliviar	v	0.7388	lighten
alivioso	adj	0.0000	relieving
aljaba	nf	1.0658	quiver
aljébana	nf	0.3499	washbowl
aljibe	nm	3.1849	well
aljonjolí	nm	0.5857	sesame
allá	adv	0.5973	there
allanamiento	nm	0.0787	smoothing | search and seizure | flattening
allanamiento de morada	loc	0.3303	burglary | unlawful entry | trespass
allanar	v	0.0000	even out
allegar	v	0.3977	approach
allegarse	v	0.3977	approach
allende	adv	0.3048	afterlife
alma	nf	1.7563	soul
almacén	nm	1.8214	warehouse | storehouse | store
almacenaje	nm	0.2750	storage
almacenamiento	nm	0.2750	storage | warehousing
almacenar	v	0.4765	store
almádana	nf	1.0630	ground
almádena	nf	0.5386	sledgehammer
almádina	nf	0.9796	ground
almadraba	nf	0.0669	almadraba | madrague
almadreña	nf	0.3463	clog
almágana	nf	0.8806	ground
almagra	nf	0.1121	red ochre
almagre	adj	0.2139	raddle
almagre	nm	0.1461	red ochre
almanaque	nm	0.5661	almanac
almazara	nf	0.1222	oil mill | oil-press
almazarrón	nm	0.0961	raddle
almazuela	nf	0.0864	patchwork
almena	nf	0.0515	crenel
almendra	nf	1.3241	almond
almendro	nm	0.8481	almond | almond-tree
almíbar	nm	0.5718	syrup
almicantarat	nm	0.0929	almucantar
almidón	nm	1.1782	starch | amylum
almidonar	v	0.3107	starch
alminar	nm	0.1851	minaret
almirante	n	0.4059	admiral
almizcle	nm	0.3407	musk
almizque	nm	0.1703	musk
almofía	nf	0.3676	washbowl
almogrote	nm	0.0002	almogrote
almohada	nf	2.6173	pillow | cushion
almohadilla	nf	1.5322	pad | hash | number sign | octothorn | octothorpe | pound sign | hash mark
almohadón	nm	1.6926	cushion
almohaza	nf	0.4130	currycomb
almohazar	v	0.2561	curry
almóndiga	nf	0.6777	meatball
almorta	nf	0.1216	vetchling
almorzar	v	0.0005	have lunch
almud	nm	0.0515	almude
almuérdago	nm	0.5079	mistletoe
almuerzo	nm	1.2374	lunch | snack
aló	interj	1.4550	hello
alocadamente	adv	0.0682	madly | wildly
alóctono	adj	0.0682	allochthonous
alocución	nf	0.1030	allocution
alodio	nm	0.0000	allod
aloe	nf	0.4611	aloe
áloe	nf	0.6388	aloe
alófono	nm	0.1049	allophone
alógeno	adj	0.4033	foreign | foreigner
aloinjerto	nm	0.0182	allograft
alojamiento	nm	1.0734	accommodation | lodging
alojar	v	1.2119	lodge | host
alojarse	v	0.4422	stay
alomorfo	nm	0.1212	allomorph
alondra	nf	1.0882	lark
alondra moñuda	loc	0.3080	crested lark
alopecia	nf	0.7955	alopecia | baldness
alopécico	adj	0.0129	alopecic
alopoliploidía	nf	0.0182	allopolyploidy
alosaurio	nm	0.0258	allosaur
alotrópico	adj	0.0976	allotropic
alpaca	nf	0.2880	alpaca
alpargata	nf	0.2719	espadrille
alpartaz	n	0.0546	aventail | camail
Alpes	prop	0.2661	Alps
alpez	nm	0.1244	alopecia
alpinismo	nm	0.1171	mountaineering
alpinista	nm	0.1363	mountaineer
alpino	adj	0.4260	alpine
alquequenje	nm	0.1654	bladder cherry
alquilable	adj	0.0609	rentable
alquilar	v	2.5173	hire | rent
alquiler	nm	1.4102	rental | rent
alquimia	nf	0.4163	alchemy
alquimista	n	0.4117	alchemist
alquitara	nf	1.4775	still
alquitira	nf	0.3707	milkvetch
alquitrán	nm	0.4444	tar
alquitranar	v	0.2222	tar
alrededor	adv	1.0013	around | surroundings
alrededor de	loc	0.8615	around
alsaciano	nm	0.2221	Alsatian
álsine	nf	0.2587	common chickweed
alta mar	loc	0.6513	open sea | high seas | international waters
altamente	adv	0.4499	most | highly
altar	nm	0.9970	altar
Altar	prop	0.0003	Altar
altavoz	nm	0.7385	loudspeaker
alter ego	loc	0.5967	alter ego
alterable	adj	0.1722	alterable | changeable | mutable
alteración	nf	0.4313	alteration
alteradizo	adj	0.1722	alterable | changeable | mutable
alterar	v	0.8790	alter | upset
alterarse	v	0.2531	upset
altercador	adj	0.1350	quarrelsome
altercar	v	0.6322	argue
alteridad	n	0.0644	alterity
alterita	nf	0.0000	alterite
alternancia	nf	0.0822	alternation
alternativa	nf	0.1955	option
alternativamente	adv	0.1458	alternatively
alternativo	adj	0.2585	alternative
alteza	nf	0.2466	Highness | highness
altibajo	nm	0.7127	down
altiplano	nm	0.0008	high plain | high plateau
altiro	adv	0.6230	immediately | right away
altísimo	adj	0.0004	very high
altitud	nf	0.5919	altitude
altivez	nf	0.5319	haughtiness
altiveza	nf	0.3518	haughtiness
altivo	adj	0.6252	haughty
alto	adj	1.7837	high | tall
alto sórabo	loc	0.1221	Upper Sorbian
altoparlante	nm	0.6695	loudspeaker
altozano	nm	0.0851	toman
altramuz	nm	0.3113	lupin
altruismo	nm	0.3115	altruism
altruista	adj	0.4627	altruistic | altruist
altura	nf	1.2474	height
alucinación	nf	0.5935	hallucination
alucinador	adj	0.0000	hallucinating | hallucinator
alucinar	v	0.2443	hallucinate
alucinarse	v	0.0946	hallucinate
alucinatorio	adj	0.0315	hallucinatory
alud	nm	0.6321	avalanche
aludir	v	0.3624	allude
alumbrado	nm	0.3533	lighting
alumbrar	v	0.4167	ignite
alumbroso	adj	0.0364	aluminous
aluminio	nm	1.4645	aluminium | aluminum
aluminoso	adj	0.0364	aluminous
aluminotermia	nf	0.0288	aluminothermy
alumno	nmf	1.6046	pupil | student
alunarado	adj	0.1204	spotted
alunizaje	nm	0.3492	moon landing | lunar landing | ram-raid
alunizar	v	0.8385	land
alusión	nf	0.4803	allusion
alusivo	adj	0.0729	allusive
alustrar	v	1.3706	polish | shine
aluvión	nm	0.1624	alluvium
alveolar	adj	0.2174	alveolar
alvéolo	nm	0.3701	alveolus
alveolo dentario	loc	0.1577	dental alveolus | tooth socket
alvéolo dentario	loc	0.0005	denal alveolus | tooth socket
alveolo pulmonar	loc	0.1453	pulmonary alveolus
alvéolo pulmonar	loc	0.1186	pulmonary alveolus
alvino	adj	0.2922	intestinal | alvine
alzacuello	nm	0.1235	clerical collar
alzar	v	1.6210	raise | lift
ama	nf	0.6931	housewife | housekeeper
amabilidad	nf	0.8920	kindness | amiability
amable	adj	2.0217	amiable | kind | lovable
amablemente	adv	0.0341	amiably
amado	adj	0.7241	dear
amaestrador	adj	0.4243	trainer
amaestrador	nmf	0.2177	tamer
amaestrar	v	1.6972	break
amainar	v	0.2864	debilitate
amalgama	nf	0.2397	amalgam
amamantador	adj	0.1194	breastfeeding | nursing
amamantar	v	0.5538	breastfeed
Amán	prop	0.2674	Amman
amancebamiento	nm	0.4393	cohabitation | concubinage
Amanda	prop	0.1078	Amanda
amanecer	nm	1.3010	sunrise
amanecida	nf	0.3279	sunrise
amanerado	adj	0.7952	affected | effeminate
amanezco	nm	1.2632	breakfast
amante	adj	0.5430	loving
amanuense	nmf	0.4408	amanuensis
amapola	nf	0.7699	corn poppy | field poppy
amar	v	5.1788	love
amáraco	nm	0.4552	marjoram
amaraje	nm	0.0498	ditching | landing on water
amaranto	nm	0.2976	amaranth
amarar	v	0.0005	land on water
amargo	adj	1.8386	bitter | acrid
amargor	nm	0.3519	bitterness
amárico	nm	0.0008	amharic
amarillento	adj	0.2504	yellowish
amarillez	nf	0.0773	yellowness
amarillismo	nm	0.0976	sensationalism
amarillo	adj	2.8470	yellow
amarizaje	nm	0.0892	splashdown | water landing
amarrar	v	1.5929	moor | tie
amarrido	adj	0.6045	melancholic | afflicted | sad
amartelo	nm	0.0631	lovesickness
amasar	v	0.3346	knead | amass
amasijo	nm	0.2482	hodgepodge | mishmash
amatador	adj	0.2890	killer | killing
amatista	nf	0.2563	amethyst
amativo	adj	0.3855	amorous | fond | loving | affectionate
amatoxina	nf	0.0258	amatoxin
amaxofobia	nf	0.0546	amaxophobia
amazona	nf	0.6537	Amazon
Amazonas	prop	0.2211	Amazon
Amazonia	n	0.1866	Amazonia
Amazonía	n	0.1866	Amazonia
amazónico	adj	0.0729	Amazonian
ámbar	nm	0.8266	amber
Amberes	prop	0.4075	Antwerp
ambición	nf	0.7642	ambition
ambicionar	v	0.0005	aspire to
ambiciosamente	adv	0.0482	ambitiously
ambicioso	adj	0.3518	ambitious
ambidiestro	adj	0.1866	ambidextrous
ambientalismo	nm	0.1446	environmentalism
ambiente	nm	1.6873	environment | circle | atmosphere | conditions
ambigrama	nm	0.0815	ambigram
ambiguamente	adv	0.0427	ambiguously
ambigüedad	nf	0.4941	ambiguity
ambiguo	adj	0.7105	ambiguous
ámbito	nm	0.3171	ambit
ambivalencia	nf	0.2045	ambivalence
ambivalente	adj	0.2912	ambivalent
amblar	v	0.4868	amble
ambos	adj	0.6477	both
ambrosía	nf	0.2260	ambrosia
ambulacral	adj	0.0386	ambulacral
ambulacro	nm	0.0129	ambulacrum
ambulancia	nf	0.5212	ambulance
ameba	nf	0.0440	ameba | amoeba
amebocito	nm	0.0729	amoebocyte | amebocyte
Amecameca	prop	0.0003	Amecameca
amedrar	v	0.5418	frighten | intimidate
amedrentador	adj	0.0713	intimidating
amedrentar	v	0.7282	intimidate
Amelia	prop	0.0407	Amalia
amén	interj	1.1236	amen
amenaza	nf	0.6533	threat
amenazador	adj	0.1866	menacing | threatening
amenazante	adj	0.1866	menacing | threatening
amenazar	v	0.9031	threaten
amenizar	v	0.1281	brighten up | enliven | liven up
ameno	adj	0.5855	pleasant
América	n	0.2735	America | the Americas | Americas
América Central	prop	0.3450	Central America
América del Norte	prop	0.5620	North America
América del Sur	prop	1.6509	South America
América Latina	prop	0.5045	Latin America
americanismo	nm	0.2935	Americanism
americanizar	v	0.1235	Americanize
americano	adj	1.4376	American
americio	nm	0.5349	americium
amerizaje	nm	0.0000	water landing | splashdown
amero	nm	0.6372	husk | corn | amero
ametralladora	nf	0.2937	machine gun
ametralladorista	n	0.0946	machine-gunner
amétrico	adj	0.0002	anti-metric
amhárico	nm	0.0008	amharic
amianto	nm	0.3596	asbestos
amienemigo	nmf	0.0705	frenemy | frienemy
amigable	adj	0.5224	friendly
amígdala	nf	0.6304	tonsil | amygdalae
amigo	n	4.9517	friend
amigovio	nmf	0.2985	friend with benefits
amina	nf	0.1046	amine
amínico	adj	0.0129	aminic
aminoácido	nm	0.3176	amino acid
amistad	nf	1.2269	friendship
amistosamente	adv	0.1630	amicably | friendly
amito	nm	0.1411	amice
amitosis	nf	0.0631	amitosis
amitótico	adj	0.0446	amitotic
amnesia	nf	0.7212	amnesia
amnesifobia	nf	0.0003	amnesiphobia
amnios	nm	0.1726	amnion
amniota	n	0.0590	amniote
amniótico	adj	0.0631	amniotic
amnistía	nf	0.8602	amnesty
amo	nmf	1.6058	master | owner | keeper
amoblar	v	0.3661	furnish
amochar	v	0.7237	hit
amohecer	v	0.9731	mold | mildew
amojonar	v	1.2438	to | milestone
amoldable	adj	0.0846	adaptable
amoldador	adj	0.0258	molder | molding
amoldar	v	0.4945	adapt
amollentativo	adj	0.0464	softening
amonestador	adj	0.0364	admonisher | admonishing
amontonar	v	1.0226	heap
amor	nm	6.1009	love | affection
amor de verano	loc	0.0002	summer love
amordazador	adj	0.0000	gagging
amordazar	v	0.6018	gag | muzzle
amorfo	adj	0.3483	amorphous | shapeless
amoroso	adj	0.5024	loving
amortiguar	v	0.3240	soften
amortizar	v	0.8213	amortize | pay off | redeem
amostazar	v	0.2883	annoy | cross
amostazarse	v	0.8322	get | angry | blush | crossed
amotinar	v	0.4907	mutiny
amotinarse	v	1.0785	to | mutiny | revolt
amparar	v	0.8503	protect
ampelográfico	adj	0.0446	ampelographic
ampere	nm	0.3383	ampere
amperio	nm	0.1962	ampere
ampliable	adj	0.0972	expandable
ampliamente	adv	0.2281	amply | vastly
ampliativo	adj	0.0000	expanding
amplificador	nm	0.1434	amplifier
amplificador	adj	0.0000	amplifying
amplificar	v	0.3213	amplify
amplio	adj	0.6909	ample
amplitud	nf	0.4818	amplitude
ampolla	nf	0.9396	blister
ampuloso	adj	0.3984	pompous
amputación	nf	0.2193	amputation
amputar	v	0.2778	amputate
Amsterdam	prop	0.3644	Amsterdam
amueblar	v	0.3661	furnish
amuleto	nm	0.9896	amulet | charm | periapt | talisman
amura	nf	0.5342	bow | tack
amurallar	v	0.5012	wall
amurar	v	0.3257	haul
Ana	prop	0.7529	Ann | Anna | Anne | Hannah | Hanna
anacardo	nm	0.5434	cashew
anaconda	nf	0.1496	anaconda
anacoreta	nm	0.5831	anchorite
anacreóntico	adj	0.0000	Anacreontic
anacronía	nf	0.0000	anachrony
anacrónico	adj	0.2240	anachronistic
anacronismo	nm	0.5215	anachronism
ánade	n	0.5065	drake | duck
anadear	v	0.0783	waddle
anádromo	adj	0.0794	anadromous
anaeróbico	adj	0.1108	anaerobic
anaerobio	adj	0.1752	anaerobic | anaerobe
anaerobiosis	nf	0.0407	anaerobiosis
anafase	nf	0.1862	anaphase
anafiláctico	adj	0.2439	anaphylactic
anafilaxia	nf	0.1180	anaphylaxis
anáfora	nf	0.1446	anaphora
anafórico	adj	0.0669	anaphoric
anafrodisia	nf	0.1219	anaphrodisia
anaglífico	adj	0.0669	anaglyphic
anagrama	nm	0.6186	anagram
anagramatizar	v	0.0862	anagrammatise | anagrammatize
analema	nf	0.1222	analemma
analéptico	adj	0.1269	analeptic
anales	nm	0.2697	annals
analfabetismo	nm	0.0182	analphabetism | illiteracy
analfabeto	adj	0.9193	illiterate
analgésico	adj	0.3825	analgesic | painkiller
análisis	nm	1.1619	analysis
analístico	adj	0.0258	annalistic
analíticamente	adv	0.0386	analytically
analito	nm	0.1338	analyte
analizable	adj	0.0787	analyzable
analizar	v	0.4691	analyze | analyse
analógico	adj	0.5781	analog | analogue
análogo	adj	0.0470	analogue
anamorfismo	nm	0.1695	anamorphosis
anamorfosis	nf	0.1758	anamorphosis
ananá	nm	2.5683	pineapple
anapelo	nm	0.6632	aconite
anapéstico	adj	0.0892	anapestic | anapestical
anaquel	nm	0.6283	shelf
anaranjado	adj	1.2249	orange
anarcocapitalismo	n	0.1166	anarcho-capitalism
anarcofeminismo	nm	0.0004	anarchofeminism
anarquía	nf	1.7123	anarchy
anárquico	adj	0.3930	anarchic | anarchist
anarquismo	nm	0.5652	anarchism
anarquista	n	0.6452	anarchist
anarquizar	v	0.0386	anarchize
Anastasia	prop	0.2231	Anastasia
anastimafilia	nf	0.0003	adipophilia | fat fetishism
anastomosado	adj	0.0386	anastomotic | braided
anatema	nm	0.3854	anathema
anatematizador	adj	0.0000	anathematizing
anatematizar	v	0.2111	anathematize | anathematise
anatocismo	nm	0.0000	anatocism
anatolio	adj	0.1629	Anatolian
anatomía	nf	0.5130	anatomy
anatómicamente	adv	0.0531	anatomically
anatómico	adj	0.0857	anatomical
anatomizar	v	0.2042	dissect
anatomopatológico	adj	0.0407	anatomopathological
anatópico	adj	0.0000	anatopistic
anatopismo	nm	0.0446	anatopism
anavia	nf	0.4172	blueberry
anca	nf	0.8152	rump | croup | haunch
ancestral	adj	0.0912	ancestral
ancestro	nm	0.4283	ancestor
anchamente	adv	0.1221	amply | broadly | widely
ancho	nm	0.8236	width
anchoa	nf	0.4969	anchovy
anchura	nf	0.1199	breadth
anchuroso	adj	0.2715	roomy | spacious
ancianidad	nf	0.6461	old age
anciano	adj	2.2009	old | elderly
ancla	nf	1.1845	anchor
anclar	v	1.1751	anchor
áncora	nf	0.8884	anchor
andábata	nm	0.0005	andabata
andador	nm	0.6868	walker
Andalucía	n	0.3597	Andalusia
andamiaje	nm	0.4997	scaffolding | framework
andamio	nm	0.3900	scaffold
andar	v	2.6583	walk
andén	nm	1.2818	platform
Andes	prop	0.0315	Andean Mountains
andesina	nf	0.1803	andesine
andesita	nf	0.3339	andesite
Andorra	n	0.9475	Andorra
Andorra la Vieja	prop	0.4539	Andorra la Vella
andorrano	adj	0.3991	Andorran
andradita	nf	0.0955	andradite
andrajo	nm	0.7789	rag | foulbrood
andrajoso	adj	0.7179	ragged
Andrea	prop	0.0835	Andrea
Andrés	prop	1.3308	Andrew
androcentrismo	nm	0.1179	androcentrism
androfilia	nf	0.0515	androphilia
androgénico	adj	0.0427	androgenic
andrógeno	nm	0.1093	androgen
androginia	nf	0.2004	androgyny
andrógino	adj	0.2778	androgynous
androide	nm	0.2376	android
andrología	nf	0.1405	andrology
andropausia	nf	0.0839	andropause
anécdota	nf	0.3683	anecdote
anecdótico	adj	0.1245	anecdotal | anecdotic | anecdotical
anegar	v	1.0128	flood | drown
anegarse	v	0.0004	drink away
anemia	nf	0.3281	anemia | anaemia | anæmia
anémico	adj	0.0000	anaemic | anemic | anæmic
anemográfico	adj	0.0129	anemographic
anemometría	nf	0.0482	anemometry
anemómetro	nm	0.2024	anemometer
aneuploidía	nf	0.0631	aneuploidy
aneurisma	nmf	0.2477	aneurysm
anexar	v	0.5006	annex
anexión	nf	0.3368	annexation
anexionar	v	0.2890	annex
anfetamina	nf	0.1062	amphetamine
anfibio	adj	0.5203	amphibian | amphibious
Anfibios	n	0.0003	Amphibia
anfíbol	nm	0.1152	amphibole
anfibolita	nf	0.0933	amphibolite
anfibología	nf	0.0000	amphibology
anficinético	adj	0.0311	amphidynamic | amphikinetic
anfictiónico	adj	0.0288	amphictyonic
anfidinámico	adj	0.0311	amphidynamic | amphikinetic
anfídromo	adj	0.0258	amphidromous
anfifílico	adj	0.0729	amphiphilic
anfión	nm	0.3075	opium
anfiteatro	nm	0.1798	amphitheatre | amphitheater
anfitrión	nm	0.9184	host
ánfora	nf	0.2352	amphora
Anga	prop	0.0003	Anga
ángel	nm	1.6978	angel
ángel de la guarda	loc	0.4472	guardian angel
Ángela	prop	0.0631	Angel | Angela
Ángeles	prop	0.0576	Angelus
angelote	nm	0.1828	angel shark
angiogénesis	nf	0.0482	angiogenesis
angiografía	nf	0.2280	angiography | angiology
angiólogo	nm	0.0482	angiologist
angioplastia	nf	0.1180	angioplasty
angiosperma	nf	0.1108	angiosperm
angiotensina	nf	0.2186	angiotensin
anglesita	nf	0.0288	anglesite
anglicanismo	nm	0.2101	Anglicanism
anglicismo	nm	0.0288	anglicism
angloamericanismo	nm	0.0005	americanism
angloamericano	adj	0.1391	Anglo-American
anglocanadiense	adj	0.0000	English Canadian
anglocentrismo	nm	0.1243	Anglocentrism
anglófilo	adj	0.0000	anglophile
anglofobia	nf	0.0000	anglophobia
anglófono	adj	0.0000	anglophone
anglohablante	adj	0.0000	anglophone
angloparlante	adj	0.0000	anglophone
anglosajón	nm	0.0006	Anglisc | Englisc | Old English | Ænglisc
Angola	n	0.7430	Angola
angoleño	adj	0.2768	Angolan
angostamente	adv	0.0760	narrowly
angostamiento	nm	0.0446	narrowing
angosto	adj	0.7636	narrow
anguila	nf	0.7194	eel
Anguila	n	0.1166	Anguilla
Angulema	prop	0.0386	Angoulême
ángulo	nm	1.1722	angle
ángulo de paralaje	loc	0.0004	parallax angle
ángulo de paralelaje	loc	0.0004	parallax angle
ángulo recto	loc	0.2815	right angle
angustia	nf	0.9518	anguish
angustiador	adj	0.2341	distressing
anhedonia	nf	0.1496	anhedonia
anhelante	adj	0.3762	avid | eager
anhídrido acético	nm	0.1485	acetic anhydride
anhidro	adj	0.1338	anhydrous
anidar	v	0.3198	nest
anihilación	nf	0.3470	annihilation
anihilamiento	nm	0.3927	annihilation
anillete	nm	0.0515	annulet
anillo	nm	2.6834	ring
anillo planetario	loc	0.0000	planetary ring
ánima	nf	0.8605	soul | bore
animación	nf	0.4405	animation
animadamente	adv	0.0446	animatedly
animadversión	nf	0.4654	antipathy | hostility | opposition | rejection
animal	nm	2.3216	animal
animal doméstico	loc	0.0006	domestic animal | pet
animal terrestre	loc	0.0003	terrestrial animal
animalada	nf	0.0003	silly thing
animar	v	1.0051	encourage
anime	nm	0.2092	anime
animismo	nm	0.1014	animism
ánimo	nm	0.7762	activity
animoso	adj	0.3635	courageous | lively | spirited | vigorous
anión	nm	0.2093	anion
aniónico	adj	0.0576	anionic
aniquilación	nf	0.0005	annhilation
aniquilador	adj	0.0000	annihilating | annihilator
aniquilamiento	nm	0.3927	annihilation
aniquilar	v	0.9579	annihilate
anís	nm	0.6511	anise
anís estrellado	loc	0.5296	star anise
anisocitosis	nf	0.0258	anisocytosis
anisotropía	nf	0.1576	anisotropy
anisotrópico	adj	0.1262	anisotropic
anisotropismo	nm	0.0000	anisotropism | anisotropy
Ankara	n	0.4144	Ankara
ano	nm	1.6470	anus
anoche	adv	0.4062	last night
anochecer	v	0.0007	get dark
anódico	adj	0.0963	anodic
anodizar	v	0.1480	anodize
anomalía	nf	0.4655	anomaly
anómalo	adj	0.3275	anomalous
anomia	nf	0.0794	anomie
anón	nm	0.0000	sugar-apple
anonadador	adj	0.2425	stunning
anonadante	adj	0.2425	stunning
anónimamente	adv	0.0660	anonymously
anonimato	nm	0.1438	anonymity
anonimizar	v	0.1078	anonymize | anonymise
Anopla	n	0.0002	anopla
anorexia	nf	0.5061	anorexia
anoréxico	adj	0.1821	anorexic
anorgasmia	nf	0.0644	anorgasmia | anorgasmy
anormal	adj	1.0501	abnormal
anormalidad	nf	0.4060	abnormality
anorquia	nf	0.0892	anorchia
anosmia	n	0.3312	anosmia
anotar	v	1.2777	score | note
anquiloglosia	nf	0.0482	ankyloglossia
anquilosar	v	0.0407	ankylose
anquilosaurio	nm	0.0006	Ankylosaurus | ankylosaur
anquilosis	nf	0.1078	ankylosis
anseático	adj	0.0590	Hanseatic
Anshan	prop	0.0515	Anshan
ansible	nm	0.0590	ansible
ansiedad	nf	0.7772	anxiety
ansiolítico	adj	0.3138	anxiolytic
ansiosamente	adv	0.0499	anxiously
antagónico	adj	0.2380	antagonistic
antagonismo	nm	0.1775	antagonism
antagonista	adj	0.3057	antagonistic
antagonizar	v	0.1311	antagonize
antaño	adv	0.3065	yore
antápex	nm	0.0003	solar antapex
antártico	adj	0.1616	Antarctic
Antártida	prop	0.7194	Antarctica
ante merídiem	loc	0.0000	ante meridiem
anteayer	adv	0.0010	the day before yesterday
antebrazo	nm	0.4073	forearm
antecedente	adj	0.3799	antecedent
antecesor	adj	0.0939	antecessor
anteco	adj	0.0005	antiscian
antedatar	v	0.1899	antedate | backdate
antediluviano	adj	0.6149	antediluvian | ancient
antelación	nf	0.9864	advance
antena	nf	0.4188	antenna
anteojeras	nf	0.0892	blinders | blinkers
antepasado	adj	0.6057	ancestor
antepenúltimo	adj	0.3883	antepenultimate | propenultimate
anterior	adj	1.1992	front | former | previous
anterioridad	nf	0.1410	anteriority
anteriormente	adv	0.3890	previously
anteúltimo	adj	0.4992	penultimate
antiácido	nm	0.1222	antacid | antiacid
antialcohólico	adj	0.0182	antialcoholic
antiartístico	adj	0.0002	anti-artistic
antiatómico	adj	0.0341	antiatomic
antiátomo	nm	0.0515	antiatom
antibacterial	adj	0.1798	antibacterial
antibacteriano	adj	0.1798	antibacterial
antibiograma	nm	0.0364	antibiogram
antibiótico	adj	0.5670	antibiotic
anticapitalismo	nm	0.1411	anticapitalism
anticapitalista	adj	0.1288	anticapitalist
anticiclón	nm	0.2045	anticyclone | high
anticientífico	adj	0.0470	antiscientific
anticipación	nf	0.3519	anticipation
anticipador	adj	0.0129	anticipating
anticipar	v	0.4755	anticipate
anticipatorio	adj	0.0539	anticipatory
anticipo	nm	0.6532	advance | down payment
anticlericalismo	nm	0.1046	anticlericalism
anticlímax	nm	0.1170	anticlimax
anticoagulante	adj	0.1363	anticoagulant
anticolonial	adj	0.0523	anticolonial
anticomunista	adj	0.0729	anticommunist
anticonceptivo	nm	0.3178	contraceptive
anticongelante	adj	0.2073	antifreeze
anticongelante	nm	0.0000	de-icer
anticonstitucional	adj	0.1305	unconstitutional
anticonstitucionalista	adj	0.0129	anticonstitutionalist
anticonstitucionalmente	adv	0.0892	anticonstitutionally
anticresis	nf	0.1150	antichresis
anticristo	nm	0.6960	antichrist | Antichrist
anticuar	v	0.0569	antiquate
anticuarse	v	0.1373	antiquate | get old
anticuerpo	nm	0.3995	antibody
antideportivo	adj	0.1088	unsportsmanlike
antidepresivo	nm	0.2077	antidepressant
antidinástico	adj	0.0002	antidinastic
antidisentérico	adj	0.0223	antidysenteric
antidiurético	adj	0.0427	antidiuretic
antídoto	nm	0.3640	antidote
antiepiléptico	nm	0.0470	antiepileptic
antiespasmódico	nm	0.1027	antispasmodic
antifeminismo	nm	0.1785	antifeminism
antífona	nf	0.1062	antiphon
antigenicidad	nf	0.0315	antigenicity
antigénico	adj	0.0515	antigenic
antígeno	nm	0.2549	antigen
Antigua República Yugoslava de Macedonia	prop	0.9271	FYROM | Republic of Macedonia | Former Yugoslav Republic of Macedonia | Macedonia
Antigua y Barbuda	n	0.7996	Antigua and Barbuda
antigualla	nf	0.3416	crock
antiguamente	adv	0.0977	anciently
antiguano	adj	0.1798	Antiguan
antigüedad	nf	0.7935	antique | antiquity
Antigüedad	nf	0.2382	Antiquity
antiguo	adj	1.8540	ancient | old
antihelmíntico	adj	0.0000	antihelminthics | anthelmintics
antihéroe	nm	0.3045	antihero
antiheroico	adj	0.0386	antiheroic
antihigiénico	adj	0.0864	unhygienic
antihistamínico	adj	0.1598	antihistamine
antihistérico	adj	0.0258	antihysteric | antihysterical
antiimperialismo	nm	0.0515	anti-imperialism
antiliberal	adj	0.0628	antiliberal
antiliberalismo	nm	0.1088	antiliberalism
antillano	adj	0.1115	Antillean
Antillas	prop	0.1546	Antilles
Antillas Holandesas	prop	0.4210	Netherlands Antilles
Antillas Neerlandesas	prop	0.5126	Netherlands Antilles
antilogaritmo	nm	0.0003	anti-logarithm
antilogía	nf	0.0834	antilogy
antílope	nm	0.6435	antelope
antimagnético	adj	0.0407	antimagnetic
antimateria	nf	0.1857	antimatter
antimonio	nm	0.6523	antimony
antinacionalismo	nm	0.0835	antinationalism
antinatalismo	nm	0.0864	antinatalism
antinatural	adj	0.0515	antinatural
antinómico	adj	0.0576	antinomic
Antioquía	prop	0.5182	Antioch
antioxidante	nm	0.3671	antioxidant
antipara	nf	0.1411	gaiter
antiparasitario	adj	0.0815	antiparasitic
antipartícula	nf	0.1752	antiparticle
antipatía	nf	0.0009	antiphaty
antipático	adj	0.2744	displeasing
antipatriótico	adj	0.0288	antipatriotic
antipendio	nm	0.0470	antependium
antipirético	adj	0.2977	antipyretic
antípoda	adj	0.4647	antipode
antirrábico	adj	0.0000	antirabic | antirabies
antirreligioso	adj	0.0593	antireligious
antirrevolucionario	adj	0.0364	antirevolutionary | counterrevolutionary
antirruso	adj	0.0003	anti-Russian
antisemítico	adj	0.1845	anti-Semitic | antisemitic
antisemitismo	nm	0.0911	antisemitism
antisepsia	nf	0.2403	antiseptic
antiséptico	adj	0.6469	antiseptic
antisocial	adj	0.2996	antisocial
antistrofa	nf	0.0470	antistrophe
antisubmarino	adj	0.0341	antisubmarine
antitetánico	adj	0.0364	antitetanic
antitético	adj	0.0182	antithetic | antithetical
antitóxico	adj	0.0446	antitoxic
antitoxina	nf	0.0929	antitoxin
antitrómbico	adj	0.0762	thrombolytic
antituberculoso	adj	0.0223	antituberculous
antivacunas	adj	0.1112	anti-vaxxer
antivariólico	adj	0.0258	antismallpox | antivariolous
Antlia	prop	0.0005	The Air Pump
antojarse	v	0.4091	appear
antología	nf	0.4732	anthology | chrestomathy
antónimo	adj	0.2976	antonym
Antonio	prop	1.0025	Anthony | Antony
antonomasia	nf	0.0773	antonomasia
antonomástico	adj	0.0315	antonomastic
antorcha	nf	1.0077	torch
antracita	nf	0.0783	anthracite
antracología	nf	0.0000	anthracology
ántrax	nm	0.3887	anthrax | carbuncle
antrópico	adj	0.1180	anthropic
Antropoceno	n	0.1728	Anthropocene
antropocéntrico	adj	0.1399	anthropocentric
antropocentrismo	nm	0.1957	anthropocentrism
antropocoria	nf	0.0515	anthropochory
antropofagia	nf	0.1761	anthropophagy
antropofílico	adj	0.0223	anthropophilic
antropofobia	nf	0.1474	anthropophobia
antropogonía	nf	0.0892	anthropogenesis | anthropogony
antropográfico	adj	0.0000	anthropographic
antropología	nf	0.3940	anthropology
antropológico	adj	0.0182	anthropologic | anthropological
antropólogo	nmf	0.1301	anthropologist
antropometría	nm	0.1546	anthropometry
antropométrico	adj	0.0729	anthropometric
antropomórfico	adj	0.1924	anthropomorphic
antropomorfismo	nm	0.2902	anthropomorphism
antropomorfo	adj	0.3035	anthropomorphic
antroponimia	nf	0.0815	anthroponymy
antroponímico	adj	0.0182	anthroponymous
antropónimo	nm	0.0576	anthroponym
antroposofía	nf	0.2595	anthroposophy
antroposófico	adj	0.0427	anthroposophic
antropotomía	nf	0.0364	anthropotomy
antropozoico	adj	0.0405	Anthropozoic | Neozoic
anual	adj	0.8688	annual | yearly
anualidad	nf	0.2444	annuity
anuario	nm	0.2947	yearbook
anublar	v	0.6916	cloud
anudador	adj	0.2274	tier | tyer | tying
anudar	v	1.2172	tie | bind
anuente	adj	0.0405	consenting
anulación	nf	0.5854	annulment
anulador	adj	0.0000	annuller | annulling
anular	v	3.1385	annul | cancel | nullify
anular	adj	1.0442	annular
anular	nm	0.0023	leech finger
anuloso	adj	0.0311	annulose
anunciador	adj	0.3541	announcer
anunciar	v	0.6752	announce
anuncio	nm	0.9412	announcement | notice
anuo	adj	0.8688	annual
Anuros	n	0.0000	Frog
anzuelo	nm	0.0005	fish-hook
añadir	v	1.2385	add
añejo	adj	0.2796	aged | añejo
añicos	nm	0.2799	smithereens | shard
añil	nm	0.0010	true indigo
año	nm	2.0995	year
año bisiesto	loc	1.2603	leap year
año luz	loc	0.4547	light year
año nuevo	loc	0.0835	new year
Año Nuevo	loc	0.4151	New Year's Day | New Year | New Year's
añoranza	nf	0.7611	nostalgia | yearning
añorar	v	1.0394	long | pine
añudador	adj	0.2274	tier | tyer | tying
aorta	nf	0.1380	aorta
apacentar	v	0.6300	feed
apacible	adj	0.8021	peaceful | tranquil
apaciblemente	adv	0.0983	peacefully
apaciguador	adj	0.2260	pacifier | pacifying
apaciguar	v	0.5116	pacify
apadrinador	adj	0.2440	sponsor | sponsoring
apagar	v	0.8864	turn off
apagarse	v	0.1778	blow out
apagón	nm	0.2709	blackout
apaisado	adj	0.5241	landscape
apalancamiento operativo	loc	0.0002	operativa leverage
apalear	v	0.5855	winnow
apalizar	v	2.7059	beat | drub | thrash
apanar	v	1.0760	bread
apapachar	v	1.3937	to | cuddle | snuggle
apapacharse	v	0.0006	to snuggle | to cuddle
aparador	nm	0.1107	ambry
aparato	nm	1.5470	apparatus | appliance | machine
aparato fonador	loc	0.0003	vocal apparatus
aparatoso	adj	0.6015	wedding | ostentatious
aparcar	v	1.1842	park
aparcería	nf	0.0546	sharecropping
apareamiento	nm	0.0892	matching | pairing
aparecer	v	1.6977	appear
aparejar	v	0.4162	decorate
aparejo	nm	0.1952	apparatus
aparentar	v	0.8225	feign | pretend
aparente	adj	0.7576	apparently
aparentemente	adv	0.0499	seemingly
aparición	nf	0.9263	appearance | apparition
apariencia	nf	1.1799	appearance
apartamento	nm	0.8544	apartment
apartar	v	0.0011	saparate
aparte	adv	0.1423	elsewhere
apartheid	nm	0.2035	apartheid
apasionadamente	adv	0.1555	passionately
apasionado	adj	0.5942	passionate | enthusiast | impassioned
apateísmo	nm	0.1152	apatheism
apatía	nf	0.7340	apathy
apático	adj	0.3952	apathetic
apatito	nm	0.6633	apatite
apatosaurio	nm	0.1768	brontosaur | apatosaur
apátrida	adj	0.1221	stateless
apazote	nm	0.0008	Jesuit's tea | Mexican tea | epazote | wormseed
apear	v	1.1523	kill | collect | pocket | dismount | help down
apearse	v	0.4352	berth
apechichar	v	1.2877	to | cuddle | snuggle
apechicharse	v	0.0005	to cuddle each other
apego	nm	0.4528	attachment
apeirofobia	nf	0.0000	apeirophobia
apelar	v	0.2848	require
apelativo	adj	0.2381	appellative
apellido	nm	1.1640	surname | last name | family name
apelmazarse	v	0.4384	clot
apelotardado	adj	0.2880	slow
apenar	v	0.4493	sadden | greive
apenas	adv	0.6460	hardly | scarcely
apéndice	nm	0.7791	appendix
apendicectomía	nf	0.0000	appendicectomy
apendicitis	nf	0.1085	appendicitis
apendicolito	nm	0.0182	appendicolith
apendiculado	adj	0.0364	appendiculate
apendículo	n	0.0002	appendiculus
Apeninos	prop	0.2959	Apennines
apepsia	nf	0.0499	apepsy
apercibir	v	0.7881	mean
apercibirse	v	0.5756	experience
apergaminado	adj	0.0933	wizened
aperitivo	nm	0.3228	apéritif
apernar	v	0.6982	bolt
aperrear	v	0.5550	haze
apesadumbrar	v	0.6631	grieve
apestar	v	0.8294	stink
apetecedor	adj	0.0951	appetizing
apetito	nm	1.3334	appetite | drive | need
apetitoso	adj	0.0364	appetising | appetizing
ápex	nm	0.1757	apex
ápex solar	loc	0.0000	solar apex
apiadar	v	0.0003	feel pity
apical	adj	0.3167	apical
ápice	nm	1.2827	apex | trifle | crux
apicultor	nmf	1.0186	beekeeper | apiarist | bee-master
apicultura	nf	0.0482	apiculture | beekeeping
apidología	nf	0.0000	apidology
apifobia	nf	0.0000	apiphobia | melissephobia | melissophobia
apilar	v	0.6177	pile
apio	nm	0.5637	celery | celeriac
apionabo	nm	0.0740	celeriac
apipar	v	0.6666	to | someone out | stuff
apiparse	v	1.5199	pig out | onself | stuff | to
apisonar	v	0.0815	tamp
aplacador	adj	0.0223	appeasing | mitigating | placating
aplacar	v	0.8617	appease | soften
aplacarse	v	0.2478	calm down
aplastar	v	1.0956	crush | smash
aplaudir	v	0.8847	clap
aplauso	nm	0.6160	applause
aplausómetro	nm	0.0773	clapometer | applause meter | clap-o-meter
aplazar	v	0.5069	adjourn
aplicación	nf	1.2944	application | function
aplicación aérea	loc	0.0005	crop dusting | aerial aplication
Apocalipsis	prop	0.9048	Apocalypse | Revelation
apocintio	nm	0.1893	aposelene | apocynthion | apolune
apocopar	v	0.1362	apocopate
apócope	nf	0.2375	apocope
apócrifo	adj	0.5096	apocryphal
apodar	v	0.3133	nickname
apodo	nm	1.4681	nickname
ápodo	adj	0.1999	apodal | apodous | legless | apod
apofántico	adj	0.0515	apophantic
apofenia	nf	0.1411	apophenia
apoferritina	nf	0.0182	apoferritin
apófisis	nf	0.1703	apophysis
apofonía	nf	0.4356	ablaut | apophony
apogeo	nm	0.8546	apogee
apógrafo	nm	0.0892	apograph
apolítico	adj	0.1338	apolitical
apologético	adj	0.1708	apologetic
apologista	n	0.1621	apologist
apologizar	v	0.2695	apologize | endorse
apolunio	nm	0.1893	aposelene | apocynthion | apolune
aponeurosis	nf	0.0740	aponeurosis
apoplejía	nf	0.9435	stroke
apoptosis	nf	0.2813	apoptosis
apoquinar	v	0.4059	pay
aporcar	v	0.7050	hill
aporía	nf	0.1667	aporia
aporofobia	nf	0.1654	aporophobia
aportación	nf	0.2626	contribution
aportar	v	0.6127	bring | give | provide
aposelenio	nm	0.1893	aposelene | apocynthion | apolune
apositivo	adj	0.0464	appositive
apósito	nm	1.1373	bandage
apóstata	n	0.4569	apostate
apostatar	v	0.0575	apostatize
apostia	nf	0.0000	aposthia
apóstol	nmf	0.2444	apostle
apostólico	adj	0.1491	apostolic
apóstrofe	nm	0.7043	apostrophe
apóstrofo	nm	0.7043	apostrophe
apoteca	nf	0.5403	pharmacy
apotegma	nm	0.1409	apothegm
apotema	nf	0.1381	apothem
apoteosis	nf	0.4432	apotheosis
apotropaico	adj	0.0813	apotropaic
apoyar	v	2.0164	support
apoyarse	v	0.6243	lean
apoyavasos	nm	0.5300	coaster
apoyo	nm	2.2029	support
apraxia	nf	0.0631	apraxia
apreciable	adj	0.7015	substantial | appreciable | estimable
apreciación	nf	0.6858	appreciation
apreciar	v	1.6567	prize | esteem
aprecio	nm	0.3004	appraisal
aprehender	v	1.7579	catch | learn | arrest
apremiar	v	1.1433	crowd
aprender	v	2.9024	learn
aprendiente	adj	0.0922	learner
aprendiz	adj	1.6498	trainee | apprentice
aprestar	v	0.4094	prepare | ready
aprestarse	v	0.1228	get ready
apresto	nm	0.2101	preparation
apresuración	nf	0.2286	alacrity
apresuramiento	nm	0.3942	alacrity
apresurar	v	0.8249	hurry
apresurarse	v	1.0003	hurry | hurry up
apretar	v	2.0357	squeeze
aprisionar	v	0.6951	imprison
aprobación	nf	0.6548	approval
aprobanza	nf	0.6003	approval | checking
aprobar	v	1.7698	pass | approve
apropiación	nf	0.2817	appropriation
aprosodia	nf	0.0000	aprosodia
aprovechar	v	1.1659	profit | take advantage
aprovecharse	v	0.2532	take advantage
aproximación	nf	0.6676	approximation | approach
aproximadamente	adv	1.1500	approximately | roughly | loosely | more or less | give or take
aproximarse	v	0.4870	approach
ápside	nm	0.1130	apsis
aptitud	nf	0.5872	aptitude | aptness | ability
apto	adj	0.7228	suitable | competent
Apulia	prop	0.3604	Apulia
apuntador	nmf	0.4417	pointer
apuntar	v	0.7743	aim
apuntarse	v	0.2975	join
apuñalar	v	1.0810	stab
apuranieves	nf	0.1524	white wagtail
aquafaba	nf	0.0407	aquafaba
aquaplaning	nm	0.6359	aquaplaning
aquel		1.3157	that
aquelarre	nm	0.3400	coven | sabbat | witches' Sabbath
aquende	adv	0.0002	on this side
aquenio	nm	0.1115	achene
aquí	adv	2.3997	here
aquí y allí	loc	0.3452	here and there
aquiescencia	nf	0.5527	acquiescence
aquiescente	adj	0.0773	acquiescent
aquietarse	v	0.3505	calm down
Aquiles	prop	0.1180	Achilles
aquilino	adj	0.0834	aquiline
Aquisgrán	prop	0.6529	Aachen
Aquitania	prop	0.1222	Aquitaine
árabe	adj	2.2368	Arabic
árabe	nm	2.2368	Arabic
árabe clásico	loc	0.0005	classical Arabic
arabesco	adj	0.3555	Arabic
Arabia	prop	0.4742	Arabia
Arabia Saudita	n	1.2577	Saudi Arabia
arabismo	nm	0.0004	arabism
aracnofobia	nf	0.2286	arachnophobia
aracnológico	adj	0.0315	arachnologic | arachnological
arado	nm	1.0864	plough | plow
Aragón	prop	0.3408	Aragon
aragonés	adj	0.5147	Aragonese
araguato	nm	0.3408	howler monkey
arán	nm	0.7387	sloe
arancel	nm	0.6572	duty | tariff
arándano	nm	0.9136	blueberry | huckleberry | bilberry
arandela	nf	0.8776	washer
araña	nf	4.1133	spider | chandelier
araña de mar	loc	0.0705	sea spider
araña del rincón	loc	0.0002	Chilean recluse
arar	v	1.9329	plough | plow
Araucanía	nf	0.0911	Araucania
araucano	adj	0.1093	Araucanian
araucaria	nf	0.1519	araucaria
arbitrable	adj	0.0311	arbitrable
arbitrador	adj	0.0864	arbitrator
arbitraje	nm	0.1812	arbitration
arbitral	adj	0.0695	arbitral
arbitrar	v	0.1826	arbitrate
arbitrariamente	adv	0.0006	arbitratily
arbitrariedad	nf	0.2149	arbitrariness | outrage
arbitrario	adj	0.5145	arbitrary
árbitro	nmf	0.7657	referee
árbol	nm	3.9804	tree
árbol de Navidad	loc	0.4219	Christmas tree
arbolar	v	0.4171	mast
arboleda	nf	0.5080	grove
arboledo	nm	0.4411	grove
arbóreo	adj	0.3401	arboreal
arborescente	adj	0.1031	arborescent
arborícola	adj	0.0182	arboreous
arbotante	nm	0.1152	flying buttress
arbusto	nm	1.8247	bush | shrub
arca	nf	0.6012	ark
Arca de la Alianza	prop	0.1446	Ark of the Covenant
arcabuz	nm	0.0258	arquebus
arcade	nm	0.3168	arcade
arcaico	adj	1.4904	archaic
arcaísmo	nm	0.1995	archaism
arcángel	nm	0.3190	archangel
arcangélico	adj	0.0498	archangelic
arcano	adj	0.5138	arcane
arcano	nm	1.2852	secret | mystery
arce	nm	1.0288	maple
arce blanco	loc	0.8901	sycamore | Scottish maple | great maple
arce sicomoro	loc	0.9282	sycamore | Scottish maple | great maple
arcén	nm	1.0345	shoulder
Archaea	prop	0.0004	Archaea
archiduque	nmf	0.0009	archduke
archiduquesa	nf	0.0911	archduchess
archipiélago	nm	1.2356	archipelago
archivar	v	0.3423	archive
archivística	nf	0.0631	archival science
archivolta	nf	0.1152	archivolt
arcilla	nf	0.7357	clay
arcilloso	adj	0.1221	clayey | clayish
arco	nm	2.2235	bow | arc | arch
arco de triunfo	loc	0.1281	triumphal arch
arcoíris	nm	3.9320	rainbow
arder	v	1.1053	burn
arder las orejas	loc	0.0386	are your ears burning
ardid	adj	0.4106	ploy
ardiente	adj	0.5228	burning
ardilla	nf	1.9873	squirrel
ardor	nm	0.5383	ardor | ardour
ardoroso	adj	0.2620	ardent
arduo	adj	0.5727	arduous
área	nf	1.7739	area
área metropolitana	loc	0.2073	metropolitan area
arena	nf	2.1513	sand
arenero	nm	0.0000	sand table
arengar	v	0.1204	accost
arenisca	nf	0.1208	sandstone
arenoso	adj	0.3015	sandy
arenque	nm	0.1307	herring
areóstilo	adj	0.0000	araeostyle
arepa	nf	0.0440	arepa
arete	nm	1.4837	earring
argamasa	nm	0.0002	Oxford cap
arganeo	nm	0.9502	ring | shackle
Argel	prop	0.6367	Algiers
Argelia	n	1.0875	Algeria
argelino	adj	0.5543	Algerian
argemone	nf	0.1208	prickly poppy | long pricklyhead poppy | pale poppy
argentado	adj	0.9884	silver | silvered | silvery
Argentina	n	1.1827	Argentina
argentino	adj	0.2242	argentine | Argentinian
argento	nm	0.3295	silver
argentometría	nf	0.0604	argentometry
arginina	nf	0.1062	arginine
argón	nm	0.9937	argon
argot	nm	0.8029	slang | argot | jargon
Argovia	prop	0.2263	Aargau
argucia	nf	0.2796	sophistry
argüidor	adj	0.1152	arguer
arguila	nm	0.7553	hookah | narghile
argüitivo	adj	0.1152	arguer
argumentación	nf	0.2095	argumentation
argumentador	adj	0.0000	discusser | discussing
argumentar	v	0.6028	argue
argumentativo	adj	0.1272	argumentative
argumento	nm	2.1003	argument
aria	nf	0.3982	aria
Ariadna	prop	0.1546	Ariadne | Ariana | Ariane | Arianna
aridecer	v	0.2034	dry up
aridez	nf	0.0182	aridness
árido	adj	0.1985	arid | dry
Ariel	prop	0.0794	Ariel
Ariela	prop	0.1255	Ariel | Arielle
Aries	prop	0.6834	Aries
arista	nf	0.9720	edge
aristarco	nm	0.0515	Aristarch
aristocracia	nf	1.1451	aristocracy
aristocráticamente	adv	0.0590	aristocratically
aristocrático	adj	0.7729	aristocratic
aristofánico	adj	0.0546	Aristophanean | Aristophanic
aristón	nm	0.2058	barrel organ
Aristóteles	prop	0.0938	Aristotle
aritmética	nf	0.3521	arithmetic | arithmetics
arlequín	nm	0.4960	harlequin
arma	nf	1.9474	weapon | arm
arma blanca	loc	0.5854	cold weapon
arma de fuego	loc	0.1936	firearm
arma nuclear	loc	0.2444	nuclear weapon
armada	nf	1.3350	fleet | navy
armadillo	nm	1.2877	armadillo
armadura	nf	0.0352	armour
Armagedón	prop	0.2591	Armageddon
Armando	prop	0.1338	Herman
armario	nm	2.0239	cupboard | closet | wardrobe | cabinet
armazón	nmf	1.4939	frame
Armenia	n	1.2330	Armenia
armenio	nm	0.0004	armenian
armenio	adj	0.4887	Armenian
armiño	nm	1.2306	stoat | ermine
armisticio	nm	0.4479	armistice
armonía	nf	1.0801	harmony
armoniosamente	adv	0.0427	harmoniously
armonioso	adj	0.3194	harmonious
armonizador	adj	0.0258	harmonizer | harmonizing
arnés	nm	0.3655	harness
árnica	nf	0.3513	arnica
aro	nm	2.0798	ring
aroma	nm	0.8282	aroma
aromático	adj	0.6702	aromatic
arpa	nf	0.9935	harp
arpa eólica	loc	0.0657	Aeolian harp
arpillera	nf	0.0444	hessian | sackcloth
arpón	nm	0.5602	harpoon
arponar	v	0.1194	harpoon
arquear	v	0.6569	arch
arquearse	v	0.5040	arch
arquegonio	nm	0.0815	archegonium
arqueoestratigrafía	nf	0.0000	archaeostratigraphy
arqueolítico	adj	0.0002	archaeolithic
arqueología	nf	1.5184	archaeology | archeology
arqueológico	adj	0.1821	archaeological | archaeologic | archeologic | archeological
arquetípico	adj	0.2042	archetypal
arquetipo	nm	0.9419	archetype
arquidiócesis	nf	0.5678	archbishopric
arquimedeano	adj	0.0892	Archimedean
arquimediano	adj	0.0446	Archimedean
arquimédico	adj	0.1077	Archimedean
arquitecto	n	0.6815	architect
arquitectónico	adj	0.0364	architectonic
arquitectura	nf	0.6079	architecture
arquitrabe	nm	0.1524	architrave
arquivolta	nf	0.1152	archivolt
arracada	nf	1.8083	earring
arraigar	v	1.4630	root
arranarse	v	0.8619	squat
arrancar	v	0.5357	rip off | tear out
arranque	nm	0.0008	impetuosness
arrastrar	v	0.0440	carry over | drag
arrastrarse	v	0.4725	crawl
arrayán	nm	0.9891	myrtle
arrebatadamente	adv	0.1555	passionately
arrebatar	v	0.1907	pluck out
arrebol	nm	0.5769	red | rouge
arrecife	nm	0.4261	reef
arreflexia	nf	0.0446	areflexia | hyporeflexia
arregladamente	adv	0.3761	orderly | according to
arreglar	v	1.3686	arrange | fix
arreglo	nm	1.8427	order | period
arregosto	nm	0.2136	hobby
arrejuntarse	v	0.1503	shack up
arremangar	v	0.3994	roll up
arremangarse	v	0.0604	curl up
arremeter	v	0.9451	assault
arremeterse	v	0.4103	group
arrendadero	nm	0.0004	mangerring
arrendamiento	nm	0.6440	lease
arrendar	v	2.4990	hire | rent
arrendatario	adj	0.2756	lessee | tenant
arrepentimiento	nm	0.7883	regret
arrepentirse	v	0.7883	regret
arrequive	nm	0.0681	garniture
arrestado	adj	0.5759	slow | careful
arrestar	v	0.8792	arrest
arresto	nm	0.4840	arrest | determination
arrezuz	nm	0.0000	liquorice
arriar	v	1.2352	lower | haul down
arribaje	nm	0.6366	arrival
arribar	v	1.5649	arrive
arribarse	v	0.4721	arrive
arribismo	nm	0.0482	careerism
arribista	nmf	0.0007	arrivistesocial climber
arribo	nm	0.5902	sailing down | arrival
arriendo	nm	0.8840	rent
arriero	nm	0.2884	muleteer
arriesgadamente	adv	0.0704	adventurously | intrepidly | riskily
arriesgar	v	1.2588	risk | hazard
arriostramiento	nm	0.0003	architectural bracing
arritmia	nf	0.1639	arrhythmia | cardiac arrhythmia | dysrhythmia
arrítmico	adj	0.3774	unequal | irregular
arrizar	v	0.1739	reef
arroaz	nm	1.9768	dolphin
arroba	nf	0.7045	at sign
arrobarse	v	0.0002	become enchanted
arrodillarse	v	0.4231	kneel
arrogador	adj	0.0000	arrogating
arrogancia	nf	0.7415	arrogance
arrojar	v	1.0259	eject
arrollado	nm	0.0446	roulade
arrollador	adj	0.2652	amazing | dumbfounding | overwhelming
arrollar	v	1.3103	roll
arropar	v	0.7844	cover
arroparse	v	1.0715	cover
arrostrar	v	1.0486	to | face up to
arroyo	nm	2.0951	brook | stream | rivulet | creek
arroz	nm	3.3030	rice
arrozal	nm	0.0000	rice field | rice paddy | paddy
arruga	nf	1.2827	wrinkle
arrugar	v	1.1437	wrinkle
arruinar	v	2.1445	ruin | devastate
arrullar	v	0.1621	bill and coo
arrumbar	v	0.0515	cast aside | stow
arsenal	nm	0.6553	arsenal
arsénico	nm	0.3799	arsenic
arsfenamina	nm	0.0751	arsphenamine | Salvarsan
arte	n	2.4571	art | skill
arte callejero	loc	0.1588	street art
arte marcial	loc	0.0000	martial arts
arte secuencial	loc	0.0000	sequential art
artefacto	nm	0.0417	artefact | artifact
arteramente	adv	0.1201	cunningly | slyly
arteria	nf	1.3295	artery
arteria celíaca	loc	0.0000	celiac artery
arteria coronaria	loc	0.0705	coronary artery
arteria vertebral	loc	0.0182	vertebral artery
artero	adj	0.2660	crafty
artesanal	adj	0.1546	handcrafted
artesanía	nf	0.0182	craftwork | handicraft
artesano	adj	0.3290	artisanal | handcrafted
artesano	nmf	0.5399	artisan
artesón	nm	0.6425	coffer
artesonado	nm	0.0009	coffered ceiling
artesonado	adj	0.0996	coffered
ártico	adj	0.5572	Arctic | arctic
Ártico	prop	0.6208	Arctic
articulación	nf	0.5368	articulation | joint
articulador	adj	0.0446	articulative | articulator
articular	v	0.5613	articulate
articular	adj	0.1551	articular
articularse	v	0.1784	articulate
artículo	nm	1.3429	article
artículo de consumo	loc	0.3454	commodity
artículo de primera necesidad	loc	0.0002	essential item
artículo definido	loc	0.2839	definite article
artículo determinado	loc	0.2839	definite article
artículo indefinido	loc	0.2386	indefinite article
artículo indeterminado	loc	0.2386	indefinite article
artificial	adj	1.1428	artificial | τεχνητός
artificio	nm	0.3889	artifice
artillería	nf	0.2959	artillery
artilugio	nm	0.3450	contraption | device | gimmick | ruse
artimaña	nf	0.3175	artifice
artiodáctilo	adj	0.0364	even-toed
artista	nmf	0.9565	artist
artísticamente	adv	0.0576	artistically
artístico	adj	0.3153	artistic
artivismo	nm	0.0258	artivism
artritis	nf	0.7040	arthritis
artrópodo	nm	0.3645	arthropod
artrosis	nf	0.4732	osteoarthritis | arthrosis
artúrico	adj	0.0364	Arthurian
Aruba	n	0.2016	Aruba
arubeño	adj	0.1137	Aruban
aruspicina	nf	0.0364	haruspicy
arveja	nf	2.2286	pea | tare | vetch
arzobispado	nm	0.1467	archbishopric
arzobispo	nm	0.4196	archbishop
arzón	nm	0.0773	saddle tree
as	nm	3.5128	ace | as
asa	nf	1.1961	handle
asado	nm	1.2578	roast
asado	adj	1.2578	roast
asado alemán	loc	0.0000	meat loaf
asado de tira	loc	0.0003	crosscut ribs | ribs
asalariar	v	0.4059	pay
asaltar	v	1.0458	assault | take by surprise
asalto	nm	0.7072	assault | assailment
asamblea	nf	0.6992	meeting | assembly
asar	v	1.0075	grill
asarse	v	0.2059	bake
asbesto	nm	0.4795	asbestos
asca	nf	0.0223	ascogonium
áscaris	nm	0.0000	ascaris
ascender	v	1.2970	rise
ascendiente	n	0.1644	ascending
ascensión	nf	0.2830	ascension
Ascensión	n	0.2610	Ascension
ascenso	nm	0.5393	promotion | ascent
ascensor	nm	2.5482	lift | elevator
ascéticamente	adv	0.0315	ascetically
ascetismo	nm	0.4917	asceticism
asco	nm	0.1725	ascus
ascogonio	n	0.0223	ascogonium
ascoma	n	0.0129	ascoma
ascomicete	adj	0.0576	ascomycete
ascoso	adj	0.5449	disgusting | nauseating
ascua	nf	0.4573	ember
asear	v	0.7172	wash
asechar	v	0.1362	beleaguer
asediar	v	0.8501	besiege | beleaguer | beset
aseguramiento	nm	0.2514	assurance | securing
asegurar	v	1.3990	claim | secure | ensure | reassure | insure
aseidad	nf	0.0740	aseity
asemejarse	v	0.9172	resemble
asenderear	v	0.1809	pursue
asenso	nm	0.4381	assent
asentador	nm	0.2794	setter | layer
asentamiento	nm	0.7721	settlement
asentar	v	1.5340	level | settle | deliver | establish | stabilize
asentimiento	nm	1.1247	assent | consent
asentir	v	0.5642	assent
asepsia	nf	0.1502	asepsis
aséptico	adj	0.1693	aseptic
asequible	adj	0.4461	attainable
Asera	n	0.0182	Asherah
aserción	nf	0.2070	affirmation
aserradero	nm	0.2028	sawmill
aserrar	v	1.2955	saw
aserrín	nm	0.3821	sawdust
asertividad	nf	0.0929	assertiveness
asertivo	adj	0.1641	assertive
aserto	nm	0.1177	assertion
asesinar	v	2.1492	assassinate | murder
asesinato	nm	1.2228	murder
asesino	adj	1.7483	murderer
asesorar	v	0.4616	advise
aseverar	v	0.4314	assert | asseverate
asexual	adj	0.3160	asexual
asexualidad	nf	0.3400	asexuality
asexualmente	adv	0.0854	asexually
asfalto	nm	0.5943	asphalt
asfíctico	adj	0.0000	asphyxial
asfixia	nf	0.3075	asphyxia | asphyxiation
asfixiar	v	1.0193	asphyxiate | choke | smother | suffocate
asfixiarse	v	0.5899	choke | suffocate | asphyxiate
Ashjabad	prop	0.0000	Ashkhabad
así		0.4389	albeit
Asia	prop	1.1898	Asia
Asia Menor	prop	0.1937	Anatolia
asiático	adj	0.0000	asian
asibilación	nf	0.0364	assibilation
asiduo	adj	0.1893	assiduous
asiento	nm	1.4050	seat
asignación	nf	0.0853	assignation
asignatura	nf	0.0006	school subject | subject
asignatura pendiente	loc	0.3526	subject
asilo	nm	0.7829	asylum
asimetría	nf	0.2082	asymmetry
asimétricamente	adv	0.0740	asymmetrically
asimétrico	adj	0.5116	asymmetric | asymmetrical
asimilación	nf	0.3155	assimilation
asimilar	v	0.6799	assimilate | digest | take in
asimismo	adv	1.0751	also | as well
asíndeton	nm	0.2588	asyndeton
asintomático	adj	0.1910	asymptomatic
asintótico	adj	0.0794	asymptotic
asir	v	0.9333	grasp
asirio	adj	0.4125	Assyrian
Asís	prop	0.0964	Assisi
asistencia	nf	0.8945	assistance
asistólico	adj	0.0315	asystolic
asma	nf	0.4891	asthma
Asmara	prop	0.1108	Asmara
asmático	adj	0.1995	asthmatic
asnal	adj	0.3930	asinine
asnino	adj	0.3930	asinine
asno	nm	1.9846	donkey
asociación	nf	1.5176	association | society
asociar	v	1.0347	associate
asolar	v	1.1896	destroy | devastate
asolear	v	0.1390	sunbathe
asomar	v	0.2858	put out
asomarse	v	0.0003	lean out
asombrar	v	1.1313	surprise
asombrosamente	adv	0.1084	amazingly
asombroso	adj	0.5917	amazing
asonancia	nf	0.0751	assonance
asonante	adj	0.0644	assonant
asonar	v	0.0000	assonate
aspa	nf	1.1330	blade | niddy noddy | niddy-noody
asparagina	nf	0.0815	asparagine
aspaventar	v	0.1130	terrorize
aspaviento	nm	0.8117	fuss
aspecto	nm	1.1725	aspect | appearance | look | respect
ásperamente	adv	0.0129	raucously
aspereza	nf	0.2111	roughness | coarseness
ásperger	nm	0.0129	Asperger
asperjar	v	0.3889	spray
áspero	adj	1.9040	coarse | rough
áspid	nm	0.3488	asp | cobra | adder
aspiración	nf	0.8264	aspiration
aspiradora	nf	0.4121	vacuum cleaner | hoover
aspirina	nf	0.3994	aspirin | acetylsalicylic acid
asqueante	adj	0.5449	disgusting | nauseating
asquear	v	0.5902	disgust
asqueroso	adj	1.1541	disgusting
asta	nf	0.5928	flagpole
Astana	prop	0.0005	Astan
Astaná	prop	0.1651	Astana
astático	adj	0.2289	astatic | astatine | astatinic
astato	nm	0.5369	astatine
astenia	nf	0.0998	asthenia
astenosfera	nf	0.0657	asthenosphere
asterisco	nm	0.4711	asterisk
asterismo	nm	0.1130	asterism
asteroide	nm	0.9424	asteroid | minor planet
astigmatismo	nm	0.2097	astigmatism
astilla	nf	0.9798	splinter
astillar	v	0.2957	splinter
astillarse	v	0.2957	shatter | splinter
astillero	nm	0.3518	dockyard | shipyard
astilloso	adj	0.0000	splintery
astrafobia	nf	0.1727	astraphobia
astricción	nf	0.0182	astriction
astrictivo	adj	0.0000	astrictive | astringent
astringencia	nf	0.0470	astringency
astringente	adj	0.2550	astringent
astringir	v	0.2318	compel | constrict
astro	nm	2.0074	heavenly body | star
astroblema	nm	0.0946	astrobleme
astrocito	nm	0.1146	astrocyte
astrocitoma	nm	0.0288	astrocytoma
astrofísica	nf	0.1945	astrophysics
astrógrafo	nm	0.0364	astrograph
astrolabio	nm	0.2385	astrolabe
astrología	nf	0.4356	astrology
astrológico	adj	0.1137	astrological | astrologic
astrólogo	nm	0.6510	astrologer | astrologist
astrometría	nf	0.1932	astrometry
astronauta	n	0.5494	astronaut
astronáutica	nf	0.1813	astronautics | cosmonautics
astronáutico	adj	0.0773	astronautic
astronave	nf	0.1577	spaceship
astronomía	nf	1.0115	astronomy
astronómico	adj	0.0604	astronomic | astronomical
astrónomo	nmf	0.6201	astronomer | stargazer
astroso	adj	0.2703	unkempt
astu	nm	0.0002	astu
astucia	nf	0.5564	astuteness
astucioso	adj	0.3408	astute | sly | shrewd
asturianismo	nm	0.0182	Asturianism
Asturias	prop	0.1775	Asturias
astuto	adj	1.1540	sly | astute | shrewd
asueto	nm	0.5197	discharge
asumir	v	1.1901	assume | take | accept
asunción	nf	0.4912	assumption | ascension | carriage
Asunción	prop	0.1387	Asunción
Asunción de María	prop	0.0003	Assumption of Mary
asunto	nm	1.0967	affair | business
asustar	v	0.7711	frighten
atacar	v	0.4520	erode
atadijo	nm	0.0004	loosely-made bundle
atado	adj	1.1618	bundle
atafarra	nf	0.0869	crupper
ataharre	nm	0.1737	crupper
atajo	nm	0.7540	shortcut
atalador	adj	0.0751	feller | felling
atalaya	nf	0.2574	watchtower
atañer	v	0.7017	concern
ataque	nm	1.8047	attack | assault
atar	v	1.9881	tie
ataraxis	nf	0.0631	ataraxia
atarazana	nf	0.7212	shipyard
atardecer	nm	0.6443	evening
atarraya	nf	0.2193	fishing net
atascar	v	1.1230	block | obstruct
ataúd	nm	1.0271	coffin | casket
ataviar	v	0.4083	adorn
atávico	adj	0.1893	atavistic
atavío	nm	0.9034	array | clothing
atavismo	nm	0.0946	atavism
ataxia	nf	0.0644	ataxia
atáxico	adj	0.0182	atactic | ataxic
ateísmo	nm	0.6531	atheism
atelofobia	nf	0.0499	atelophobia
atemorizador	adj	0.2731	frightening
atemperador	adj	0.0000	moderating | tempering
atemperar	v	0.5109	moderate
Atenas	prop	1.0463	Athens
atenazar	v	0.4892	grip
atender	v	0.5658	look after
ateneo	nm	0.1596	athenaeum
ateniense	adj	0.0003	athenian
atentar	v	0.7155	strike
atento	adj	0.9329	alert | devotional
atenuación	nf	0.3068	attenuation
atenuar	v	0.2920	attenuate
atenuarse	v	0.1377	attenuate
ateo	adj	0.8331	atheist | atheistic
aterciopelado	adj	0.2554	velvety
aterrador	adj	0.3561	terrifying
aterrar	v	0.3308	terrify
aterrizaje	nm	0.5169	landing
aterrizar	v	1.1858	land
aterrorizar	v	0.2514	terrorize
atestiguar	v	0.3818	testify | attest
atiborrar	v	0.5872	cram
ático	nm	0.7615	attic
ático	adj	0.3173	Attic
atiesar	v	0.4039	stiffen
atiesarse	v	0.3722	stiffen
atiforrarse	v	1.4140	to | onself | pig out | stuff
atinar	v	0.8548	guess
atípico	adj	0.2746	atypical
atisbar	v	0.8687	glimpse | watch
atizar	v	0.2554	stoke
Atlacomulco	prop	0.1093	Atlacomulco
Atlanta	prop	0.1411	Atlanta
atlántico	adj	0.1917	Atlantic
Atlántico	prop	0.4392	Atlantic
atletismo	nm	0.1893	athletics
atmosfera	nf	0.0000	vibes
atmósfera	nf	1.3197	atmosphere
atmosférico	adj	0.1275	atmospheric | atmospherical
atoar	v	0.4097	attract
atómicamente	adv	0.0258	atomically
atómico	adj	0.6915	atomic
atomístico	adj	0.0515	atomistic
atomizador	nm	0.9202	spray | atomizer
atomizar	v	0.2128	vaporize
átomo	nm	1.3914	atom
atónico	adj	0.1595	unaccented
atónito	adj	0.4197	astonished
átono	adj	0.0815	atonic | unstressed
atontadamente	adv	0.1112	stupidly
atorar	v	0.6691	obstruct | clog
atormentador	adj	0.0311	tormenting
atormentar	v	1.2378	hurt
atornillar	v	1.2974	screw
atosigador	adj	0.0315	pesterer | pestering
atosigar	v	0.2944	pester
atóxico	adj	0.0682	atoxic
atrabilioso	adj	0.0000	atrabiliar | atrabilious
atracar	v	0.9966	plunder
atracción	nf	1.0328	attraction
atracón	nm	0.0364	bellyful | binge
atractivo	adj	1.1955	attractive
atraerse	v	0.2597	attract | have a feeling
atragantar	v	0.4569	choke
atragantarse	v	0.7462	choke
atrapamoscas	nm	0.0006	flytrap | venus flytrap
atrapar	v	3.4635	catch | capture | seize | apprehend | grab | grapple
atrazina	nf	0.0002	Atrazine
atrever	v	0.5137	dare
atreverse	v	0.6598	dare
atrevido	adj	0.9071	daring
atrezo	nm	0.4126	accessory
atribución	nf	0.1654	attribution
atribular	v	0.6274	grieve
atributo	nm	1.4344	attribute
atril	nm	0.6457	lectern
atrofia	nf	0.2590	decline
atrofia muscular	loc	0.0003	muscle atrophy
atrófico	adj	0.0576	atrophic
atronador	adj	0.3005	deafening | thundering | thunderous | thundersome
atropellar	v	0.4443	run over
atroz	adj	0.0007	atrociuos
attoamperio	nm	0.0315	attoampere
attocandela	nf	0.0003	attocandela
attofaradio	nm	0.0003	attofarad
attogramo	nm	0.0364	attogram
attohercio	nm	0.0000	attohertz
attojulio	nm	0.0000	attojoule
attokelvin	nm	0.0003	attokelvin
attolitro	nm	0.0000	attolitre
attómetro	nm	0.0000	attometer | attometre
attonewton	nm	0.0003	attonewton
attoohmio	nm	0.0003	attohm
attosegundo	nm	0.0546	attosecond
attovatio	nm	0.0000	attowatt
attovoltio	nm	0.0003	attovolt
atuendo	nm	0.6208	clothing
atún	nm	1.0271	tuna | tunny | tuna-fish
au pair	nmf	0.0810	au pair
auch	interj	0.2442	ouch
Auckland	prop	0.1093	Auckland
audacia	nf	0.8449	audacity
audazmente	adv	0.2286	boldly
audibilidad	nf	0.1418	audibility
audible	adj	0.3807	audible
audición	nf	0.5184	audition | hearing
audiencia	nf	0.3590	audience | crowd
audiología	nf	0.1524	audiology
audiometría	nf	0.0004	Audiometry
audiovisual	adj	0.1821	audiovisual
auditar	v	0.3707	check
auditivo	adj	0.2771	hearing | auditive
auge	nm	0.4675	acme
Augsburgo	prop	0.2831	Augsburg
augur	nmf	0.2491	augur
augurador	adj	0.0000	auguring
augurante	adj	0.0000	auguring
augurar	v	0.4953	bode
augurio	nm	0.5253	augury
Augusto	prop	0.2324	August
aula	nf	0.4660	classroom
áulico	adj	0.1134	courtly | aulic
aullador	adj	0.0854	howling
aullante	adj	0.0854	howling
aullar	v	0.7787	howl
aullido	nm	0.6715	howl
aumentador	adj	0.0000	augmenting
aumentar	v	2.2807	increase | augment
aún	adv	1.7918	still
aunque		1.0519	although
aura	nf	0.4505	aura
auricular	adj	1.3974	ear | auricular
auricular	nm	0.4902	headphone
auriculiforme	adj	0.0129	auriculiform
aurífero	adj	0.2046	auriferous | gold-bearing
aurífico	adj	0.0258	aurous
aurígero	adj	0.2046	auriferous | gold-bearing
aurívoro	adj	0.0000	aurivorous
aurora	nf	1.8517	dawn
Aurora	n	0.1093	Aurora
aurora polar	loc	0.1350	aurora
auscultación	nf	0.2413	auscultation
auscultar	v	0.0854	auscultate
ausencia	nf	0.8510	absence
ausentar	v	0.3820	leave
ausentarse	v	0.5109	absent
austeridad	nf	0.3585	austerity
austero	adj	1.9289	austere | acid | astringent | severe | simple
austral	adj	0.5636	southern | austral
Australia	n	1.7657	Australia
australiano	adj	0.4904	Australian
Austria	n	1.2179	Austria
austríaco	adj	0.5569	Austrian
autagonistofilia	nf	0.0000	autagonistophilia
autarca	nm	0.0341	autarch
autarcía	nf	0.2253	autarchy
autarquía	nf	0.3279	autarky | autarchy
autárquico	adj	0.1313	autarkic
auténticamente	adv	0.1596	authentically
autenticar	v	0.2865	authenticate
autenticidad	nf	0.3873	authenticity
autentificar	v	0.3456	authenticate
autismo	nm	0.1937	autism
autístico	adj	0.1155	autistic
autito chocador	loc	0.2808	bumper car | dodgem
auto	nm	3.0868	car
auto de choque	loc	0.2467	bumper car | dodgem
autoantónimo	adj	0.0000	contranymic
autobesidad	nf	0.0705	autobesity
autobiografía	nf	0.5661	autobiography
autobiográficamente	adv	0.0407	autobiographically
autobiográfico	adj	0.1411	autobiographical
autobús	nm	1.9422	bus
autocamión	nm	0.9851	truck
autocomplaciente	adj	0.1052	complacent
autocontrol	nm	0.3030	self-control
autocracia	nf	0.3985	autocracy
autocrítica	nf	0.1313	self-criticism
autóctono	adj	0.4771	autochthonous
autodefensa	nf	0.0004	autodefense
autodestrucción	nf	0.0531	self-destruction
autodestructivo	adj	0.0604	self-destructive
autodidacta	adj	0.0912	autodidact
autoeficacia	nf	0.0515	self-efficacy
autoescuela	nf	0.1546	driving school
autoestima	nf	0.2828	self-esteem
autoestimulación	nf	0.0258	stimming
autoestopista	n	0.4087	hitchhiker
autofoto	nf	0.5361	selfie
autogiro	nm	0.1093	autogyro
autogobierno	nm	0.0772	self-government
autógrafo	nm	0.2705	autograph
autohipnosis	nf	0.0003	self-hypnosis
autoinjerto	nm	0.0315	autotransplantation
autólogo	adj	0.0311	autologous
autómata	nm	0.3662	automaton
automáticamente	adv	0.2550	automatically
automático	adj	0.5008	automatic
automatización	nf	0.2621	automation | automatisation | automatization
automóvil	nm	1.4896	automobile
automovilismo	nm	0.1466	auto racing | automobile racing | car racing
autonomía	nf	0.6463	autonomy | range
autónomo	adj	0.3467	autonomous
autopiloto	nm	0.2890	autopilot
autopista	nf	0.5759	motorway | highway | freeway
autopoiesis	nf	0.1159	autopoiesis
autopoliploidía	nf	0.0000	autopolyploidy
autoproclamado	adj	0.0800	self-proclaimed
autopropulsión	nf	0.0003	self-propulsion
autopsia	nf	0.6316	autopsy
autor	nmf	1.2269	author
autoría	nf	0.1363	authorship
autoridad	nf	1.1331	authority
autoritario	adj	0.8310	authoritarian
autoritarismo	nm	0.2133	authoritarianism
autorización	nf	0.5904	authorization
autorizante	adj	0.0000	authorizing | empowering | licensing
autorizar	v	0.5469	authorize
autorregulador	adj	0.0000	self-regulating | self-regulatory
autorretrato	nm	0.2280	self-portrait
autostop	nm	0.0000	hitchhiking
autostopista	n	0.0008	htichhiker
autosuficiencia	nf	0.4797	self-sufficiency
autosuficiente	adj	0.4306	self-sufficient
autotaxi	nm	0.5570	taxicab | cab
autotomía	nf	0.2220	autotomy
autotransformación	nf	0.0002	self-transformation
autotransformador	nm	0.0515	autotransformer | self-transformative
autotransformador	adj	0.0004	self-transforming
autotrófico	adj	0.0464	autotrophic
autótrofo	adj	0.1293	autotroph | autotrophic
autumnal	adj	0.4213	autumnal
auxiliar	v	1.0301	assistant
auxilio	nm	0.5721	assistance
aval	nm	0.2839	aval
avalancha	nf	0.8173	avalanche
avalar	v	0.3657	endorse
avalorar	v	0.7820	encourage
avaluación	nf	0.3481	appraisal | valuation
avaluar	v	0.4735	appraise
avance	nm	1.0997	trailer
avance cinematográfico	loc	0.7445	trailer
avaricia	nf	0.5243	avarice | avariciousness | greed
avaricioso	adj	0.6352	greedy | avaricious
avaro	adj	2.4395	mean | miser | avaricious | niggardly
avasallar	v	1.5690	subject | subdue | subjugate
ave	nf	3.0837	bird
ave de rapiña	loc	0.5206	bird of prey
Ave del Paraíso	prop	0.0003	The Bird of Paradise
Ave Fénix	prop	0.0005	Firebird | Phoenix
ave nocturna	loc	0.6018	night owl | nighthawk
ave rapaz	loc	0.5368	bird of prey | raptor
ave rapiega	loc	0.5206	bird of prey
avecinar	v	0.3745	establish
avecinarse	v	0.0004	to approach
avefría	nf	0.5715	lapwing
avefría tero	loc	0.1240	southern lapwing
avejentarse	v	0.3437	blacken
avellana	nf	0.6003	hazelnut | Chilean hazelnut
avellano	nm	1.1594	hazel | common hazel | Chilean hazel
avena	nf	0.7230	oat | oats
avenar	v	0.2922	drain
avenida	nf	0.9062	avenue
aventura	nf	1.6423	adventure
aventuradamente	adv	0.0704	adventurously | intrepidly | riskily
aventurar	v	0.5299	squander
aventurarse	v	0.7456	car
avergonzado	adj	0.4495	ashamed
avergonzar	v	1.5847	shame | embarrass
avergonzarse	v	0.2275	be ashamed | embarrass oneself
avería	nf	0.5166	breakdown
averiguar	v	0.7745	find out | inquire
aversión	nf	0.7014	aversion
avestruz	nm	0.6388	ostrich
aviación	nf	1.1431	aviation | air force
aviador	nmf	1.2544	aviator | pilot | airman | flyer | ghost employee | phantom employee
aviar	adj	0.2779	avian
aviario	adj	0.2035	avian
avícola	adj	0.0000	avicular
avicultura	nf	0.1567	aviculture
avidez	nf	0.1362	avidity
Aviñón	prop	0.0854	Avignon
avión	nm	0.5711	aeroplane | airplane | house martin | martin | swallow
avión a reacción	loc	0.0003	jet aircraft
avión anfibio	loc	0.0005	amphibious aircraft
avión de carga	loc	0.0258	cargo plane
avión de caza	loc	0.0000	fighter aircraft
avión de combate	loc	0.3664	destroyer
avioneta	nf	0.0005	light aeroplane
aviónica	nf	0.0341	avionics
avisar	v	0.4571	warn
aviso	nm	1.1025	advice | noticenotification
avispa	nf	1.8589	wasp | hornet
avispero	nm	0.0004	wasp's nest
avistamiento	nm	0.0482	sighting
avistar	v	0.4251	sight
avizorar	v	0.3828	peep
avutarda	nf	0.2633	bustard
avutarda kori	loc	0.0773	kori bustard
axila	nf	1.4878	armpit | axilla
axiología	nf	0.1932	axiology
axiológico	adj	0.0407	axiological
axioma	nm	0.3245	axiom
axiomático	adj	0.1046	axiomatic
axiomatizar	v	0.0386	axiomatize
axión	nm	0.1222	axion
axón	nm	0.4637	axon
axónico	adj	0.0000	axonic
ayer	adv	2.7891	yesterday
aymara	adj	1.0279	Aymara
ayo	nmf	0.8424	tutor | hofmeister | nanny
ayudamiento	nm	0.4924	aid
ayudante de cámara	loc	0.0006	camera assistant | focus puller
ayudar	v	4.2232	help | assist
ayunador	adj	0.2833	fasting
ayunador	nm	0.0892	faster
ayunar	v	2.4983	fast
ayuno	nm	0.8064	fast
ayuno intermitente	loc	0.0010	intermittent fasting
ayuntamiento	nm	0.8659	city hall | city council | town hall
azabachado	adj	0.2231	jet-black
azabache	nm	1.2516	jet
azada	nf	1.1381	hoe
azadón	nm	0.8385	hoe
azafato	nmf	0.5315	stewardess
azafrán	nm	0.7774	saffron | crocus
azagaya	nf	0.2504	assegai
azahar	nm	0.1375	orange blossom
azano	nm	0.0000	azane
azar	nm	2.6398	chance | fate | randomness
azarar	v	0.3841	startle
azaroso	adj	1.5510	chance | fortuitous
Azerbaiyán	n	1.4342	Azerbaijan
azerbaiyano	nm	0.1338	Azeri | Azerbaijani
azerbayano	nm	0.1257	Azeri
azerí	nm	0.1404	Azeri
azerí clásico	loc	0.0000	Classical Azerbaijani
azimut	nm	0.4809	azimuth
azimutal	adj	0.0983	azimuthal
azogar	v	0.5019	tin | erase
azogue	nm	1.4025	mercury | quicksilver
azolvar	v	0.4181	clog
azor	nm	0.5405	goshawk | accipiter
azora	nf	0.7293	sura
azorar	v	0.3841	startle
Azores	n	0.0783	Azores
azotar	v	0.3545	flog
azote	nm	0.9172	whip
azotea	nf	0.8654	terrace | flat roof
azteca	adj	0.8037	Aztec
azúcar	nmf	3.4761	sugar
azúcar blanco	loc	0.0182	refined sugar | white sugar
azúcar de flor	loc	0.0000	confectioner's sugar | icing sugar | powdered sugar
azúcar flor	loc	0.0000	confectioner's sugar | icing sugar | powdered sugar
azúcar glas	loc	0.3430	powdered sugar | confectioner's sugar | icing sugar
azúcar impalpable	loc	0.0000	confectioner's sugar | icing sugar | powdered sugar
azúcar mascabado	loc	0.0000	muscovado | Barbados sugar | brown sugar
azúcar morena	loc	0.2668	brown sugar
azúcar moreno	loc	0.2668	brown sugar
azucarado	adj	0.0813	flattering
azucarar	v	0.7659	sugar
azuela	nf	0.6907	adze
azufrar	v	0.0315	sulphurize
azufre	nm	1.5457	sulfur | sulphur | brimstone
azul	adj	3.4364	blue | azure
azul ultramar	nm	0.1338	ultramarine
azulado	adj	0.1084	bluish
azular	v	0.5356	blue
azulejar	v	0.9106	to | tile
azulejo	nm	0.8730	tile
azulejo	adj	0.4823	bluish
azulito	nm	0.0005	glaucous-blue grosbeak
azur	adj	0.6404	azure
azurita	nf	0.2726	azurite
azuzador	adj	0.0997	inciter
azuzar	v	0.6366	incite
baba	nf	0.5982	drool
babear	v	0.4477	drool
babélico	adj	0.4741	confused | Babel
babeo	nm	0.2318	drool
babero	nm	0.5043	bib
babilonio	adj	0.2711	Babylonian
babor	nm	1.8819	port | larboard
babucha	nf	1.1820	slipper
babuino	nm	0.5348	baboon
baby shower	loc	0.0705	baby shower
baca	nf	1.4170	roof rack | top | tarpaulin
bacal	nm	0.2360	cob
bacalao	nm	1.3517	stockfish | cod | Atlantic cod
bacán	nm	1.7634	pimp
bacano	adj	0.8862	cool
bachata	nf	0.1150	bachata
bachatero	nmf	0.0000	bachatero
bache	nm	0.1826	pothole
bachiller	n	1.0848	bachelor
bacía	nf	0.6675	bowl
bacilar	v	1.5484	to | party
bacilar	adj	0.1936	bacillar
bacilo	nm	0.2057	bacillus
bacinete	nm	0.1179	bassinet
backdoor	nm	0.0258	backdoor
bacón	nm	0.5872	bacon
bacteria	nf	0.4105	bacterium | bacteria
bacterial	adj	0.2242	bacterial
bacteriano	adj	0.2242	bacterial
bactericida	adj	0.0929	bactericide
bacterioclorina	nf	0.0182	bacteriochlorin
bacteriófago	nm	0.2097	bacteriophage
bacteriología	nf	0.2928	bacteriology
bacteriológico	adj	0.0182	bacteriologic | bacteriological
bacteriostático	adj	0.0515	bacteriostatic
bacteriostático	nm	0.0182	bacteriostat
bactromancia	nf	0.0005	bactromancy
báculo	nm	0.7612	cane | walking stick
bada	nf	2.0988	rhinoceros
badajear	v	0.1445	blab
badajo	nm	0.5844	clapper | tongue
Badeguliense	nm	0.0003	Badegulian
badil	nm	1.6031	bat | bricklayer
badina	nf	0.2056	pool
Badminton	prop	0.0000	Badminton
bádminton	nm	0.1196	badminton
bagaje	nm	0.6695	luggage | baggage
bagatela	nf	1.8889	trifle | bagatelle | bauble
bagazo	nm	0.2103	bagasse
Bagdad	prop	0.2020	Baghdad
bagre	nm	0.5490	catfish
baguete	nf	0.1726	baguette
baha'i	nf	0.0003	bahá'í
bahaísmo	prop	0.0000	Bahá'í Faith
Bahamas	prop	0.0000	The Bahamas | Bahamas
bahameño	adj	0.1713	Bahamian
bahasa	nm	0.0004	bahasa Indonesia | indonesian
bahía	nf	1.6286	bay
Bahía	prop	0.2914	Salvador | Bahia
bahreiní	adj	0.1070	Bahraini
bailar	v	0.0021	to dance | dance
bailarín	nmf	0.8437	dancer
bailarín	nm	0.0007	white-tailed kite
bailarín chico	loc	0.0010	correndera pipit
baile	nm	2.5178	ball | dance
bailón	adj	0.0002	twinkle-toes
baipás	nm	0.3164	bypass
bajá	nm	0.3574	pasha | pascha
Baja Sajonia	prop	0.2937	Lower Saxony
bajacaliforniano	adj	0.0000	Baja Californian
bajacua	nf	0.1234	grump
bajalenguas	nm	0.2880	tongue depressor | spatula
bajamar	nf	0.5929	ebb | lowtide
bajar	v	1.6768	download | lower
bajarse	v	1.1109	descend | download | go down | bend down | duck | lower | get down
bajel	nm	0.7951	ship
bajista	n	1.2272	bear | bassist
bajo	adj	1.3062	bass
bajo costo	nm	0.0002	low cost
bajo eléctrico	nm	0.0682	electric bass
bajo llave	loc	0.0258	under lock and key
Bakú	prop	0.7099	Baku
bakuense	adj	0.1115	Bakuvian
bala	nf	1.3269	bullet | shot | bale
balacera	nf	0.1093	fusillade
balada	nf	0.3976	ballade | ballad
baladí	adj	0.8002	trivial
balador	adj	0.0364	baaing | bleating
baladro	nm	0.4818	shout
baladronear	v	0.1134	dish up
Balaklava	prop	0.0669	Balaklava
balalaica	nf	0.3309	balalaika
balanza	nf	0.0006	weighing scale
balar	v	0.3859	bleat | baa
balate	nm	0.1546	sea cucumber
balaustrada	nf	0.3368	balustrade
balaustre	nm	0.3476	baluster
balazo	nm	0.2798	weft | gunshot wound
balbucear	v	0.3363	stammer
balbuceo	nm	0.1751	stutter | stuttering
Balcanes	prop	0.2646	Balkans
balcanización	nf	0.0004	balkanisation
balcón	nm	0.5750	balcony
baldaquino	nm	0.3640	canopy
baldar	v	1.3862	upset | annoy | bother | vex | trump | ruff | paralyze | disable
balde	nm	2.0119	bucket | pail
baldón	nm	0.5357	blemish
baldosa	nf	0.6349	tile | filet
baleador	adj	0.1588	shooter | shooting
balido	nm	0.0622	bleating
baliza	nf	0.5061	beacon | buoy | marker
balizar	v	0.1812	mark out | trace
ballena	nf	1.5940	whale
ballena azul	loc	0.1006	blue whale
ballenato	nm	0.6418	calf | whale
ballesta	nf	0.1326	crossbow
ballet	nm	0.3921	ballet
balneoterapia	nf	0.0729	balneotherapy
balompié	nm	1.8506	football | soccer
balón	nm	1.4248	ball
baloncestista	n	0.0352	basketballer
baloncesto	nm	1.8438	basketball
balonmano	nm	0.4744	handball
balonvolea	nm	0.4892	volleyball
balotar	v	0.4355	vote
balsa	nf	1.2256	balsa | raft
balsámico	adj	0.0341	balsamic
bálsamo	nm	0.6152	balm | ointment | balsam
balsero	nmf	0.1888	boatman | balsero
báltico	adj	0.4994	Baltic
bambalina	nf	0.1135	backdrop
bambara	nf	0.3434	Bambara
bambolear	v	0.5413	stagger
bambú	nm	0.9382	bamboo
bambuco	nm	0.0005	bembuco
banana	nf	1.7782	banana tree | banana
bananero	nm	2.1137	banana
banano	nm	2.5582	banana
bancarrota	nf	0.6403	bankruptcy
banco	nm	2.0663	bench | bank
banco de datos	loc	0.0546	databank
banda	nf	0.8406	stripe | bond
banda sonora	loc	0.2959	soundtrack
bandada	nf	0.6787	flock
Bandar Seri Begawan	prop	0.2702	Bandar Seri Begawan
bandarense	adj	0.0003	Seri Begawanese
bandeja	nf	0.7312	tray | layup
bandeleta	nf	0.3016	label
bandera	nf	2.4482	flag | banner
bandera blanca	loc	0.0998	white flag
banderín	nm	0.1434	pennant
bandido	nmf	1.6526	bandit
bando	nm	0.4637	edict
bandolero	nm	0.6895	brigand | highwayman
bandoneón	nm	0.1338	bandoneon | bandonion
bandullo	nm	2.7263	belly | tummy
bandurria	nf	0.0005	buff-necked Ibis
banear	v	0.2257	ban
baneo	nm	0.2257	ban
Bangkok	prop	0.2677	Bangkok
Bangladesh	n	1.4498	Bangladesh
bangladeshí	adj	0.3109	Bangladeshi
bangladesí	adj	0.3109	Bangladeshi
Banjul	prop	0.1070	Banjul
banquero	nm	0.3535	banker
banqueta	nf	0.9095	sidewalk
banquete	nm	0.9408	banquet | feast
banquisa	nf	0.0955	floe
bantú	adj	0.0729	Bantu
banyo	nm	0.1245	banjo
bañador	adj	0.6902	swimsuit
bañar	v	1.5455	bath
bañarse	v	0.6454	bathe
bañera	nf	0.6057	bathtub
baño	nm	2.0063	bath | bathroom | bathtub | coating | coat | dip | Order of the Bath
baño turco	loc	0.0005	turkish bath
baobab	nm	1.0098	baobab
baptisterio	nm	0.0000	baptistery
bar	nm	6.2992	bar | pub
barahúnda	nf	0.1513	havoc
baraja	nf	0.7417	deck
barandilla	nf	0.3457	railing
barato	adj	0.6321	inexpensive
baratura	nf	0.0630	cheapness
barba	nf	1.7190	beard
barba de cabra	loc	0.0014	Jerusalem star | goatsbeard | oyster plant | salsify | vegetable oyster
barbacana	nf	0.2145	barbican
barbacoa	nf	0.0315	barbacoa | barbecue
barbada	nf	0.2780	lower jaw
barbadense	adj	0.1338	Barbadian
Barbados	n	0.6942	Barbados
barbárico	adj	0.2260	barbaric
barbarismo	nm	0.3820	barbarism
bárbaro	adj	0.7248	barbarian
barbasquillo	nm	0.0000	stonebreaker
barbecho	nm	0.9088	fallow
barbijo	nm	0.1431	facemask
barbilla	nf	2.0477	chin
barbo	nm	0.0004	common barbel
barbón	nm	0.4170	salsify | vegetable oyster
barbudo	adj	0.3606	bearded
barca	nf	1.1737	boat
barcaza	nf	0.6561	barge
Barcelona	prop	0.3042	Barcelona
barco	nm	3.0907	ship | nave
bardana	nf	0.7687	burdock
bardo	nm	0.4617	bard
Baréin	n	0.9028	Bahrain
barequear	v	0.7062	gold | to pan
barequeo	nm	0.7062	gold | panning
barequera	nf	0.9843	gold | pan
barequero	nmf	1.1139	gold | panner
bario	nm	0.5577	barium
barión	nm	0.0946	baryon
bariónico	adj	0.0482	baryonic
barita	nf	0.0000	baryte
baritina	nf	0.0000	baryte
barjana	nf	0.1649	barchan | barkhan
barloventear	v	0.5899	ply
barlovento	nm	0.1907	windward
barnizar	v	0.2500	varnish
barométrico	adj	0.0576	barometric
barómetro	nm	0.5125	barometer
barón	nmf	0.2592	baron
barotrauma	nm	0.1072	barotrauma
barotraumatismo	nm	0.1072	barotrauma
barquear	v	0.3333	to
barquero	n	0.1533	marine
barra	nf	1.1083	slash | hooligans | supporters
barrabasada	nf	0.1837	mischief
barraca	nf	0.1709	barrack
barragán	nm	0.0000	barracan
barranco	nm	0.8521	ravine
barrendero	nmf	0.2877	sweeper | street cleaner
barreño	nm	0.0008	washing-up bowl
barretín	nm	0.2839	crowbar
barrica	nf	0.5051	barrel
barricada	nf	0.4109	barricade
barriga	nf	3.3292	belly | tummy
barrigón	adj	0.3146	potbellied
barrigudo	adj	0.2865	potbellied
barril	nm	0.6097	barrel
barril de oro	loc	0.0007	golden barrel
barrio	nm	1.2533	neighborhood | quarter
barrio bajo	loc	0.5660	slum
barrioso	adj	0.4366	muddy
barritar	v	0.6307	trumpet
barrito	nm	0.1994	trumpet
barro	nm	2.6503	mud
barroso	adj	0.4940	muddy
barrote	nm	1.8741	bar
Bartolomé	prop	0.3470	Bartholomew
barullo	nm	0.9313	uproar
barzonear	v	0.3329	loiter
basa	nf	2.3277	base
basal	adj	0.0931	basal
basalto	nm	0.2857	basalt
basar	v	0.6167	base
basáride	nm	0.0000	ring-tailed cat
basarisco	nm	0.0000	ring-tailed cat
base	nf	0.8769	socket | point guard
base de datos	loc	0.4042	database
base militar	loc	0.0004	military base
base por bolas	loc	0.9092	walk | base on balls
básico	adj	0.8495	basic
basidio	nm	0.0446	basidium
basidiocarpo	nm	0.0000	basidiocarp
basidioma	n	0.0000	basidiome
basidiospora	n	0.0258	basidiospore
basificar	v	0.0129	basify
Basilea	prop	0.1496	Basel
basílica	nf	0.5152	basilica | basilic
basilisco	nm	0.2547	basilisk
basilosaurio	nm	0.0000	basilosaurus
basiónimo	n	0.0482	basionym | basonym
basípeto	adj	0.0000	basipetal
basófilo	nm	0.1022	basophil | basophil granulocyte
basofobia	nf	0.0000	basophobia
basoto	adj	0.1418	Mosotho
basquetbol	nm	1.6035	basketball
basquetbolista	n	0.3430	basketball player
bastante	adv	2.0261	enough
bastantemente	adv	0.9099	fairly | enough
bastar	v	0.5698	suffice
bastardo	adj	2.7774	bastard
bastión	nm	0.3459	bastion
bastón	nm	2.4952	stick | rod | pole | cane | scepter
bastón de caramelo	loc	0.1798	candy cane
bastonero	nmf	0.0000	batoneer
basura	nf	1.2909	garbage | trash | trash can
basurear	v	0.2525	trash
bata	nf	0.5541	robe | dressing gown | lab coat
batalla	nf	1.4236	battle
batallar	v	1.5738	fight
batallón	nm	0.3207	battalion
batamanta	nf	0.0002	sleeved blanket
batán	nm	0.5224	mill | fulling
batanado	adj	0.0000	fulled
batanado	nm	0.0000	fulling
batata	nf	2.1194	sweet potato | yam
bate	nm	1.0370	bat
bateador	nmf	0.5205	batter | panner
batey	nm	0.0000	batey
baticola	nm	0.0869	crupper
batidor	nm	0.6432	whisk
batiporte	nm	0.0005	portcell
batiscafo	nm	0.2891	bathyscaphe
batista	nf	0.1927	batiste
bato	nm	0.2576	bath
batolito	nm	0.2524	batholith
Baton Rouge	prop	0.0705	Baton Rouge
batonnet	nm	0.0182	batonnet
batuta	nf	0.3115	baton
bauda	nm	0.7323	en | night heron
baúl	nm	1.9636	trunk | chest | coffer
bauprés	nm	0.3067	bowsprit | boltsprit
bautismal	adj	0.1492	baptismal
bautismo	nm	0.5964	baptism
bautismo de fuego	loc	0.0000	baptism by fire
bautista	adj	0.6775	Baptist | baptist | acoustic
bautizar	v	0.6765	baptize
bauxita	nf	0.2350	bauxite
bávaro	adj	0.3217	Bavarian
Baviera	prop	0.5645	Bavaria
baya	nf	0.3755	berry
bayeta	nf	0.5029	bay | dishcloth
bayoneta	nm	0.2151	bayonet
bazar	nm	0.6737	bazaar
bazo	nm	1.1222	spleen | milt
bazuca	nm	0.2124	bazooka
be	nm	0.5287	baa
beagle	nm	0.1260	beagle
beatificación	nf	0.1070	beatification
beatificar	v	0.1453	beatify
beatífico	adj	0.0000	beatus
beatitud	nf	0.0786	blessedness
beatlemanía	nf	0.0854	Beatlemania
beato	adj	0.1391	devotional
Beatriz	prop	0.0794	Beatrice
bebe	nmf	0.8938	baby
bebedero	nm	1.3812	trough
bebedor	adj	0.3588	drinking | hard-drinking
beber	v	3.8758	drink
bebida alcohólica	loc	0.0003	alcoholic beverage
beca	nf	0.6059	scholarship | grant
becacina	nf	0.0008	South American snipe
becario	n	0.7547	a
becerro	nm	1.4490	calf
bedel	nmf	0.5270	porter
beduino	nm	0.1798	Bedouin
begonia	nf	0.1084	begonia
beicon	nm	0.5872	bacon
beige	adj	1.0216	beige
Beijing	prop	0.3956	Beijing
béisbol	nm	0.4813	baseball
bejuco	nm	0.5249	liana
beldad	nf	0.6889	beauty
belén	nm	0.1938	nativity
belena	nf	0.9648	alley
beleño	nm	0.6925	henbane
beleño negro	loc	0.0609	black henbane
Belfast	prop	0.1588	Belfast
belfo	nm	1.0622	chops | lip
belga	adj	0.5834	Belgian
Bélgica	n	1.4781	Belgium
Belgrado	n	0.1936	Belgrade
Belice	n	0.7695	Belize
beliceño	adj	0.1235	Belizean
bélico	adj	0.4881	warlike
belicoso	adj	0.8240	bellicose
beligerante	adj	0.8167	belligerent
belio	nm	0.1747	bel
Belisario	prop	0.0892	Belisarius
bellaco	adj	1.4352	brave | sly | cunning | shrewd | valiant
belladona	nf	0.0258	belladonna
bellamente	adv	0.2114	beautifully
belleza	nf	2.2749	beauty | babe
bello	adj	2.6217	beautiful | fair
bellota	nf	1.0508	acorn
bellotas	n	0.0341	acorns
Belmopán	prop	0.3995	Belmopan
Beltrán	prop	0.1093	Bertram
beluga	nf	0.2650	beluga
belvedere	nm	0.1457	belvedere
bendecir	v	0.9700	bless
bendición	nf	0.5914	blessing
benefactivo	nm	0.0000	benefactive
benefactor	adj	0.2848	benefactor
beneficiado	nmf	0.1143	beneficiary
beneficiar	v	0.2488	profit
beneficiario	nm	0.1980	beneficiary
beneficio	nm	1.2623	benefit
benéfico	adj	0.4661	beneficial
benemérito	adj	0.4790	meritorious
beneplácito	nm	1.1148	approval | consent
benevolencia	nf	0.7263	benevolence
benévolo	adj	0.5678	benevolent
bengala	nf	0.8842	sparkler | flare | rattan
bengalí	nm	1.1318	Bengali
bengalí	adj	0.7581	Bangladeshi | Bengal
Benicio	prop	0.2423	Benedict
benignidad	nf	0.0005	benignidade | benignity
benigno	adj	0.8154	gentle
Benín	n	0.8063	Benin
beninés	adj	0.3267	Beninese
Benito	n	0.1399	Benedict
benitoide	nf	0.0539	benitoite
benitoíta	nf	0.0539	benitoite
benteveo	nm	0.0016	great Kiskadee
bentos	nm	0.0618	benthos
beocio	adj	0.3479	silly
beodez	nf	0.9822	drunkenness | inebriety
beodo	adj	2.1286	drunk | drunkard
berenjena	nf	0.2603	aubergine | eggplant
Bérgamo	prop	0.1070	Bergamo
bergantín	nm	0.2446	brigantine | brig
berilio	nm	0.5403	beryllium
berilo	nm	0.7532	beryl
Berilo	n	0.0008	Berilo
berkelio	nm	0.5354	berkelium
berlín	nm	1.0176	Berliner
Berlín	n	0.9384	Berlin
berlina	nf	0.2464	Berlin
berlinesa	nf	0.9867	Berliner
bermejo	adj	0.6870	ruddy
bermellón	nm	0.3897	vermilion
bermudas	nf	0.0998	Bermuda shorts
Bermudas	prop	0.2186	Bermuda
bermudeño	adj	0.0000	Bermudan
Berna	prop	0.1313	Bern
Bernabé	n	0.4826	Barnabas | Barnaby
Bernardo	prop	0.2382	Bernard
berretín	nm	0.5522	crush
berro	nm	0.8695	watercress
berro de agua	loc	0.1326	watercress
Besanzón	prop	0.0546	Besançon
besar	v	2.1047	kiss
beso	nm	2.8119	kiss
beso con lengua	loc	0.6448	French kiss | pull | snog
beso de Judas	loc	0.0003	kiss of Judas
beso negro	loc	0.5000	anilingus | analingus | rimming
bestia negra	loc	0.1010	bugbear
bestialidad	nf	0.4837	bestiality | beastliness
besucar	v	1.1162	kiss
besuquear	v	1.1162	kiss
beta	nf	0.4482	beta
betarraga	nf	0.2161	beet
Betfagé	prop	0.0000	Bethphage
Bethel	prop	0.0000	Bethel
betilo	nm	0.0000	bethel
Betsabé	prop	0.2851	Bathsheba
Betsaida	prop	0.0604	Bethsaida
betún	nm	0.7105	bitumen | shoepolish
bezo	nm	0.0288	fat lip
bi	adj	0.1313	bi
biberón	nm	0.5136	baby bottle
biblia	nf	0.2014	bible
Biblia	n	1.0491	Bible | Book
bíblico	adj	0.6852	biblical
bibliofilia	nf	0.1261	bibliophilia | bibliophilism
bibliófilo	adj	0.2100	bibliophile
bibliografía	nf	0.3299	bibliography
bibliográficamente	adv	0.0258	bibliographically
bibliomancia	nf	0.0986	bibliomancy
bibliomanía	nf	0.1208	bibliomania
biblioteca	nf	1.7927	library | bookcase | bookshelf
bibliotecario	nmf	0.4617	librarian
bibliotecológico	adj	0.6239	relative | librarianship | nl or | nl to | related
biblioteconomía	nf	0.0892	library science
bicarbonato	nm	0.1728	bicarbonate
bicarbonato de sodio	loc	0.7246	sodium bicarbonate
bicéfalo	adj	0.1221	bicephalous
bicentenario	nm	0.0258	bicentenary | bicentennial | nota EEUU
bichicome	n	1.9045	bum | hobo | tramp
bichito de luz	loc	0.6905	firefly
bicho	nm	0.8477	bug
bicho bolita	loc	0.0631	sowbug | woodlouse
bicho de luz	loc	0.9294	firefly
bicibús	nm	0.0004	bikebus
bicicleta	nf	1.9628	bicycle | bike
bicifobia	nf	0.0006	bikephobia
bicóncavo	adj	0.0258	biconcave
biconvexo	adj	0.0341	biconvex
bicuento	nm	0.5041	trillion | billion
bicurioso	adj	0.0000	bicurious
bidé	nm	0.1962	bidet
bidente	adj	0.3322	fork
bidireccional	adj	0.1235	bidirectional
biela	nf	0.2930	connecting rod
Bielorrusia	n	1.5085	Belarus | Belorussia
bielorruso	nm	1.1620	Belarusian
bien dotado	loc	0.1595	well-hung
bien raíz	loc	0.3061	real estate
bienal	adj	0.1847	biennial
bienaventuranza	nm	0.0004	beatitud
bienestar	nm	0.3821	well-being
bienvenido	adj	1.7673	welcome
bifaz	nm	0.0000	handaxe
bife	nm	0.9895	steak
bifurcación	nf	0.4022	bifurcation
bifurcar	v	0.1639	bifurcate
Big Bang	nm	0.4689	Big Bang
big data	nmf	0.2045	big data
bigamia	nf	0.1301	bigamy
bigote	nm	1.4068	moustache | mustache
bikini	nf	0.3167	bikini
bilabial	adj	0.0929	bilabial
bilateral	adj	0.2391	bilateral
Bilbao	prop	0.0835	Bilbao
bilingüe	adj	0.7806	bilingual
bilingüismo	nm	0.2527	bilingualism
bilis	nf	0.9523	bile | gall
bilis negra	loc	0.0657	black bile
billar	nm	0.1771	billiards
billete	nm	0.8780	banknote
billetear	v	0.7495	bribe
billón	nm	0.5041	trillion
bimestral	adj	0.0223	bimestrial
binar	v	0.4441	affair
binario	adj	0.2796	binary
binomio	nm	0.1878	binomial
biocenosis	nf	0.0000	biocenosis
biodisponibilidad	nf	0.0482	bioavailability
biodiversidad	nf	0.1880	biodiversity
bioequivalencia	nf	0.0000	bioequivalency
biofísica	nf	0.2073	biophysics
biogeografía	nf	0.2348	biogeography
biogeografía humana	loc	0.0002	human biogeography
biografía	nf	0.4746	biography
biográficamente	adv	0.0315	biographically
biográfico	adj	0.0000	biographic | biographical
biohermita	nf	0.0002	biohermite
biología	nf	1.9164	biology
biológico	adj	0.7563	biological | biologic
biólogo	nmf	0.3233	biologist
bioma	nm	0.1115	biome
biomasa	nf	0.7891	biomass
biomecánica	nf	0.0705	biomechanics
biomecánico	adj	0.0315	biomechanical
biometría	nf	0.1062	biometrics
biométrico	adj	0.0920	biometric | biometrical
biónica	nf	0.3075	bionics
biónico	adj	0.1857	bionic
biopotencial	nm	0.0182	biopotential
biopsia	nf	0.0815	biopsy
bioquímica	nf	0.2774	biochemistry
biosatélite	nm	0.0182	biosatellite
biosfera	nf	0.1249	biosphere
biósfera	nf	0.1249	biosphere
biosíntesis	nf	0.0464	biosynthesis
biosonar	nm	0.0129	biosonar
biostasia	nf	0.0002	biorhexistasy
biostroma	nm	0.0182	biostrome
biota	nf	0.2315	biota
biotecnología	nf	0.2116	biotechnology
biotina	nf	0.0499	biotin
biotipológico	adj	0.0003	biotypologic | biotypological
biotita	nf	0.1440	biotite
biotopo	nm	0.1030	biotope
biotransformación	nf	0.0182	biotransformation
biotrón	nm	0.0129	biotron
biozona	nf	0.0223	biozone
biparietal	adj	0.0000	biparietal
bipartito	adj	0.0733	bipartite
bipectinado	adj	0.0000	bipectinate
bipedestación	nf	0.0007	bipedal stance | bipedestation
bípedo	adj	0.1928	biped
bipirámide	nf	0.0182	bipyramid | dipyramid
biplano	nm	0.1255	biplane
bipolar	adj	0.0933	bipolar
biquini	nf	0.2891	bikini
birlar	v	1.2313	snatch | pilfer | swipe
birlocho	nm	0.0000	whirlicote
Birmania	n	0.9489	Burma
birome	nf	0.9917	ballpoint pen
birrectangular	adj	0.0000	birectangular
birrefringencia	nf	0.0341	birefringence
birrete	nm	0.1832	mortarboard | square academic cap
bisabuela	nf	0.4207	great-grandmother
bisabuelo	nm	0.3679	great-grandfather
bisagra	nf	0.9502	hinge
bisalto	nm	0.6104	pea
bisecar	v	0.3720	bisect
bisectriz	nf	0.0704	bisection
biselar	v	0.1296	bevel
bisemanal	adj	0.2668	biweekly | semiweekly
bisemanario	nm	0.2311	biweekly
bisexual	adj	0.5345	bisexual
bisexualidad	nf	0.3368	bisexuality
Bishkek	prop	0.1567	Bishkek
bisiesto	adj	0.1669	leap year
bisilábico	adj	0.4189	disyllabic
bisílabo	adj	0.0008	dysillabic | two-syllable
bislama	nm	0.1953	Bislama
bismuto	nm	0.5803	bismuth
bisnieto	nmf	0.1785	great-grandchild
biso	nm	0.0705	byssus
bisonte	nm	0.6389	bison
bisoñé	nm	0.1150	toupee
bisoño	adj	0.8365	novice
bistec	nm	0.6201	beefsteak | steak
bistró	nm	0.1480	bistro
bisturí	nm	0.4572	scalpel
bisunto	adj	0.1708	greasy
bisutería	nf	0.1244	costume jewellery | catchpenny
bit	nm	1.0768	bit
bitácora	nf	0.6962	binnacle | blog
bitcóin	nm	0.2186	bitcoin
bitonal	adj	0.0000	bitonal
biyección	nf	0.2431	bijection | bijective function
Bizancio	prop	0.4184	Byzantium
bizantino	adj	0.3623	Byzantine
bizarro	adj	0.9443	bizarre | gallant
bizco	adj	0.0000	strabismal | strabismic
bizcocho	nm	0.4978	sponge cake | biscuit
biznaga	nm	0.3606	toothpickweed | khella | golden barrel cactus
bizquear	v	0.4438	cross-eyed | squint
bla	interj	0.2253	blah
blada	nf	0.9282	sycamore | Scottish maple | great maple
blanca	nf	0.0000	half note
blanco	adj	3.7850	white
blanco	n	2.0499	target
blanco apagado	loc	0.1757	off-white
blancura	nf	0.5622	whiteness
blandir	v	0.3191	brandish
blando	adj	1.8584	soft | soft-hearted | supple
blanquear	v	0.5046	blanch
blanquecer	v	0.3015	whiten
blanquillo	nm	0.0004	tile fish
blasfemar	v	2.1656	blaspheme | curse
blasfemia	nf	0.6676	blasphemy
blasfemo	adj	0.1524	blasphemous
blasón	nm	0.2986	blazon
blefaroplastia	nf	0.1056	blepharoplasty
blitz	nm	0.0680	blitz
bloc	nm	0.1966	notepad
blocar	v	0.5048	block
blockbuster	nm	0.2212	blockbuster
blog	nm	0.3834	blog
bloguero	nmf	0.3829	blogger
bloque	nm	1.5143	block
bloquear	v	1.3320	block | to
blu-ray	nm	0.0003	blu-ray
Bluetooth	prop	0.1577	Bluetooth
blusa	nf	0.3279	blouse
bluyín	nm	0.0000	jean
boa	nf	0.2730	boa
boardilla	nf	0.8376	attic | garret
bobinar	v	1.0174	roll
boca	nf	4.6718	mouth
bocacalle	nf	0.0769	turning
bocado	nm	1.6114	bite | bit | mouthful
bocado de Adán	loc	0.8182	Adam's apple
bocaracá	nf	0.0006	Schlegel's palm viper | Schlegel's pit viper | Schlegel's viper | eyelash mountain viper | eyelash palm-pitviper | eyelash pit viper
bocazas	adj	0.0762	bigmouth
boceto	nm	1.0331	sketch
bocha	nf	1.1028	marble
bochas	nf	0.4336	pétanque | bowls
bochorno	nm	0.0000	sultriness
bochornoso	adj	0.2848	sultry
bocina	nf	2.8000	horn | klaxon
bocio	nm	0.4242	goitre | goiter
bocudo	adj	0.0440	big-mouthed | bigmouthed
boda	nf	1.9749	wedding
bodega	nf	2.0385	hold | bodega
bodegón	nm	0.5507	still life
bodrio	nm	0.4703	junk | rubbish
bofetada	nf	3.6041	slap | smack
bofetón	nm	0.0005	backand
bogavante	nm	0.5675	lobster
Bogotá	n	0.3251	Bogotá | Bogota
bogotano	adj	0.0931	Bogotan
bohardilla	nf	0.9239	attic | garret
bohrio	nm	0.5540	bohrium
boicot	nm	0.4412	boycott
boicotear	v	0.4026	boycott
boina	nf	0.4448	beret
boiserie	nf	0.0182	boiserie
boj	nm	0.5853	boxwood | box
bokeh	nm	0.1108	bokeh
bokmål	nm	0.0003	bokmål
bol	nm	1.0216	bole | bowl
bola	nf	2.5993	ball
bola de Bichat	loc	0.0004	buccal fat pad
bola de demolición	loc	0.1093	wrecking ball
bola de Neptuno	nf	0.0004	Neptune ball
bola mala	loc	1.5891	ball
bolar	adj	0.0288	bolar
bolas	nf	0.4202	balls
bolchevique	adj	0.7962	Bolshevik | bolshevik
bolchevismo	nm	0.1545	Bolshevism
boldo	nm	0.0773	boldo
boleadora	nf	0.0573	bolas
bolera	nf	0.1668	bowling alley
bolero	adj	0.4768	liar
boletería	nf	0.2140	box office
boleto	nm	0.9909	ticket
boliche	nm	0.7615	bowling | bowling alley
bólido	nm	0.3268	meteorite
bolígrafo	nm	1.1508	ballpoint pen
bolilápiz	nm	0.1457	mechanical pencil
bolina	nf	0.0815	bowline
bolita	nf	2.0407	marble
bolivariano	adj	0.0515	Bolivarian
Bolivia	n	1.0434	Bolivia
boliviano	adj	0.4185	Bolivian
bollero	nmf	0.0000	pastrycook
bollo	nm	1.1200	lesbian
bolo	nm	1.2060	pin | bolus | bowling | bol | skittle | bolo
Bolonia	prop	0.3588	Bologna
bolsa	adj	1.2851	stock exchange | bourse
bolsa	nf	3.2300	bag | pocket | purse
bolsillo	nm	1.1455	pocket
bolso	nm	1.5349	bag | handbag | purse
boludear	v	0.4303	waste time
bomba	nf	1.9850	bomb | pump | gas station
bomba de humo	loc	0.0515	smoke bomb
bomba de mano	loc	0.1395	hand grenade | hand pump
bombardear	v	0.6187	bomb
bombardeo	nm	0.5954	bombardment | bombing | shelling
Bombay	prop	0.5803	Bombay | Mumbai
bombero	nmf	0.9631	firefighter | fireman
bombilla	nf	0.0000	lightbulb | light globe
bombillo	nm	0.1044	light globe | lightbulb
bombo	nm	0.4847	bass drum | hype | draw machine
bombón	nm	1.2512	candy
bonanza	nf	0.2656	stillness
bondad	nf	0.5567	goodness
bondadoso	adj	1.1995	kind
bondage	nm	0.1760	bondage
boneta	nf	0.1489	bonnet
bongó	nm	0.0364	bongo drum
boniato	nm	1.8553	sweet potato | yam
bonificación	nf	0.9260	discount | bonus
bonito	adj	2.0767	pretty
bonito	nm	1.4235	tuna
Bonn	n	0.0822	Bonn
bono	nm	1.0759	bond | voucher
bonobo	nm	0.1062	bonobo
boost	nm	0.1373	boost
boquear	v	0.1410	agonize
boquerón	nm	0.6017	anchovy
boquete	nm	0.6186	breach
bórax	nm	0.4005	borax
borbollar	v	0.0258	bubble up
borbónico	adj	0.0006	Borbonic | Bourbonic
borborigmo	nm	0.1932	borborygmus
borceguí	nm	0.2116	combat boot | buskin
borda	nf	0.3770	gunwale | gunnel
bordada	nf	0.3469	track
bordado	nm	0.4405	embroidery
bordadura	nf	0.4153	embroidery
bordar	v	1.2018	embroider | draw | paint
borde	nm	1.8834	edge | border | boundary
bordear	v	0.9005	border | edge | skirt
bordillo	nm	0.6669	curb | kerb
bordo	nm	1.0301	edge
boreal	adj	0.4520	northern
Borgoña	n	0.2076	Burgundy
borla	nf	0.1206	tassel
Borneo	prop	0.1893	Borneo
boro	nm	0.5501	boron
borona	nf	0.5822	crumb
borrachera	nf	2.0483	drunkenness | inebriety
borrachín	nmf	2.1441	drunk
borracho	adj	2.8591	drunk | drunkard
borrador	nm	0.7380	eraser
borrajear	v	0.2999	scrawl
borrar	v	1.1807	erase | delete
borrarse	v	0.1721	blur
borrasca	nf	0.8379	storm
borrego	nm	0.7483	lamb
borrico	nm	1.9651	donkey
borronear	v	0.1500	scrawl
borujo	nm	0.3996	lump
boruro	nm	0.0515	boride
boscoso	adj	0.3898	woody | forested
Bosnia y Herzegovina	n	1.3520	Bosnia and Herzegovina
bosniaco	adj	0.3047	Bosniak | Bosniac
bosnio	nm	0.0011	bosnian | Bosnian
bosnio-herzegovino	adj	0.0004	Bosnian Herzegovinian
bosón	nm	0.1137	boson
bosón W	loc	0.0003	W boson | W particle
bosón Z	loc	0.0000	Z boson | Z particle
bosque	nm	2.7926	wood | forest
bosquejar	v	0.8640	sketch
bostezador	adj	0.0631	yawning
bostezante	adj	0.0631	yawning
bostezar	v	0.6847	yawn
bostezo	nm	0.6455	yawn
bostoniano	adj	0.0813	Bostonian
bota	nf	1.3820	boot
botamanga	nf	0.0407	turn-up
botánica	nf	0.5391	botany
bote	nm	1.8370	box | flat-bottomed boat | boat
bote volador	loc	0.0964	flying boat
botella	nf	1.5183	bottle
botellón	nm	0.0003	botellon
botica	nf	0.0311	drugstore
botija	nf	0.5849	jug
botín	nm	1.0718	booty | ankle boot
botón	nm	1.8088	button
Botsuana	n	0.7107	Botswana
botsuano	adj	0.0364	Batswana | Motswana
botulismo	nm	0.1757	botulism
boulangerita	n	0.0000	boulangerite
bóveda	nf	0.8654	vault | arch
bóveda de cañón	loc	0.0815	barrel vault
bóveda de cañón apuntado	loc	0.0003	pointed barrel vault
bóveda en cañón	loc	0.0576	barrel vault
bovino	adj	0.4089	bovine
boxeador	nmf	0.1455	boxer
bóxer	n	0.4825	boxer
bóxer	nm	0.2260	boxer shorts | boxers | Boxer | boxer briefs
boyardo	nmf	0.3792	boyar
bracero	nm	0.1871	helper
bráctea	nf	0.0822	bract
bradiarritmia	nf	0.0129	bradyarrhythmia
bradipepsia	nf	0.0000	bradypepsia
bradípodo	nm	1.0962	sloth
bradipsiquia	nf	0.0000	bradypsychia
bradiquinesia	nf	0.1056	bradykinesia
braga	nf	0.3964	briefs
bragado	adj	0.2174	energetic
bramar	v	0.8270	bellow
bramido	nm	0.3974	bellow
Brandeburgo	prop	0.4550	Brandenburg
branquia	nf	0.4007	gill
braquidactilia	nf	0.0315	brachydactyly
braquiosaurio	nm	0.0911	brachiosaur
brasa	nf	0.5281	ember
brasear	v	0.1597	braise
Brasil	n	1.2243	Brazil
brasileño	adj	0.6975	Brazilian
brasilero	adj	0.4741	Brazilian
Brasilia	prop	0.0000	Brasilia
Bratislava	prop	0.3286	Bratislava
bratwurst	nm	0.2466	brat
bravo	adj	1.7309	brave | fierce
bravura	nf	0.6382	bravery
braza	nf	1.0120	fathom | breaststroke
brazada	nf	1.7804	armful | stroke
brazado	nm	0.2070	armful
brazalete	nm	0.4968	bracelet
brazalote	nm	0.2777	pendant | pendent
brazo	nm	2.5741	arm
break	nm	0.9942	break
brebaje	nm	0.2382	concoction
brecha	nf	0.9441	breach | gap
brécol	nm	0.9454	broccoli
bregar	v	1.2723	struggle
breña	nf	0.0000	shrubland
Breslavia	prop	0.0000	Wroclaw | Wrocław
Bretaña	n	0.3075	Brittany
bretón	nm	1.2056	Breton
breva	nf	0.0010	black fig | breba
breve	adj	1.2510	brief | short
brevedad	nf	0.2359	brevity | shortness
breviario	nm	0.2582	breviary
brezo	nm	1.4170	heather | cradle
Briana	nf	0.0003	Breana | Briana
bribri	nm	0.0004	Bribri language
bribri	adj	0.0000	Bribri
bricolajero	nm	0.0446	do-it-yourselfer
brida	nm	0.9325	bit | flange | cable tie
bridge	nm	0.4640	bridge
bridón	nm	0.0446	snaffle | bradoon | bridoon
brie	nm	0.1159	brie
brigada	nf	0.1491	brigade
brigantina	nf	0.0631	brigandine
brillantemente	adv	0.1708	brilliantly
brillar	v	1.5845	shine
brillar por su ausencia	loc	0.0386	conspicuous by one's absence
brincar	v	0.9075	jump | bounce | frolic
brinco	nm	1.4183	jump
brindar	v	1.1448	toast | present | offer
brindis	nm	0.6791	toast
brío	nm	0.6566	zeal
briol	nm	0.0005	bunt line
brioso	adj	0.8995	lively | sprightly | perky
brisa	nf	0.6150	breeze
briscar	v	0.1546	brocade
británico	adj	0.6141	British
brizna	nf	1.5008	bit | blade | drizzle
brizo	nm	0.4659	cradle
brocal	nm	0.4296	parapet | puteal | rim
brocha	nf	1.4240	brush
broche	nm	0.2473	brooch
brocheta	nf	0.0539	brochette
brócoli	nm	0.9550	broccoli
bróculi	nm	0.9454	broccoli
bróker	nm	0.3622	broker
broma	nf	3.2612	joke | gag | jest | wisecrack
bromatología	nf	0.0575	bromatology
bromatológico	adj	0.0129	bromatological
bromear	v	2.4428	joke | jest
bromista	adj	0.0010	fond of joking | joker
bromo	nm	0.2318	bromine
bromuro	nm	0.1030	bromide
Bromus	n	0.0006	rye brome
bronca	nf	1.0266	difficulty | hassle
bronce	nm	0.8609	bronze
broncear	v	0.6356	tan
broncíneo	adj	0.0003	bronze-like | bronzed
broncodilatador	nm	0.0835	bronchodilator
bronquiectasia	nf	0.0682	bronchiectasis
bronquio	nm	0.3268	bronchus
bronquitis	nf	0.1669	bronchitis
brontofobia	nf	0.0470	brontophobia
brontosaurio	nm	0.1768	brontosaur | apatosaur
Brooklyn	prop	0.0657	Brooklyn
broquel	nm	0.1731	buckler
brotar	v	0.2308	prop up
brote	nm	0.9098	bud
browniano	adj	0.0000	brownian
bruja	nf	2.5637	witch
Brujas	prop	0.3642	Bruges
brujería	nf	0.8080	witchcraft
brujo	nmf	1.2052	warlock
brújula	nf	1.4238	compass
Brújula	prop	0.2291	Pyxis | Mariner's Box | Mariner's Compass
bruma	n	0.4297	fog
brumar	v	0.2121	beat up
brumario	nm	0.0815	Brumaire
brumazón	nm	0.3925	haze | thickfog
brumoso	adj	0.2659	hazy
brunch	nm	0.4128	brunch
bruneano	adj	0.1562	Bruneian
Brunéi	n	0.7656	Brunei
Bruno	prop	0.1654	Bruno
bruñir	v	3.9003	polish | burnish | annoy | irritate | kill | murder | harm | damage
bruscamente	adv	0.1621	abruptly | brusquely
Bruselas	prop	2.1968	Brussels
bruselense	nmf	0.2859	Brusselian
bruselense	adj	0.0005	Brussels-speak
brusquedad	nf	0.0000	brusqueness
brutal	adj	1.2524	brutal
brutalidad	nf	0.4785	brutality
brutalizar	v	0.0352	brutalize
brutalizarse	v	0.0311	brutalize
bruxismo	nm	0.0929	bruxism
bucanero	nmf	0.3009	buccaneer
Bucarest	prop	0.3155	Bucharest
búcaro	nm	0.0004	boccaro
buceador	adj	0.4109	diver
bucentauro	nm	0.0576	bucentaur
bucle	nm	1.1937	loop | curl | bouclé
buco	nm	0.4144	billy goat
bucólico	adj	0.3535	bucolic
bucráneo	nm	0.0631	bucranium
Budapest	prop	0.2926	Budapest
búdico	adj	0.2491	Buddhist
budín de pan	loc	0.1349	bread pudding
budismo	nf	0.5002	Buddhism
buen día	loc	1.3942	good morning
buenas noches	interj	0.6013	good night | sweet dreams | good evening
buenas tardes	loc	0.5820	good afternoon | good evening
bueno	interj	1.7328	fine | okay
bueno	adj	0.4995	skeptical
Buenos Aires	prop	0.3316	Buenos Aires
buenos días	loc	1.3245	good morning
buey	nm	2.4078	ox | bullock
búfalo	nm	0.2193	American bison
bufanda	nf	0.7015	scarf
bufar	v	0.3614	snort
bufido	nm	0.3232	snort
bufón	nm	0.7840	joker | jester
bufónico	adj	0.0000	buffoonic
buga	nm	1.0222	straight | heterosexual
buginés	nm	0.1596	Buginese
buguinés	nm	0.1103	Buginese
bugzilla	nm	0.0003	bugzilla
buhardilla	nf	1.1605	attic | garret | dormer
búho	nm	1.7568	owl
búho común americano	loc	0.2877	great horned owl
búho cornudo	loc	0.2986	great horned owl
búho de Virginia	loc	0.2877	great horned owl
búho grande	loc	0.2877	great horned owl
buitra	nf	0.0002	ore pass
buitre	nm	1.3458	vulture
buitre egipcio	loc	0.0008	egyptian vulture
buitre negro	loc	0.3439	black vulture
bujía	nf	1.4537	spark plug | candle
bula	nf	0.7938	bull | bulla
bulbar	adj	0.0515	bulbar
bulbo	nm	0.4595	bulb | thermionic valve
bulboso	adj	0.0364	bulbar
buldócer	nm	0.3168	bulldozer
bulevar	nm	0.2595	boulevard
Bulgaria	n	0.8700	Bulgaria
búlgaro	nm	1.0174	Bulgarian
bulimia	nf	0.4705	bulimia | bulimia nervosa
bulla	nf	0.7062	ruckus | rowdiness
bullanguero	adj	0.1967	reveller | party animal
bulldozer	nm	0.4585	bulldozer
bullente	adj	0.3224	ebullient
bullicio	nm	0.8336	uproar | ruckus
bullicioso	adj	0.5184	noisy
bullidor	adj	0.3224	ebullient
bulo	nm	0.6463	hoax
bulto	nm	1.6394	bag | sack | bump | bulge | wad
búmeran	nm	0.4229	boomerang
búnker	nm	0.1517	bunker
buñuelo	nm	0.1832	beignet
buque	nm	1.7819	ship
burbuja	nf	1.1276	bubble
burbujeante	adj	0.1536	bubbly
burbujear	v	0.5510	bubble
burdel	nm	1.7146	brothel | whorehouse | lupanar
Burdeos	prop	0.2732	Bordeaux
burdo	adj	1.8157	coarse | crude | gross
burgo	nm	0.0846	burg
burguesía	nf	0.3762	bourgeoisie
buriel	nm	0.1446	baize
Buril	prop	0.0006	The Chisel | The Sculptor´s Chisel
burka	nf	0.6139	burqa
Burkina Faso	n	0.6618	Burkina Faso
burkinés	adj	0.3275	Burkinabe
burla	nf	1.0676	mockery
burlar	v	0.8114	deceive
burlarse	v	1.3788	mock
burlete	nm	0.0006	weather-strip | draught-excluder
burlón	nm	0.4253	mockingbird
burocracia	nf	0.5214	bureaucracy
burocrático	adj	0.1715	bureaucratic
burofax	nm	0.0002	bureaufax
burqa	nf	0.6139	burqa
burro	nmf	2.6872	donkey
bursátil	adj	0.2880	stock exchange | stock-market
burujo	nm	0.3996	lump
burundés	adj	0.1363	Burundian
Burundi	n	0.6948	Burundi
burundiano	adj	0.0964	Burundian
bus	nm	1.7247	bus
busca	nf	0.9916	search
busca	nm	0.5315	pager
buscapersonas	nm	0.3161	pager
buscapleitos	nmf	0.4870	troublemaker
buscar	v	1.5153	search | seek
buscarle el pelo al huevo	loc	0.0000	splitting hairs
buscarruidos	nmf	0.4870	troublemaker
buscavida	n	0.1088	go-getter | ball of fire
buscavidas	nmf	0.1539	go-getter
buscón	adj	0.3685	thief | searcher
busero	nmf	0.5264	bus driver
bushel	nm	0.1821	bushel
busilis	nm	0.4173	pith | gist
búsqueda	nf	1.7175	search
busto	nm	1.5407	bust
bustrófedon	nm	0.4659	boustrophedon
butaca	nf	0.5039	armchair
Bután	n	0.8430	Bhutan
butanés	adj	0.2022	Bhutanese
butilo	nm	0.0729	butyl
butirómetro	nm	0.0000	butyrometer
Buyumbura	prop	0.1629	Bujumbura
buzar	v	0.4131	slant | slope
buzarda	nf	0.0604	breasthook
buzo	nm	1.1352	diver | tracksuit | jumpsuit
buzón	nm	1.0962	mailbox | collection box | letterbox
Bydgoszcz	prop	0.1375	Bydgoszcz
byte	nm	0.5218	byte
℆		0.0341	@
cabal	adj	1.2518	perfect | correctly
cábala	nf	0.6553	kabbalah | Kabballah | cabal
cabalgar	v	1.3012	ride | ride a horse
cabalgata	nf	0.0762	cavalcade
cabalístico	adj	0.0576	cabalistic
caballería	nf	0.3873	cavalry
caballeriza	nf	0.5429	stable
caballero	nm	0.3096	cavalier
caballerosidad	nf	0.3549	gallantry
caballete	nm	0.5945	easel | pommel horse
caballete del tejado	loc	0.0003	roof ridge
caballito	nm	0.0946	horsey | horsy
caballito de mar	loc	0.0000	seahorse
caballo	nm	4.5728	horse | knight
caballuna	nf	0.1387	vetch
cabaña	nf	0.9579	cabin
cabecear	v	0.8525	nod
cabecero	nm	0.0006	door lintel
cabeciduro	adj	0.1727	hardheaded | mulish | stubborn
cabellera	nf	1.3797	hair | coma
cabello	nm	2.6109	hair
cabelludo	adj	0.0004	fibrous, thready
caber	v	0.5867	fit
cabestro	nm	0.4729	halter
cabeza	nf	6.7923	head | caput
cabeza de turco	loc	0.6070	scapegoat
cabezada	nf	0.4818	headstall
cabezadura	adj	0.1545	hardheaded | mulish | stubborn
cabezazo	nm	0.3669	headbutt
cabezón	adj	0.8760	stubborn
cabildear	v	0.1801	lobby
cabilio	adj	0.0005	kabyle
cabilla	nf	0.0004	joint-pin
cabina	nf	0.9436	cabin | cockpit
cabizbajarse	v	0.0003	get down one's head
cable	nm	1.3146	cable
cablegrama	nm	0.0311	cablegram
cabo	nm	2.3928	cape | corporal | sergeant | line | rope
Cabo Verde	n	0.7466	Cape Verde
cabotaje	nm	0.0911	cabotage
caboverdiano	adj	0.1569	Cape Verdean
cabra	nf	2.0326	goat
cabrear	v	0.7442	annoy | bother | make angry
cabrearse	v	0.7877	annoy
cabreo	nm	0.9622	anger | irritation
cabrero	nmf	0.3429	goatherd
cabrestante	nm	0.2837	capstan
cabrilla	nf	0.0007	milk snail
cabriolar	v	0.4348	caper | prance
cabriolear	v	0.4348	caper | prance
cabrito	nm	1.2525	kid | chevon
cabro	nm	0.8044	billy goat | billy
cabuya	nf	0.4095	sisal | sisal hemp
caca	nf	0.7912	turd
cacahuate	nm	1.2510	peanut
cacahuete	nm	1.1758	peanut
cacao	nm	1.4081	cocoa | cacao
cacaraquear	v	0.5192	cackle | crow
cacarear	v	1.0402	crow
cacareo	nm	0.1449	cock-a-doodle-doo
cacatúa	nf	0.1909	cockatoo
cacería	nf	0.3733	hunting
cacerola	nf	0.6130	saucepan | casserole
cachaca	nf	0.0000	cachaca
cachalote	nm	1.0599	sperm whale | cachalot
cachaña	nf	0.0006	Austral parakeet
cachear	v	0.9916	frisk | search
cachemira	nf	0.1962	cashmere
cacheo	nm	0.2106	frisk
cachero	adj	0.4995	lascivious | lewd | wanton
cachetada	nf	1.0745	slap
cachipolla	nf	0.3067	mayfly
cachivache	nm	0.0000	gee-gaw
cacho	nm	1.5565	piece | portion
cachopo	nm	0.0223	cachopo
cachorro	nmf	0.8092	puppy
cacique	nmf	0.0892	cacique
cacocracia	nf	0.0000	kakocracy
cacofonía	nf	0.2566	cacophony
cacofónico	adj	0.0258	cacophonic
cacografía	nf	0.1115	cacography
cacolalia	nf	0.0004	cacolalia
cacología	nf	0.0000	cacology
cacomixtle	nm	0.0000	ring-tailed cat
cada muerte de obispo	loc	0.2413	once in a blue moon
cada muerte de un judío	loc	0.2413	once in a blue moon
cadalso	nm	0.4769	scaffold | gallows
cadáver	nm	2.2953	corpse | cadaver | carcass
cadavérico	adj	0.2111	cadaverous | corpselike | cadaveric
cadaverina	nf	0.2677	cadaverine
cadaveroso	adj	0.1917	cadaverous | corpselike | cadaveric
cade	nm	0.0006	rufous-tailed plantcutter
cadena	nf	0.8923	chain
cadena alimentaria	loc	0.2695	food chain
cadena perpetua	loc	0.2208	life sentence
cadenamiento	nm	1.5455	chain
cadenote	nm	0.0631	chainplate
cadera	nf	1.4184	hip
cadete	n	0.1546	cadet
cadiera	nf	0.7631	bank
Cádiz	prop	0.2444	Cadiz
cadmio	nm	0.5369	cadmium
caducar	v	0.3186	exhale
caduceo	nm	0.1639	caduceus
caducidad	nf	0.2751	caducity
caducifolio	adj	0.0002	deciduous tree
caduco	adj	0.0000	caducous
caduquez	nf	0.2773	caducity
Caelum	prop	0.0006	The Chisel | The Sculptor´s Chisel
caer	v	2.2298	drop | fall
caer en saco roto	loc	0.0531	fall on deaf ears
caerse	v	1.7278	fall | suffer | lose balance
Cafarnaúm	prop	0.2917	Capernaum
café	nm	3.1342	café | cafe | coffee bean | coffee
cafeína	nf	0.2909	caffeine
cafetal	nm	0.0004	coffee-plantation
cafetera	nf	0.3226	coffee maker | coffeemaker
cafetería	nf	0.1669	coffeehouse | café
cafeto	nm	0.0000	coffee bush
cafiche	nmf	1.4615	pimp
caficho	nmf	1.2219	pimp
cafiolo	nm	1.4848	pimp
cafishio	nmf	1.4615	pimp
cafre	adj	0.4865	crude
caftán	nm	0.5815	kaftan | caftan
cagadero	nm	0.9112	toilet
cagar	v	4.4605	shit | crap
cagarla	loc	0.5276	fuck up
cagatintas	nmf	0.4065	pencil pusher | penpusher
caguama	nf	0.0288	loggerhead sea turtle
cahíta	nm	0.0002	Cahitan
caíd	nm	0.0000	kaid
caída	nf	1.5454	fall
caído	adj	0.5184	past
caído a la botella	loc	1.0138	alcoholic
caído al chuico	loc	1.0138	alcoholic
caído al frasco	loc	0.8791	alcoholic
caído al litro	loc	1.0138	alcoholic
caigua	nf	0.3209	lady's slipper | sparrow gourd | slipper gourd
caihua	nf	0.3209	lady's slipper | sparrow gourd | slipper gourd
caimán	nm	0.4398	caiman
caimanés	adj	0.0002	Cayman Islander
caimito	nm	0.0576	star apple
Caín	prop	0.4454	Cain
caiquén	nm	0.0258	Magellan goose
caití	nm	0.0007	andean avocet
caja	nf	3.0364	box register | box
caja de la escalera	loc	0.1108	stairwell
caja negra	loc	0.3186	black box
caja tonta	loc	0.0722	idiot box
cajero	nmf	0.5439	cashier
cajón	nm	2.7392	drawer | box | coffin
cajuela	nf	0.9672	trunk
cal	nf	0.5857	lime | burnt lime | quicklime
cala	nf	0.0011	bog arum | marsh calla
calabacín	nm	0.3358	courgette | zucchini
calabaza	nf	2.3727	pumpkin | gourd
calabobos	nm	2.0075	drizzle
calabozo	nm	0.5061	dungeon
calabrés	adj	0.1428	Calabrian
caladero	nm	0.1221	fishing ground
calafate	nm	0.0182	Magellan barberry
calafatear	v	0.6577	caulk
calafetear	v	0.1135	caulk
calalú	nm	0.0000	callaloo
calambre	nm	0.4847	cramp
calambur	nm	0.2918	pun
calamidad	nf	0.9455	calamity
calandrar	v	0.2089	mangle
calandria	nf	0.6793	calender | calandra lark | chalk-browed mockingbird
calato	adj	1.2238	naked | nude
calavera	nf	0.9112	skull
calcáneo	nm	0.0740	calcaneus
calcáreo	adj	0.0702	chalky
calcedonia	nf	0.1463	chalcedony
calcés	nm	0.2539	masthead
calceta	nf	0.4261	knit
calcetar	v	0.4261	knit
calcetín	nm	1.1157	sock
calcificar	v	0.0000	calcifies
calcificarse	v	0.0705	calcify
calcinar	v	0.1728	calcine
calcinarse	v	0.0705	calcify
calcio	nm	0.5467	calcium
calcita	nf	0.0854	calcite
calco	nm	0.1801	calque
calco semántico	nm	0.1801	calque
calcógrafo	nmf	0.3339	engraver
calculadora	nf	0.8002	calculator
calcular	v	0.9308	calculate
cálculo	nm	0.9988	calculus
Calcuta	prop	0.7873	Kolkata | Calcutta
caldera	nf	0.5216	boiler
calderón	nm	0.4972	cauldron | fermata | pilot whale | pilcrow
caldito	nm	0.2008	bouillon cube | broth cube | stock cube | stock pot
caldo	nm	0.6338	broth | bouillon
caldoso	adj	0.1408	watery
Caleb	prop	0.1187	Caleb
calefacción	nf	0.3820	heating
calefactor	nm	0.2328	heater
calefactor	adj	0.0386	calefactor
calendario	nm	2.5955	calendar
calendarizar	v	0.2431	schedule
calentamiento	nm	0.2463	warm-up | warming
calentamiento global	loc	0.4860	global warming
calentar	v	2.3115	heat
calesita	nf	0.8147	carousel | merry-go-round
calibración	nf	0.1338	calibration
calibrar	v	0.2180	calibrate
calicó	nm	0.3477	calico
calidad	nf	1.3220	quality
cálido	adj	1.0684	warm
calientapollas	nmf	0.0258	cockteaser
caliente	adj	3.6776	warm | hot
califa	nm	0.9122	caliph
califato	nm	0.6747	caliphate
calificación	nf	0.5778	qualification
calificador	adj	0.0000	qualificator | qualifying
California	n	0.2144	California
californiano	adj	0.1446	Californian
californio	nm	0.5168	californium
caligrafía	nf	0.5064	calligraphy | handwriting
caligráficamente	adv	0.0364	calligraphically
calígrafo	nmf	0.5185	calligrapher
calima	nf	0.6409	haze | mist
caliptra	nf	0.0773	calyptra | root cap
calistenia	nf	0.1166	calisthenics
cáliz	nm	0.4361	chalice | goblet | calyx
Cáliz	prop	0.0005	The Cup
caliza	nf	0.4857	limestone
callampa negra	loc	0.0003	boleus luteus
callana	nf	0.1434	Mongolian spot
callar	v	1.1465	calm
callarse	v	0.0440	be quiet | shut up
calle	nf	2.9055	street | road
Calle Mayor	loc	0.0758	Main Street
callejón	nm	0.3216	alley
callejón sin salida	loc	0.3225	cul-de-sac | dead end
callejuela	nf	0.5570	alley | narrow street
callo malayo	loc	0.0129	uggo
callosidad	nf	0.0223	callosity
calma	nf	1.6105	calm
calmar	v	1.6416	calm
caló	nm	0.1078	Caló
calor	nm	1.7775	heat | warmth
calorar	v	1.2266	heat
caloría	nf	0.2384	calorie
calorímetro	nm	0.1320	calorimeter
calumnia	nf	1.1052	slander | libel
calumniar	v	0.5484	defame
calvario	nm	0.0129	calvarium
Calvario	prop	0.1537	Golgotha | Calvary
calvear	v	0.6666	to
calvearse	v	0.8046	to | shave
calvero	nm	0.6507	glade | clearing
calvicie	nf	0.3705	baldness
calvinismo	nm	0.2389	Calvinism
calvinista	adj	0.3815	Calvinist
calvo	adj	0.9443	bald
calzada	nf	0.1078	causeway
calzador	nm	0.1457	shoehorn
calzar	v	1.2160	shoe
calzatrepas	nf	0.3004	trap
calzonazos	nm	0.5119	henpecked
calzoncillo	nm	1.5307	underpants | briefs | undies
calzone	nm	0.0446	calzone
cama	nf	4.5989	bed
camafeo	nm	0.1821	cameo
camal	nm	0.4851	pole | abattoir | halter
camaldulense	adj	0.0446	Camaldolese
camaleón	nm	1.6085	chameleon
Camaleón	prop	0.0003	Chameleon
camamila	nf	0.0006	chamomilia
camanchaca	nf	1.4926	drizzle
cámara	nf	2.7725	camera | chamber | bladder
cámara	n	1.2118	cameraman
cámara de fotos	loc	0.8162	camera
cámara fotográfica	loc	0.8162	camera
cámara lenta	loc	0.2666	slow motion
camarero	nmf	0.1471	barman | waiter
camarilla	nf	0.2267	camarilla | clique | coterie | cabal
camarlengo	nm	0.5205	chamberlain | camerlengo
camarógrafo	nmf	0.4719	cameraman
camarón	nm	1.7498	shrimp
camarote	nm	0.7695	cabin
cambalache	nm	0.2776	swap
cambiar	v	5.5898	change | alter | convert | shift | turn | amend
cambio	nm	4.0064	change | exchange | exchange rate
cambio climático	loc	0.2218	climate change
cambista	n	0.0000	cambist
Camboya	n	0.9541	Cambodia | Kampuchea
camboyano	nm	0.8950	Khmer
Cambray	prop	0.0000	Cambrai
cámbrico	adj	0.2073	Cambrian
cambur	nm	2.9183	banana
camelar	v	1.2103	lie
camello	nmf	1.8125	camel | dealer | pusher
camembert	nm	0.0604	camembert
Camerún	n	0.5614	Cameroon
camerunés	adj	0.0003	cameroonian
camilla	nf	0.4300	stretcher
caminabilidad	n	0.0864	walkability
caminable	adj	0.0386	walkable
caminadora	nf	0.3217	treadmill
caminar	v	3.1123	walk | move
caminata	nf	1.5303	walk | outing | stroll | trek
camino	nm	3.5066	route | way | road | path
camino de sirga	loc	0.1650	towpath
camión	nm	1.6071	truck | lorry
camioneta	nf	0.0660	pick-up | pick-up truck
camisa	nf	1.4888	shirt
camiseta	nf	0.7899	T-shirt
camisilla	nf	0.3450	undershirt | tanktop
camisón	nm	0.0000	nightshirt
camomila	nf	0.0006	chamomilia
camote	nf	1.9460	sweet potato | yam
campamento	nm	0.7682	camp
campana	nf	1.7149	bell
campanada	nf	0.1137	chime
campanario	nm	0.5720	belfry | bell tower
campanas	n	0.0341	bells
campaniforme	adj	0.1055	bell-shaped
campanil	nm	0.6106	belfry | bell tower
campanilleo	nm	0.0675	ringing
campánula	nf	0.1496	bellflower
campanulado	adj	0.0258	campanulate
campaña	nf	0.4654	campaign | floor
campeón	nm	0.7861	champion
campeonato	nm	0.4565	championship
campero	adj	0.5599	rural
campesino	adj	1.7962	peasant | rural
campestre	adj	0.6642	rural
campiña	nf	0.8211	campaign
campo	nm	3.0945	field | countryside | country
campo aéreo	loc	0.2201	airfield
campo magnético	loc	0.2032	magnetic field
campo santo	loc	0.0000	cemetery
campo semántico	loc	0.2061	semantic field
camposanto	nm	0.0000	cemetery
campus	nm	0.2306	campus
camuflaje	nm	0.2961	camouflage
camuflar	v	0.8090	camouflage
can	nm	3.9831	dog
Can Cerbero	prop	0.1728	Cerberus
cana	nf	0.0011	gray hair
Canadá	prop	2.3714	Canada
canadiense	adj	0.6264	Canadian
canal	nmf	2.3539	canal | channel
canal alfa	loc	0.0258	alpha channel
canalete	nm	0.5369	paddle
canalización	nf	0.0000	canalisation
canalizar	v	0.9295	carry | harness | canalize
canalla	n	1.8886	scoundrel | bastard
canalla	adj	1.8619	rogue
canalón	nm	0.1854	rain gutter
canasta	nf	0.3926	canasta | basquet
Canberra	prop	0.4622	Canberra
cáncamo	nm	0.0000	eye bolt
cancaneo	n	0.0576	cruising | dogging
cancel	nm	0.0007	wind-screen
cancelar	v	1.8533	liquidate | pay | invalidate | undo | annul | cancel | delete | eliminate
cáncer	nm	0.9723	cancer
Cáncer	prop	0.6263	Cancer
cancerbero	n	0.2057	keeper
Cancerbero	n	0.1728	Cerberus
cancerígeno	adj	0.2128	carcinogen
cancerológico	adj	0.0000	cancerological
cancha	nf	0.1539	sports field
canción	nf	1.7466	song
canción de cuna	loc	0.4027	lullaby
candado	nm	0.6137	padlock
candela	nf	0.3067	candela
candente	adj	0.1084	incandescent
candidato	nmf	0.7522	candidate
candidatura	nf	0.1411	candidacy
candidez	nf	0.4287	naïveté
candidiasis	nf	0.1382	candidiasis
cándido	adj	0.0000	naïve | ingenuous
candil	nm	0.2620	oil lamp
candombe	nm	0.0004	Candombe
candoroso	adj	0.7039	naive
canéfora	nf	0.0000	canephor
canela	nf	0.8863	cinnamon
cangrejear	v	0.0002	to crab
cangrejo	nm	1.3191	crab
canguelo	nm	0.1093	heebie-jeebies
canguro	nm	2.0161	kangaroo | baby-sitter
cani	nm	0.3475	chav
caníbal	adj	0.1948	cannibal
canibalismo	nm	0.1434	cannibalism
canibalizar	v	0.0657	cannibalise | cannibalize
canica	nf	2.1315	marble
canícula	nf	0.2444	heat wave
canje	nm	0.9539	exchange
canjear	v	0.7761	change
canoa	nf	1.1090	canoe
canon	nm	0.4541	canon
canónico	adj	0.1125	canonical
canonización	nf	0.0835	canonization
canonizar	v	0.2961	canonize
canotaje	nm	0.0531	canoeing
canquén	nm	0.1381	ashy-headed goose | ashy-headed sheldgoose
canquén colorado	loc	0.0005	ruddy-headed goose | ruddy-headed sheldgoose
cansador	adj	0.0739	fatiguing | tireing
cansamiento	nm	0.3165	boredom | tedium | tiredness | weariness
cansar	v	1.7777	tire | exhaust
cansarse	v	0.0008	get tired
cantabrio	adj	0.0682	Cantabrian
cantante	nmf	1.2535	singer | female
cantar	v	1.9245	sing
Cantar de los Cantares	loc	0.0694	Song of Solomon | Song of Songs
cantar la tabla	loc	0.0888	read someone the riot act
cantarería	nf	0.0005	jug shop
cantárida	nf	0.2365	Spanish fly | cantharide
cántaro	nm	1.4197	jug | pitcher
cantata	nm	0.0644	cantata
cantautor	nmf	0.3579	songwriter
cantegril	nm	0.5660	slum
cantera	nf	1.1385	quarry
Canterbury	prop	0.1087	Canterbury
cantero	nm	0.2991	stonemason
cantil	nm	0.2739	cliff
cantimplora	nf	0.8216	canteen
canto	nm	1.7202	song | singing | chant
canto rodado	loc	0.6856	pebble
cantonar	v	0.2096	billet
cantonear	v	0.2119	mooch
cantonés	nm	0.6331	Cantonese
Cantórbery	prop	0.1087	Canterbury
cantoso	adj	0.0182	pebbly
cantri	nm	0.0007	rufous-tailed plantcutter
cantueso	nm	0.3339	lavender
canturrear	v	0.9791	hum
cánula	nf	0.0407	cannula
caña	nf	2.5308	cane | stalk | rod | brandy
cañadilla	nf	0.0729	purple dye murex
cáñamo	nm	0.5745	hemp
cañamón	nm	0.2326	hempseed
cañaveral	nm	0.0000	reedbed
cañería	nf	0.3066	pipeline
cañón	nm	2.1245	cannon | canyon | pipe | barrel | path | way | spotlight | projector
cañón antiaéreo	loc	0.2081	flak
cañonear	v	0.1680	bombard | cannonade
caolín	nm	0.4425	kaolin
caos	nm	1.9030	chaos | disorder | disarray | havoc | tangle
caótico	adj	0.4799	chaotic
capa	nf	1.3915	layer | cape
capacete	nm	0.0000	cabasset
capacidad	nf	1.2010	capacity
capacitar	v	0.0622	habilitate
capacitismo	nm	0.2668	ableism | disablism
Capadocia	prop	0.1628	Cappadocia
capadocio	adj	0.0760	Cappadocian
capar	v	0.4896	castrate
caparazón	nm	1.4215	shell
capataz	nm	0.3947	foreman
capcioso	adj	0.1557	captious | sophistical
capear	v	0.4590	augment
capeleti	nm	0.0000	cappelletti
capeletini	nm	0.0000	cappelletti
capibara	nm	0.5081	capybara
capicúa	adj	0.0003	palindrome number
capilaridad	nf	0.4223	capillarity | capillary action
capilla	nf	0.9328	chapel
capitalismo	nm	0.3654	capitalism
capitán	nm	0.4979	captain
capitanear	v	0.4624	command
capitel	nm	0.5794	capital
capitolino	adj	0.0311	Capitoline
capitolio	nm	0.1150	capitol
capitoso	adj	0.2095	stubborn
capítulo	nm	0.4722	chapter
capnomancia	nf	0.0515	capnomancy
capo	nm	1.4199	boss | gangster
capó	nm	0.0007	engine hood | bonnet
capocha	nf	1.3469	head
capodastro	nm	0.2601	capo
capoladora	nf	0.0000	mincer | meat grinder
capolar	v	0.3518	mince
capota	nf	0.2106	bonnet
capotasto	nm	0.2976	capo
capote	nm	0.7506	overcoat | greatcoat | topcoat
cappelletti	nm	0.0000	cappelletti
capricho	nm	0.6117	caprice
caprichosamente	adv	0.0000	capriciously
caprichoso	adj	0.6467	capricious
Capricornio	prop	0.4486	Capricorn | Capricornus
cápsula	nf	0.3091	capsule
captar	v	0.8937	compass
captcha	nm	0.0000	captcha
captura	nf	0.6472	capture
capturar	v	0.9763	capture
capucha	nf	1.5501	hood | cowl
capuchón	nm	0.7052	hood
capulín	nm	0.2413	chokeberry | capulin tree | capolin
capullo	nm	1.0993	cocoon | jerk
caquexia	nf	0.2539	cachexia
caqui	nm	0.5001	persimmon | khaki
caquistocracia	nf	0.1320	kakistocracy
cara	nf	3.8485	face
cara a cara	loc	0.4579	face to face
cara o cruz	loc	0.3451	heads or tails | coin toss
carabela	nf	0.5687	caravel | carvel
carabina	nf	0.6391	carbine | chaperon
cárabo	nm	0.3112	tawny owl
caracol	nm	1.5534	snail
caracola	nf	0.2462	conch
caracolear	v	0.7466	wind
carácter	nm	1.7351	character | nature
característica	nf	0.4359	characteristic
característico	adj	1.1909	characteristic
caracterizar	v	0.4539	characterize
caracterológico	adj	0.0000	characterologic | characterological
carajillo	nm	0.0005	liqueur coffee
carajo	interj	1.6330	fuck
carámbano	nm	0.8286	icicle
carambola	nf	1.6032	carom | trap
carambolero	nm	0.7154	fortunate
caramel	nm	0.1215	sardine
caramelizar	v	0.2255	caramelize
caramelo	nm	0.5467	caramel | candy
caranca	nf	0.0000	kelp goose
carapato	nm	0.2063	castor oil
caravela	nf	0.5831	caravel | carvel
carayá	nm	0.3321	howler monkey
carbón	nm	1.8879	coal
carbonación	nf	0.0773	carbonation
carbonífero	adj	0.1320	Carboniferous | carboniferous
Carbonífero	prop	0.1078	Carboniferous
carbonizar	v	0.1262	carbonize
carbono	nm	1.0972	carbon
carborundo	nm	0.0482	carborundum
carbunco	nm	0.8003	anthrax | carbuncle
carcaj	nm	1.2420	quiver
carcajada	nf	0.0005	belly-laugh | cackle
carcamal	nm	0.5017	fogey | jalopy
carcasa	nf	0.8855	case | computer case | carcass
Carcasona	n	0.1180	Carcassonne
cárcel	nf	1.0258	jail
carcelario	adj	0.1208	carceral
carcelero	n	0.0005	jalier
carcinología	nm	0.0000	carcinology
carcinoma	nm	0.2732	carcinoma
carcomer	v	0.3971	eat away
carda	nf	0.0009	carding comb | Fuller's teasel
cardar	v	0.8605	card
cardenal	nmf	2.6520	cardinal
cardenal	nm	2.4388	bruise
cardencha	nf	0.0007	Fuller's teasel
cárdeno	adj	0.7140	purple
cardiaco	adj	0.1434	cardiac
cardíaco	adj	0.2151	cardiac
cardiocirujano	nm	0.5817	heart | surgeon
cardiología	nf	0.2234	cardiology
cardiólogo	nmf	0.1953	cardiologist
cardiomegalia	nf	0.0000	cardiomegaly
cardo	nm	0.6790	thistle
cardumen	nm	0.9531	school | shoal
care	nm	0.0006	rufous-tailed plantcutter
carecer	v	0.9675	lack | miss
carencia	nf	1.7684	lack | want
carestía	nf	0.4793	shortage
careta	nf	0.8383	mask
carey	nm	0.4091	tortoiseshell | hawksbill turtle
carga	nf	1.9750	charge | load | burden | cargo
carga eléctrica	loc	0.3125	electric charge
carga útil	loc	0.1012	payload
cargador	adj	0.4496	charger
cargamento	nm	0.9450	load | lot
cargar	v	2.1222	charge | disturb
cargo	nm	1.6093	charge | position
carguero	nm	0.5820	cargo | freighter
Caribe	n	0.5257	Caribbean | Caribbean Sea
caricatura	nf	0.6682	caricature
caricaturesco	adj	0.0576	caricaturesque | caricatural
caricia	nf	0.6584	caress
caridad	nf	0.8424	charity
Carina	nf	0.0000	Karine
cariño	nm	0.6903	affection | fondness
cariñoso	adj	0.6400	affectionate
cariocinesis	nf	0.1139	karyokinesis
cariogamia	nf	0.0003	caryogamy | karyogamy
cariogénico	adj	0.0258	cariogenic
carisma	nm	0.4571	charisma
Carla	prop	0.0000	Karla
carlinga	nf	0.5832	cockpit | cabin | carling
Carlos	prop	0.4592	Charles | Carl | Charly
Carlota	prop	0.1338	Charlotte
carmesí	adj	0.5612	crimson
carmín	nm	0.0006	carmin
carnaval	nm	0.6729	carnival
carne	nf	2.5731	flesh | meat
carné	nm	0.2238	identity card
carne de cañón	loc	0.2576	cannon fodder
carnero	nm	0.8782	ram
carnicería	nf	0.6138	butchery | carnage | butcher shop
carnicero	nmf	1.2278	butcher
carnívoro	adj	0.2634	carnivore
carniza	n	1.0038	butcher
carniza	nf	0.6178	carrion
caro	adj	1.0717	expensive
Carolina	prop	0.1411	Caroline
Carolina del Norte	n	0.0989	North Carolina
Carolina del Sur	n	0.1840	South Carolina
Caronte	prop	0.2275	Charon
carpa	nf	0.4571	carp
carpeta	nf	0.8350	folder
carpintear	v	0.7090	build
carpintería	nf	0.6051	workshop | carpentry | joinery | carpenter's | joiner's
carpinterito	nm	0.0008	striped woodpecker
carpintero	nmf	1.0753	carpenter
carpóforo	nm	0.0813	sporocarp
carrancista	n	0.0002	Carranzaist
carrasca	nf	0.8737	oak
carrasco	nm	0.7023	oak
carrera	nf	1.2192	race
carreta	nf	1.0758	cart | wagon
carrete	nm	1.6128	party | bobbin
carretel	nm	0.1928	bobbin
carretela	nf	0.0746	handcart
carretera	nf	1.1952	road
carretero	nm	0.2071	carter
carretilla	nf	0.9464	wheelbarrow
carrillera	nf	0.0005	ingulary
carrizo	nm	0.8110	reed
carro	nm	2.1984	cart | car
carrocería	nf	0.3266	coachwork | bodywork
carrocero	nm	0.0000	bodymaker
carronada	nm	0.0182	carronade
carroña	nf	0.3992	carcass
carroñero	adj	0.2219	scavenger
carroza	nf	0.3106	carriage
carruaje	nm	0.6590	carriage
carrusel	nm	0.8556	carousel | merry-go-round
carta	nf	2.9698	letter | menu | card | map
carta certificada	loc	0.0002	certified letter
carta de vinos	loc	0.0004	wine-list
carta magna	loc	0.4499	constitution
Carta Magna	loc	0.1728	Magna Carta
carta poder	loc	0.1326	power of attorney
cartabón	nm	0.2216	set square
Cartagena	prop	0.1046	Cartagena
Cartago	prop	0.9143	Carthage | Carthago
cartearse	v	0.1931	correspond
cartel	nm	0.5645	placard
cártel	nm	0.1837	cartel
cartera	nf	0.6361	wallet
carterista	n	0.9257	pickpocket
cartero	nmf	0.0589	postman | mailman
cartílago	nm	0.5381	cartilage | gristle
cartografía	nf	0.7520	cartography
cartográficamente	adv	0.0315	cartographically
cartomancia	nf	0.1262	cartomancy
cartón	nm	0.3054	cardboard | carton
cartón pluma	loc	0.0000	foamboard
cartoteca	nf	0.0223	map room
cartucho	nm	0.3263	cartouche
cartucho amarillo	loc	0.3650	common mullein | great mullein | woolly mullein
cartulina	nf	0.2120	card
carúncula	nf	0.4166	crest
casa	nf	5.0878	house | home
Casa Blanca	loc	0.2210	White House
casa de citas	loc	1.5068	brothel | whorehouse | lupanar
casa de lenocinio	loc	1.3132	brothel | whorehouse | lupanar
casa de putas	loc	1.5068	brothel | whorehouse | lupanar
casa matriz	loc	0.1994	headquarters
casa rodante	loc	0.3477	caravan
Casablanca	prop	0.0955	Casablanca
casadero	adj	0.0004	at marriageable age
casado	adj	0.5087	married
Casandra	prop	0.0892	Cassandra
casar	v	1.5900	marry | wed
casarse	v	0.7536	get married | marry | wed
cascabel	nm	0.6328	jingle bell
cascabeleo	nm	0.0000	jingling | rattling
cascabillo	nm	0.2639	husk | acorn cup
cascada	nf	2.6026	waterfall | cataract
cascanueces	nm	0.1967	nutcracker
cascar	v	1.7336	crack | wank
cáscara	nf	1.9127	bark | shell
cascarón	nm	0.0005	egg shell
casco	nm	1.1522	helmet | hoof
cascote	nm	0.0004	building rubble
caserío	nm	0.7122	hamlet
caset	nm	0.3733	cassette
casetón	nm	0.3811	coffer
casi	adv	0.9288	almost | nearly | quasi
casino	nm	0.4674	brothel
caso	nm	2.2631	case | grammatical case
caspa	nf	1.0486	dandruff
casposo	adj	0.2848	russet | dandruffy
casta	nf	1.7630	caste
castaña	nf	0.9569	chestnut
castaño	adj	1.5220	brown
castaño	nm	0.0009	sweet chesnut
castañuela	nf	0.3197	castanet
castellano	adj	0.4631	Castilian
castidad	nf	0.5610	chastity
Castilla	prop	0.2403	Castile
castillo	nm	1.8789	castle | forecastle | aftcastle
casting	nm	0.2539	casting
castizo	adj	0.3771	thoroughbred
casto	adj	0.3521	celibate
castor	nm	0.8831	beaver
castración	nf	0.4320	castration
castrar	v	0.0009	emsaculate
castrochavismo	nm	0.0002	Castrochavism
casual	adj	0.8197	casual
casualismo	nm	0.0000	casualism
casuario	nm	0.1910	cassowary
casulla	nf	0.1546	chasuble
cataclasis	nf	0.0000	cataclasis
cataclismo	nm	0.1208	cataclysm
catacresis	nf	0.2186	catachresis
catacumbas	nf	0.0000	catacombs
catádromo	adj	0.0482	catadromous
catafalco	nm	0.3075	catafalque | bier
catafórico	adj	0.0000	cataphoric
catalán	nm	1.6494	Catalan
catalanismo	nm	0.0386	Catalanism
catalejo	nm	0.2774	spyglass
catálisis	nf	0.1201	catalysis
catalizador	nm	1.0520	cat | catalyst | catalytic converter
catalogar	v	0.3571	catalogue
catálogo	nm	0.7039	catalogue | catalog
Cataluña	prop	0.9259	Catalonia
catamarán	nm	0.2100	catamaran
cataplejía	nf	0.1539	cataplexy
cataplexia	nf	0.1539	cataplexy
Catar	n	0.4153	Qatar
catarata	nf	1.2593	cataract | waterfall
catarí	adj	0.1649	Qatari
catarómetro	nm	0.0182	katharometer
catarro	nm	0.8824	catarrh | cold | chill
catarroso	adj	0.0000	catarrhous
catarsis	nf	0.2718	catharsis
catastasis	nf	0.0000	catastasis
catastro	nm	0.3079	cadastre
catástrofe	nf	0.9336	catastrophe | train wreck
catastróficamente	adv	0.0536	catastrophically
catastrofismo	nm	0.0000	catastrophism
catatonia	nf	0.0929	catatonia
catatonía	nf	0.0929	catatonia
cateador	nmf	0.3398	prospector
catear	v	0.6727	fail
catecismo	nm	0.1152	catechism
catecol	nm	0.0223	catechol | pyrocatechol
catecumenado	nm	0.0000	catechumenate
catecúmeno	n	0.1669	catechumen
cátedra	nf	0.0315	cathedra
catedral	nf	1.0708	cathedral
categoría	nf	0.8247	category
categoría gramatical	loc	0.2927	part of speech
categóricamente	adv	0.0841	categorically
catequina	nm	0.0000	catechin
cateterismo	nm	0.0386	catheterization
cateto	nm	0.1737	cathetus
catinga	nf	0.6630	stench
catión	nm	0.2576	cation
catita austral	loc	0.0006	Austral parakeet
catoblepas	nm	0.0964	catoblepas
catóblepon	nm	0.0964	catoblepas
catódico	adj	0.0740	cathodic
catodonte	nm	1.0446	sperm whale
catolicidad	nf	0.1967	catholicity
catolicismo	nm	0.3212	Catholicism
católico	adj	0.6560	Catholic | catholic
catolizar	v	0.0446	Catholicize
catoptrofobia	nf	0.0440	catoptrophobia
catorce	adj	0.1936	fourteen
catorceavo	nm	0.4797	fourteenth
catracho	adj	0.0998	Honduran
catre	nm	0.5526	camp bed | cot
caucásico	nm	0.5660	painter
Cáucaso	n	0.3286	Caucasus
cauce	nm	0.6319	riverbed
cauchil	nm	0.0705	storm drain
caucho	nm	0.4696	caoutchouc | rubber
caución	nf	0.6318	caution
caudal	adj	0.5510	caudal
caudal	nm	1.5139	flow | discharge | fortune | wealth
causa	nf	2.2743	cause | reason
causalidad	nf	0.1752	causality
causar	v	1.0805	cause
causativo	adj	0.1275	causative
cáusticamente	adv	0.0000	caustically
causticar	v	0.4674	great
cautela	nf	0.7437	caution
cautelar	adj	0.2031	careful
cautelosamente	adv	0.1888	cautiously
cauteloso	adj	0.5474	cautious
cautivador	adj	0.2950	captivating
cautivar	v	0.8655	absorb
cautiverio	nm	0.4338	captivity
cautividad	nf	0.2971	captivity
cautivo	adj	0.6325	captive
cauto	adj	1.2686	cautious
cava	nf	0.0773	cava
cavar	v	1.5347	dig | sink | dress | examine | go
cavaril	nm	0.1244	digger
caverna	nf	0.5490	cavern
cavial	nm	0.2458	caviar
caviar	nm	0.4240	caviar
cavidad	nf	0.7171	cavity
cavilación	nf	0.5224	reflection
cavilar	v	0.6265	reflect | think through
cavitación	nf	0.0631	cavitation
Cayena	prop	0.1014	Cayenne
cayetano	nmf	0.0003	prep school boy
cayo	nm	0.0000	cay | key | caye
Cayo Hueso	prop	0.0288	Key West
cayuco	nm	0.4685	dugout
caza	nf	3.1079	hunt | hunting | game
cazar	v	1.4034	hunt | chase
cazo	nm	0.3777	banger
cazón	nm	0.1995	school shark
cazuela	nf	0.4651	casserole | stewpot
CD	nm	0.5138	CD
cebada	nf	1.2862	barley
cebadera	nf	0.0005	spritsail yard
cebador	nm	1.1283	primer
cebo	nm	0.4367	bait
cebolleta	nf	0.0000	chives
cebollino	nm	0.8752	chive
cebra	nf	0.7389	zebra
cebroide	nm	0.1046	zebroid
cebuano	adj	0.4794	Cebuano
ceca	nf	1.1467	mint
cecal	adj	0.0000	cecal
cecear	v	0.1910	lisp
ceceo	nm	0.1910	lisp
cecidología	nf	0.0000	cecidology
Cecilia	prop	0.0631	Sheila
cedazo	nm	0.5789	sieve
cedente	nmf	0.0604	assignor
cedilla	nf	0.3339	cedilla
cedro	nm	0.4620	cedar
cedrón	nm	0.2571	lemon verbena
cédula	nf	0.3176	certificate
cefalalgia	nf	1.1112	headache
cefalálgico	adj	0.0182	cephalalgic
cefalea	nf	0.9709	headache
cefalomegalia	nf	0.0002	cephalomegalia
Cefas	prop	0.1030	Cephas
cefeida	nf	0.0446	Cepheid variable | Cepheid
Cefeida	nf	0.0446	Cepheid variable | Cepheid
céfiro	nm	0.2743	zephyr
cefo	nm	0.0003	Blaumaulmeerkatze | moustached guenon | moustached monkey
cegador	adj	0.1493	blinding
cegar	v	1.5479	blind | dazzle
ceguera	nf	0.5689	blindness
Ceilán	prop	0.2008	Ceylon
ceja	nf	1.0514	eyebrow | brow
cejar	v	0.3366	back off
cejijunto	adj	0.1152	unibrow
cejilla	nf	0.2706	capo
celada	nf	0.0762	bascinet
celar	v	0.3984	conceal
celda	nf	0.8887	cell
Célebes	prop	0.0341	Celebes | Sulawesi
celebración	nf	0.7530	celebration
celebrar	v	0.7543	celebrate
celebrarse	v	0.2026	take place
célebre	adj	1.2304	famous
celebridad	nf	0.7254	celebrity
celeste	adj	0.8198	celestial
celeste	nm	0.8634	sky blue
celestial	adj	0.6274	celestial
celestialmente	adv	0.0446	celestially
celestina	nf	0.4591	celestine | procuress | blue plumbago
celestino	adj	0.0386	Celestinian
Celia	nf	0.0657	Celia
celiaquía	nf	0.5800	coeliac disease
celibato	nm	0.2253	celibacy
célibe	adj	0.2917	celibate
celidonia	nf	0.1861	greater celandine | tetterwort
celo	nm	0.9652	zeal | tape | rut | estrum
celofán	nm	0.4181	cellophane
celos	nm	0.6190	jealousy
celosía	nf	0.0546	lattice window
celoso	adj	0.5498	jealous
celta	adj	0.3115	Celt
célula	nf	1.2330	cell
célula madre	loc	0.1313	stem cell
celular	nm	1.3179	mobile
células intersticiales de Cajal	loc	0.0005	interstitial cell of Cajal
celulitis	nf	0.1777	cellulitis
celuloide	nm	0.1609	celluloid
celulosa	nf	0.7372	cellulose
cementerio	nm	1.2420	graveyard | cemetery
cemento	nm	0.5665	cement
cempasúchil	n	0.0006	Mexican mariglold
cena	nf	0.8681	dinner | supper
cenagoso	adj	0.6238	muddy
cenar	v	0.2930	dine
cenefa	nf	0.5566	border | frieze
cenicero	nm	0.4757	ashtray
cenicienta	nf	0.4071	Cinderella
cenit	nm	1.2322	zenith
cénit	nm	1.2322	zenith
ceniza	nf	1.5450	ash | cinder | mildew
cenobio	nm	0.0005	cenoby
cenotafio	nm	0.2318	cenotaph
cenote	nm	0.2753	cenote
cenozoico	adj	0.0004	cenozoic
Cenozoico	n	0.6306	Cenozoic | Cainozoic | Cænozoic
censo	nm	0.6075	census
censor	adj	0.0539	censoring
censura	nf	0.4365	censorship
censurar	v	0.9501	censor
Centauro	prop	0.0258	Centaur
centavo	nm	0.4308	cent
centella	nf	0.3503	sparkle
centellear	v	1.5803	sparkle | glitter | scintillate | to
centeno	nm	0.4654	rye
centésimo	nm	0.4876	cent
centiamperio	nm	0.0003	centiamper
centicandela	nf	0.0003	centicandela
centifaradio	nm	0.0003	centifarad
centigramo	nm	0.0729	centigram
centihercio	nm	0.0003	centihertz
centijulio	nm	0.0003	centijoule
centikelvin	nm	0.0003	centikelvin
centilitro	nm	0.1288	centilitre
centímetro	nm	0.0000	centimeter | centimetre
centinela	nmf	0.5372	sentinel
centinewton	nm	0.0000	centinewton
centinodia	nf	0.0405	birdweed | pigweed
centiohmio	nm	0.0003	centiohm
centisegundo	nm	0.0657	centisecond
centivatio	nm	0.0000	centiwatt
centivoltio	nm	0.0003	centivolt
centollo	nm	0.1411	European spider crab
centralismo	nm	0.2047	centralism
centrar	v	0.4675	center
céntrico	adj	0.1333	centric
centrifugadora	nf	0.7402	centrifuge
centrifugar	v	0.1269	centrifuge
centrípeto	adj	0.1036	centripetal
centro	nm	2.0016	center | centre
centro comercial	loc	0.5557	shopping centre | mall
centro de datos	loc	0.0182	data center
centroafricano	adj	0.1363	Central African
Centroamérica	prop	0.2285	Central America
centroamericano	adj	0.0998	Central American
centuplicar	v	0.0000	centuplicate
céntuplo	adj	0.2260	hundredfold
centuria	nf	0.6551	century
centurión	nm	0.2484	centurion
cenurosis	nf	0.0000	coenurosis
cenzonte	nm	0.2549	mockingbird
cenzontle	nm	0.3854	mockingbird
ceñidor	nm	0.1424	girdle
ceñir	v	0.8340	girdle | shorten
ceo	nm	0.0007	atlantic John Dory
cepillo	nm	0.8995	brush
cepillo de carpintero	loc	1.1479	plane
cepillo de dientes	loc	0.4161	toothbrush
cepillo del pelo	loc	0.1821	hairbrush
cepo	nm	0.2807	pillory | spring trap
cera	nf	1.8216	wax | earwax | beeswax
cerámica	nf	0.7420	ceramics | ceramic
cerámico	adj	0.2092	ceramic
ceratosaurio	nm	0.1046	ceratosaur
cerbatana	nf	0.3596	blowgun
cerca	adv	0.9724	nearby
cercanía	nf	0.3374	proximity
cercanías	nm	0.0618	local train
cercano	adj	1.5187	close
cercar	v	0.5155	encircle | circumscribe
cercenar	v	1.5362	cut | reduce
cerda	nf	0.5301	bristle | horsehair
Cerdeña	n	0.4843	Sardinia
cerdo	nmf	0.0021	pig
cereal	nm	0.1675	cereal
cerebelo	nm	0.6511	cerebellum
cerebro	nm	2.7379	brain
ceremonia	nf	0.6859	ceremony
cerería	nf	0.0576	chandlery
cereza	nf	1.2727	cherry
cerezo	nm	0.8538	cherry | cherry tree
cerillero	n	0.0003	match seller
cerio	nm	0.5077	cerium
cerneja	nm	0.0129	feathering
cernerse	v	0.2767	float
cernícalo	nm	0.4331	kestrel | American kestrel
cero absoluto	nm	0.0007	absolut zero | absolute zero
cerradura	nf	1.0837	lock
cerrar	v	3.2476	close | shut
cerrar la boca	loc	0.4430	shut up | shush
cerrarse	v	0.3152	conclude
cerro	nm	1.3304	hill
cerrojo	nm	1.8736	bolt | latch | defensive game
certero	adj	0.8503	correct
certeza	nf	0.5571	certainty
certificador	adj	0.0182	certifier | certifying
certificar	v	0.2807	certify
cervantesco	adj	0.0810	Cervantesque
cervantino	adj	0.0879	Cervantesque
cervecería	nm	0.3286	brewery
cerveza	nf	3.6430	beer | ale
cerveza negra	loc	0.0258	black beer
cervicabra	nf	0.0003	Indian antelope | blackbuck | sasin
cesante	adj	0.6009	unemployed | suspended
cesar	v	2.7756	stop | cease | quit
Cesarea	prop	0.0006	Caesarea Palestinae | Caesarea Maritima
cesárea	nf	0.0223	cesarean
Cesarea Marítima	prop	0.0006	Caesarea Palestinae | Caesarea Maritima
Cesarea Palestina	prop	0.0006	Caesarea Palestinae | Caesarea Maritima
cesio	nm	0.5559	caesium | cesium
cesión	nf	0.9806	cession | transfer | back-pass rule
césped	nm	1.0832	lawn | grass
cesta	nf	3.7679	basket
cesto	nm	1.9376	basket
cetáceo	nm	0.1834	cetacean
cetrería	nf	0.2368	falconry
cetrero	nmf	0.1759	falconer
cetro	nm	0.6677	sceptre | scepter
Ceuta	prop	0.0864	Ceuta
chabacanería	nf	0.4703	vulgarity | coarse
chabacano	nm	0.7447	apricot | Chavacano
chabola	nf	0.5040	shanty
chacal	nm	0.5656	jackal
chachachá	nm	0.1821	cha-cha | cha-cha-cha
cháchara	nf	0.3277	gossip
chacho	nmf	1.6082	man
chacó	nm	0.1457	shako
Chad	n	0.8292	Chad
chadiano	adj	0.2526	Chadian
chafallar	v	0.3999	botch
chaira	nf	0.0006	knife sharpener
chakra	nf	0.0892	chakra
chalaca	nf	0.4788	bicycle kick | bike kick | overhead kick
chalán	adj	0.0697	coper | horse trader
chalanear	v	0.1544	barter
chalé	nm	0.2937	cottage
chaleco	nm	1.2089	waistcoat | vest
chaleco antibalas	loc	0.0003	bullet-proof vest
chalet	nm	0.2937	cottage
chamánico	adj	0.0695	shamanic | shamanistic
chamanístico	adj	0.0695	shamanic | shamanistic
chamaquear	v	0.4944	trick | infantilise | infantilize
chambelán	nm	0.3574	chamberlain
chambrana	nf	0.8430	frame | rung | chambranle
chamico	nm	0.0003	thorn-apple
chamiza	nf	0.2021	stick insect | stick-bug
chamo	nmf	1.7649	child | kid
chamorro	nm	0.0835	Chamorro
champán	nm	0.5636	champagne
champaña	nf	0.4051	Champagne
champiñón	nm	0.5420	champignon | button mushroom
champú	nm	1.3878	shampoo | Champagne
chamuscar	v	0.6708	singe | scorch
chancaca de Paita	loc	0.5361	easy
chancapiedra	nf	0.0000	stonebreaker
chancha	nf	0.9931	sow
chanchito	nm	0.1709	piggy bank
chancho	nm	4.0194	pig | double | burp
chanchullo	nm	0.2382	ploy
chanclo	nm	0.2449	clog
chancro	nm	0.1363	chancre
chándal	nm	0.3862	tracksuit | sweatsuit
chaneque	nm	0.2260	goblin
changán	interj	0.0364	bags | dibs
chantaje	nm	0.8027	blackmail
chantajear	v	0.5649	blackmail
chanza	nf	3.1724	joke | jest
chapaleteo	nm	0.0182	lapping
chaparral	nm	0.0569	chaparral
chaparro	adj	0.6202	short
chaparrón	nm	0.1866	rain shower
chape	nm	1.2786	slug | plait | keyhole limpet
chapecán	nm	0.2693	plait
chapecar	v	0.1440	plait
chapero	nm	0.3726	hustler
chapotear	v	0.6434	splash | squelch
chapucear	v	0.3999	botch
chapucero	nm	0.1865	botcher
chapulín	nm	0.7003	grasshopper
chapurrear	v	0.6477	butcher
chaqueta	nf	0.7224	jacket
chaquetero	adj	0.2686	twister
charada	nf	0.2943	charade | flare-up
charango	nm	0.0631	charango
charco	nm	1.4209	puddle | pool
charcutería	nf	0.2124	charcuterie
charla	nf	1.0411	chat | talk
charlar	v	2.7712	chat
charlatanería	nf	0.7847	babble
charol	nm	0.2315	patent leather
charretera	nf	0.0000	epaulet
chascarro	nm	0.3494	story | witticism
chasis	nm	0.2592	chassis
chatarra	nf	0.4044	scrap
chatni	nm	0.6039	chutney
chau	interj	0.5450	bye
chaval	nmf	2.2993	child | kid
chavalo	nm	0.5546	boy
chavea	nm	1.3817	child | kid
chavismo	nm	0.0258	Chavism
chavista	adj	0.0787	Chavista
chavo	nm	2.2003	child | kid
chavó	nm	1.3275	child | kid
Chechenia	prop	0.5238	Chechnya
checo	nm	1.2133	Czech
Checoslovaquia	prop	0.4469	Czechoslovakia
chef	nmf	0.1774	chef
chela	nf	0.0007	brewbrewski
Cheliábinsk	prop	0.0845	Chelyabinsk
chelín	nm	0.1411	shilling
chelista	n	0.3723	cellist
chelo	nm	0.6760	cello
chépica	nf	0.0364	colonial bent | common bent
cheque	nm	2.7442	check | cheque
chequear	v	1.0485	check
Chequia	prop	1.2997	Czechia
Cherburgo	prop	0.0315	Cherbourg
Chernóbil	prop	0.1910	Chernobyl
cheroqui	nm	0.2971	Cherokee
chevrón	nm	0.3145	chevron
chewa	nm	0.0005	Cichewa
chía	nf	0.1137	chia
chic	adj	0.3336	chic
chícharo	nm	1.2459	pea
Chichén Itzá	prop	0.0005	Chichen Itza
chicle	nm	0.3506	chewing gum
chico	adj	0.2297	gal
chicoria	nf	1.4188	chicory
chicozapote	nm	0.2260	sapote | zapote
chiflido	nm	0.6895	whistle
chifón	nm	0.1433	chiffon
chigüire	nm	0.4191	capybara
chihuahueño	nm	0.0364	chihuahua
chií	adj	0.0000	Shi'ite
chiita	adj	0.0000	Shi'ite
chilata	nf	0.2952	trifle
chilate	nm	0.2297	cum
chilchi	nm	1.4926	drizzle
chilcón	nm	0.0004	Magellanic fuchsia
chile	nm	1.0828	chili pepper | chilli | chili
Chile	n	1.3743	Chile
chile piquín	loc	0.0004	chilipiquin | chiltepin
chilena	nf	0.8668	bicycle kick | overhead kick | bike kick | Chilean
chileno	adj	0.8724	Chilean
chillador	adj	0.0000	yeller | yelling
chillar	v	0.7054	squeak
chilo	adj	0.3671	cool
chilote	adj	0.0000	Chilote
chimango	nm	0.1695	chimango caracara
chimbador	nm	0.1389	spoiler
chimenea	nf	0.6618	chimney | fireplace
chimpancé	n	0.5525	chimpanzee | chimp
chin	nm	1.2039	bit | little
China	n	1.9447	China
chinchar	v	0.3807	nag
chinche	nf	0.6547	bedbug | true bug | drawing pin | tack | thumbtack
chinchilla	nf	0.3808	chinchilla
chincol	nm	0.1338	rufous-collared sparrow
chingadera	nf	1.1434	bullshit | crap | fucking action
chinita	nf	0.0364	ladybug
chino	adj	2.0691	Chinese
chino mandarín	loc	0.1797	mandarin
chinorri	nm	1.3275	child | kid
chintz	nm	0.1812	chintz
chip	nm	0.6995	chip
chipote	nm	0.5954	boil
Chipre	n	1.1162	Cyprus
chipriota	adj	0.2677	Cypriot
chiquero	nm	0.9672	pigsty
chiquilique	nm	0.0010	Pacific mole crab | Pacific sand crab | coldwater mole crab
chirimiri	nm	1.9532	drizzle
chiripa	nf	0.7109	fluke | serendipity
chirona	nf	0.0933	clink
chirriar	v	1.2652	creak | squeak | grate | crackle
chisme	nm	2.6097	gossip
chismear	v	0.9636	babble
chismería	nf	0.3277	gossip
chismorrear	v	1.0604	gossip
chismosear	v	0.9830	gossip
chismoso	adj	0.5306	tattler
chispa	nf	1.1179	spark
chispear	v	0.0008	to drizzle
chispita	nf	0.0003	chispit
chiste	nm	1.6106	joke | taunt | sharpness
chistera	nf	0.3466	top hat
chistorra	nf	0.0515	chistorra
chistoso	adj	1.0441	funny
chiuque	nm	0.1663	chimango caracara
chiva	nf	1.4462	kid | scoop | goatee | chinstrap beard
chiva	nmf	0.7634	telltale
chivas	nf	0.0315	belongings
chiveado	adj	0.2086	ashamed | embarrassed
chivera	nf	0.6393	goatee | store | second-hand
chivo	nm	0.2885	billy
chivo expiatorio	loc	0.9823	scapegoat
chochaperdiz	nf	0.5897	woodcock
chochín	nm	0.2260	wren
chocho	adj	0.0000	doddering
chocho	nm	0.9055	lupin | coral tree | soapnut
choclo	nm	0.0009	ear (of corn)
chocolate	nm	1.6974	chocolate
chocolate blanco	loc	0.1468	white chocolate
chocolatera	nf	0.0005	chocolate pot
chocolatería	nf	0.0003	chocolate shop
chocolatero	adj	0.1731	chocolatier
chofer	nmf	0.6369	chauffeur
choique	nm	0.2354	Darwin's rhea
chontal	adj	0.0000	Chontal
chopo	nm	0.4105	aspen | cottonwood | poplar
chopo temblón	loc	0.8430	aspen | Eurasian aspen | European aspen | common aspen | quaking aspen | trembling poplar
choque	nm	0.0007	plain-mantled tit-spinetail
chorizar	v	0.7209	steal
chorizo	nmf	1.3852	thief
chorizo	nm	0.5428	chorizo
chorlitazo sureño	loc	0.1240	southern lapwing
chorlitejo chico	loc	0.1446	little ringed plover
choro	nm	1.3135	blue mussel | cunt | affable
choro	adj	1.3340	brave | cheeky
choroy	nm	0.0004	slender-billed parakeet
chorro	nm	0.8059	jet
chotacabras	nmf	0.3241	nightjar
chovinismo	nm	1.0021	chauvinism
choza	nf	1.0412	hut | hovel
chozno	nm	0.0005	great-great-great-grandchild
chúa	nf	0.7059	caterpillar
chubasco	nm	0.0010	thunder storm
chucao	nm	0.0003	chucao tapaculo
chuchería	nf	1.3494	snack | candy
chucho	nm	0.0011	austral pygmy owl
chueco	adj	0.3770	knock-kneed | bowlegged
chufa	nf	0.2935	tiger nut | chufa | rush-nut
chuleta	nf	1.7202	chop | cutlet
chulo	nm	2.2099	pimp | cocky
chulpi	nm	0.0810	cancha | corn nut
chumbera	nf	0.8423	prickly pear | nopal
chumbimbo	nm	0.0660	soapberry
chumbo	nm	0.0000	cactus fig
chumpipe	nm	2.5030	turkey
chunche	nm	0.2904	gadget
chupacabras	nm	0.0000	chupacabra
chupacirios	nmf	0.1128	Bible basher
chupar	v	2.3196	suck
chupatintas	nmf	0.1262	office boy
chupete	nm	0.7899	dummy
chupetear	v	0.2857	suck
chupi	adj	0.0258	fab
chupón	nm	0.0000	suckler
chupóptero	nm	0.9052	leech | sponger
churana	nf	0.9176	quiver
churra	nf	0.1381	black-bellied sandgrouse
churrete	nm	0.0011	dark bellied cinclodes
churumbel	nm	1.7649	child | kid
chusma	nf	0.6934	rabble
chuspa	nf	0.3237	bag
chutar	v	1.0567	shoot
Chuvasia	prop	0.4385	Chuvashia
chuvasio	nm	0.2020	Chuvash
chuzo	nm	0.0000	goedendag
cía	nf	0.0005	hip-bone
cian	adj	0.3376	cyan
cianótico	adj	0.0978	cyanotic
cianuro	nm	0.4169	cyanide
ciar	v	0.2870	back off
cíborg	nm	0.1761	cyborg
cicatriz	nf	0.6996	scar
cicatrizarse	v	0.3753	cure
cicerone	nm	0.0758	cicerone | guide
ciclabilidad	nf	0.0000	cyclability
ciclán	nm	0.2663	rig | ridgling
cíclicamente	adv	0.0000	cyclically
ciclismo	nm	0.1358	cycling
ciclo	nm	0.3591	cycle
ciclo metónico	loc	0.0003	metonic cycle
ciclofobia	nf	0.0006	cyclophobia
ciclón	nm	0.2652	cyclone
ciclón tropical	loc	0.1320	tropical cyclone
ciclonudismo	nm	0.0005	cyclonudism
ciclonudista	adj	0.0005	cyclonudist
ciclopeatonal	adj	0.0005	cyclopedestrian
ciclopentano	nm	0.0773	cyclopentane
ciclópico	adj	0.1103	cyclopean
ciclosilicato	nm	0.0364	cyclosilicate
cicloturismo	nm	0.0006	cyclotourism
cicloturista	n	0.0006	cyclotourist
cicloviajero	nm	0.0007	cyclotraveller
cidra	nm	0.7112	citron
cidro	nm	0.5897	citron
ciegamente	adv	0.3514	blindly
ciego	adj	1.7519	blind
ciego	nm	0.3383	blind person | blind man
cielo	nm	3.5800	sky | heaven
Cielo	prop	0.0446	Heaven
cielos	interj	1.5583	God | gosh | my God | my goodness | my gosh | wow | blimey
ciempiés	nm	1.5363	centipede
cien	adj	0.0129	one hundred
ciénaga	nf	0.4813	bog | swamp
ciencia fáctica	loc	0.0003	factic science
ciencia ficción	loc	0.1995	science fiction
ciencia formal	loc	0.0407	formal science
ciencias naturales	loc	0.1513	natural science
cienmilésimo	adj	0.0713	hundred-thousandth
cieno	nm	2.3648	mud
científico	adj	1.2652	scientific | scientist
cierre	nm	0.0993	zipper
ciertamente	adv	0.9034	truly
ciervo	nmf	0.0014	deer
ciervo campero	loc	0.0008	Pampas deer
ciervo de las marismas	loc	0.1866	marsh deer
ciervo de los pantanos	loc	0.1866	marsh deer
ciervo del Delta	loc	0.1866	marsh deer
ciervo isleño	loc	0.1866	marsh deer
ciervo pampero	loc	0.0008	Pampas deer
cierzo	nm	0.6444	kiss
cifosis	nf	0.0003	kyphose
cifra	nf	1.3478	cipher | digit
cigarra	nf	0.2524	cicada
cigarrillo	nm	1.3678	cigarette
cigarro	nm	0.4364	cigar
cigomorfo	adj	0.1457	zygomorphic
cigoto	nm	0.6841	zygote
cigüeña	nf	1.1505	stork
cigüeña americana	loc	0.0007	Maguari stork
cigüeña negra	loc	0.2762	black stork
cilantro	nm	1.2826	coriander
cileiro	nm	0.3052	barn
cilicio	nm	0.2304	cilice
cilíndrico	adj	0.3564	cylindrical | cylindric
cilindro	nm	0.5334	cylinder
cilla	nf	0.4441	silo
cima	nf	1.4445	summit | top
cimarrón	adj	0.7682	feral | Maroon
cimbrel	nm	0.4367	dick
cimbrón	nm	0.2657	vibration
cimentación	nf	1.3035	foundation
cimentar	v	0.2182	found
cimera	nf	0.4166	crest
cimiento	nm	0.6078	foundation
cimitarra	nf	0.1659	scimitar
cincel	nm	0.5369	chisel
Cincel	prop	0.0007	The Chisel | The Sculptor´s Chisel
cincelar	v	0.6710	chisel
cincha	nf	0.1727	cinch
cinco	adj	2.1148	five
cine	nm	1.1869	cinema | pictures
cine negro	loc	0.0258	film noir
cineclub	nm	0.0004	film society | Filmklub
cinegético	adj	0.0631	cynegetic
cinemascope	nm	0.0000	CinemaScope
cinematografía	nf	0.3909	cinematography
cinematográficamente	adv	0.0000	cinematographically
cinematográfico	adj	0.0804	cinematographic
cinematógrafo	nm	0.0862	cinematograph
cinésica	nf	0.0813	kinesics
cinesiología	nf	0.1411	kinesiology
cinestesia	nf	0.0888	kinesthesia
cíngaro	adj	0.8458	gypsy
cínico	adj	0.3864	cynical
cinismo	nm	0.0902	cynicism
cinocéfalo	adj	0.0288	cynocephalus | cynocephaly
cinquillo	nm	0.0004	card domino | domino
cinta	nf	0.7147	tape
cintarazo	nm	0.7157	belt
cinto	nm	2.3167	belt
cintura	nf	0.4819	waist | middle
cinturón	nm	2.4442	belt
cipo	nm	0.0003	memorial stone | milestonesignpost
ciprés	nm	0.6014	cypress
circa		0.6703	approximately
circadiano	adj	0.4405	circadian
circonio	nm	0.2632	zirconium
circuito	nm	0.1620	circuit
circulación	nf	0.5758	circulation
circular	nf	0.0000	form letter
círculo	nm	2.3403	circle
circuncidar	v	0.2706	circumcise
circuncisión	nf	0.7542	circumcision
circunciso	adj	0.0751	circumcised
circundar	v	0.2739	circumvent
circunferencia	nf	0.9095	circumference
circunscribir	v	0.3384	circumscribe
circunscripción	nf	0.0998	circumscription
circunstancia	nf	0.5930	circumstance
circunstancial	adj	0.2721	circumstantial
circunvalar	v	0.0004	sorround
cirílico	adj	0.0020	cyrillic | Cyrillic
cirio	nm	0.7773	taper | boojum tree
cirro	nm	0.0000	scirrhus
cirrosis	nf	0.3915	cirrhosis
cirrótico	adj	0.0446	cirrhotic
ciruela	nf	1.7802	plum | gage
ciruelillo	nm	0.0961	Chilean firetree | Chilean firebush
ciruelo	nm	1.2515	plum | plum tree
cirugía	nf	0.5838	surgery
cirugía plástica	loc	0.3194	plastic surgery
cirujano	nmf	0.5739	surgeon
cis	adj	0.1030	cis
cisalpino	adj	0.0976	cisalpine
cisco	nm	0.1610	culm | coaldust
cisexismo	nm	0.0762	cissexism
cisexual	adj	0.0182	cissexual
cisgénero	adj	0.3811	cisgender
cisheteropatriarcado	nm	0.0546	cisheteropatriarchy
Cisjordania	n	0.2786	West Bank
cisma	nm	0.3683	schism
cisne	nm	1.0855	swan
cissexismo	nm	0.0762	cissexism
cisteína	nf	0.0892	cysteine
cisterna	nf	1.3352	tank | cistern
cistitis	nf	0.0786	cystitis
citación	nf	0.5635	citation
citadino	adj	0.2894	urban
cítara	nf	0.1338	zither
Citlali	prop	0.0004	Citlali
citocina	nf	0.0892	cytokine
citocinesis	nf	0.1030	cytokinesis
citoesqueleto	nm	0.0604	cytoskeleton
citoplasma	nm	0.6529	cytoplasm
citoqueratina	nf	0.0000	cytokeratin
cítrico	nm	0.1296	citrus
citrón	nm	0.2004	citron
ciudad	nf	2.0694	city | town
Ciudad de Guatemala	prop	0.1070	Guatemala City
Ciudad de México	prop	0.8045	Mexico City
Ciudad del Cabo	prop	0.3537	Cape Town
Ciudad del Vaticano	n	0.6846	Vatican City
ciudadanía	nf	0.5807	citizenship
ciudadano	nmf	1.3218	citizen
ciudadela	nf	0.3715	citadel
civil	adj	0.2782	civil
civilización	nf	0.8832	civilization | civilisation
civilizador	adj	0.0000	civilising | civilizing
civilizar	v	0.0000	civilize
civismo	nm	0.2339	civility
cizalladura	nf	0.0000	wind shear
cizaña	nf	0.5059	darnel
clado	nm	0.4067	clade
clámide	nf	0.0682	chlamys
clamor	nm	0.5474	clamor
clamoroso	adj	0.1821	clamorous
clan	nm	0.5674	clan
clandestinamente	adv	0.3737	secretly | underground
clara	nf	0.0004	albumen
Clara	prop	0.0000	Claire
claraboya	nf	0.0000	dormer window
claramente	adv	0.4384	clearly
claretiano	adj	0.0003	claretian
claridad	nf	0.5232	clarity
clarificador	adj	0.0182	clarifying | illuminating
clarificar	v	0.6211	clarify | illuminate
clarífico	adj	0.1530	shining
clarinete	nm	0.2444	clarinet
clarión	nm	0.6536	chalk
claro	adj	4.8221	light
claro de luna	n	0.5561	moonlight | moonshine
clase	nf	2.2084	class | sort | make
clase social	loc	0.2375	social class
clasificación	nf	0.5114	classification
clasificar	v	0.5062	classify
clástico	adj	0.2361	clastic
clasto	nm	0.1257	breccia | clast
clatrado	adj	0.0669	clathrate | clathroid
claustro	nm	0.7545	cloister
claustrofobia	nf	0.2410	claustrophobia
cláusula	nf	0.4479	clause
cláusula compuesta	loc	0.1262	compound sentence
cláusula dependiente	loc	0.0364	dependent clause
cláusula independiente	loc	0.0129	independent clause
cláusula simple	loc	0.1208	simple sentence
cláusula subordinada	loc	0.0405	dependent clause | subordinate clause
clavadora	nf	0.0315	nailer | nail gun
clavel	nm	0.3221	carnation
clavetear	v	0.7763	nail
clavicordio	nm	0.2108	harpsichord | clavichord
clavícula	nf	0.3564	clavicle | collarbone
clavija	nf	0.5548	peg
clavo	nm	2.0328	nail | clove
clembuterol	nm	0.0631	clenbuterol
clemencia	nf	0.5249	clemency
cleptocracia	nf	0.4224	kleptocracy
cleptofobia	nf	0.0000	kleptophobia
cleptomanía	nf	0.2822	kleptomania
cleptómano	adj	0.1046	kleptomaniac | kleptomaniacal
cleptón	nm	0.0258	klepton
clerecía	nf	0.1022	clergy
clero	nm	0.1022	clergy
clic	nm	0.2701	click
click and collect	loc	0.0258	click and collect
clictivismo	nm	0.0773	clicktivism
cliente	nmf	0.6139	customer | client
clientela	nf	0.0815	clientele
clima	nm	0.6947	climate
climaterio	nm	0.4539	climacteric | climacterium
climático	adj	0.1163	climatic
climatología	nf	0.2410	climatology
climatológico	adj	0.0182	climatologic | climatological
clina	nf	0.0862	cline
clínex	nm	0.1121	kleenex
clinómetro	nm	0.0129	inclinometer
clip	nm	0.1893	clip
clítico	adj	0.1689	clitic
clítoris	nm	1.3952	clitoris
clivoso	adj	0.4758	steep | hilly
clo		0.1166	cluck
cloc		0.1166	cluck
cloche	nm	0.5678	clutch
clocló		0.1166	cluck
clonación	nf	0.1387	cloning
cloque	nm	0.0000	boat hook
clorar	v	0.0729	chlorinate
clorhídrico	adj	0.1113	hydrochloric | chlorhydric
cloro	nm	0.8445	chlorine
clorofila	nf	0.1957	chlorophyll
clorofílico	adj	0.0407	chlorophyllic
clorofórmico	adj	0.0000	chloroformic
cloroplasto	nm	0.1434	chloroplast
cloruro de sodio	nm	0.0955	table salt
clóset	nm	0.3004	gorilla
club	nm	2.3955	club | society
coacción	nf	0.5804	coercion
coadyuvar	v	0.0000	coadjute
coagulador	adj	0.0000	coagulating | congealing | curdling
coagulante	nm	0.1702	coagulant
coagular	v	0.3546	coagulate
coalescencia	nf	0.1645	coalescence
coalescente	adj	0.0386	coalescent
coalición	nf	0.4966	coalition
coana	nf	0.1546	choana
coartador	adj	0.0129	restricting
coarticulación	nf	0.0000	coarticulation
coatí	n	0.2260	coati
coaxial	adj	0.0675	coaxial
cobalto	nm	0.9127	cobalt
cobarde	adj	1.6606	coward | cowardly
cobaya	n	1.0165	guinea pig
cobayo	nm	1.2549	guinea pig
cobertizo	nm	1.4204	shelter
cobija	nf	0.8070	blanket
cobijador	adj	0.0000	protecting | sheltering
cobijar	v	0.5793	harbor
cobijo	nm	0.8320	shelter
Coblenza	prop	0.0515	Koblenz
cobra	nf	0.5173	cobra
cobrador	nm	0.6066	collector
cobrar	v	1.0383	collect
cobre	nm	2.8966	copper
cobrizo	adj	0.0008	copper-colored | copper-coloured | coppery
Coburgo	prop	0.0000	Coburg
coca	nf	1.2988	coca | cog
cocacho	nm	0.2281	noogie
cocacola	nf	0.3319	Coca-Cola
cocaína	nf	1.2967	cocaine | coke
cocción	nf	1.3766	cooking
cóccix	nm	0.6501	coccyx | tailbone
cocer	v	1.6193	cook
cocerse	v	0.6639	cook
coche	nm	3.7234	car | carriage | automobile
coche bomba	nm	0.1794	car bomb
cochera	nf	1.2617	garage | depot
cochero	nm	0.0000	coachman
cocheta	nf	0.0000	voiturette
cochinilla	nf	0.0704	slater
cochinilla de humedad	loc	0.3759	woodlouse
cochino	nm	3.9438	pig
cochiquera	nf	0.6306	pigsty
cocho	nm	2.1134	pork | pig
cocho	adj	0.5653	cooked
cociente	nm	0.4185	quotient
cocina	nf	1.3458	kitchen | cuisine
cocinero	nmf	0.0006	cook
cóclea	nf	0.4425	cochlea
coco	nm	2.3928	coconut | coccus | coco palm
cocodrilo	nm	1.4159	crocodile | alligator
cocorocó		0.1449	cock-a-doodle-doo
cocorronazo	nm	0.2517	noogie
cocotazo	nm	0.2517	noogie
cóctel	nm	0.2154	cocktail
códec	n	0.1062	codec
códec	nm	0.1062	codec
codeso	nm	0.0874	laburnum
códice	nm	0.2392	codex
codicia	nf	0.6549	greed
codicilo	nm	0.2124	codicil
codificación	nf	0.1728	codification
codificador	adj	0.1446	coder | codifier | codifying
codificar	v	0.3848	codify | encode
código	nm	1.4550	code
código binario	loc	0.0446	binary code
código de barras	loc	0.3324	barcode | bar code
código fuente	loc	0.4066	source code
código genético	loc	0.2378	genetic code
código morse	loc	0.3271	Morse code
codo	nm	0.9246	elbow
codominio	nm	0.0815	codomain
codón	nm	0.0631	codon
codorniz	nf	0.7548	quail
coerción	nf	0.4351	coercion
coercitivo	adj	0.1593	coercive
coetáneo	adj	0.0258	coetaneous
coexistir	v	0.2904	coexist
cofa	nf	0.3340	top
coficina	nf	0.0258	coffice
cofrade	nm	0.3826	brother
cofradía	nf	0.4275	guild
cofre	nm	1.3752	case | enclosure | trunk | chest | hood
cofundador	adj	0.0929	cofounder | cofounding
coger	v	2.2790	grab | catch | bump
cognado	adj	0.3709	cognate
cognaticio	adj	0.0182	enatic | cognatic
cognición	nf	0.3830	cognition
cognitariado	nm	0.0773	cognitariat
cognitivismo	nm	0.0000	cognitivism
cognitivo	adj	0.2913	cognitive
cognomen	nm	0.3133	nickname
cognoscible	adj	0.0407	knowable
cognoscitivo	adj	0.1689	cognitive
cogote	nm	1.0580	nape | tack
cogujada común	loc	0.2959	crested lark
cohabitar	v	0.2224	cohabit
cohecho	nm	0.6466	bribery
coherencia	nf	0.5152	coherence
cohesión	nf	0.4341	cohesion
cohesivo	adj	0.1862	cohesive
cohesor	n	0.0315	coherer
cohete	nm	0.9281	rocket | skyrocket
cohibición	nf	0.3914	restraint | cohibition
cohibir	v	1.0432	restrain | restrict
cohipónimo	nm	0.2277	pseudonym
coima	nf	0.8695	bribe
coimear	v	0.8695	bribe
coincidencia	nf	0.4666	coincidence
coincidente	adj	0.2359	coincident
coincidir	v	1.2292	coincide | agree
coipo	nm	0.4432	coypu
coito	nm	0.9311	coitus | intercourse
coitus interruptus	nm	0.2537	coitus interruptus
cojear	v	0.5592	limp
cojín	nm	1.7093	cushion
cojineta	nf	0.6068	pad
cojinete	nm	0.8586	bearing
cojo	adj	0.9211	lame
cojonudo	adj	0.7775	brave
col	nf	2.4821	cabbage
cola	nf	3.1907	tail | queue | glue | cola | kola | cement
colaboración	nf	0.4521	collaboration
colaborador	nmf	0.2822	collaborator
colador	nm	0.4877	colander
colapez	nf	0.2026	isinglass
colatitud	n	0.0000	colatitude
colaudar	v	0.5773	to | extol | praise
colcha	nf	0.0546	bedcover
cólchico	nm	0.0628	autumn crocus
colchón	nm	0.4579	mattress
colde	nm	0.0003	cod icefish | rockcod
colección	nf	1.3916	collection | set
coleccionar	v	0.5481	collect
colecistectomía	nf	0.1235	cholecystectomy
colecistitis	nf	0.1338	cholecystitis
colectividad	nf	0.1596	collectivity
colédoco	nm	0.1588	common bile duct
colega	n	1.1348	colleague | coworker
colegio	nm	1.0246	college
colegir	v	0.7593	gather | infer
coleóptero	adj	0.9065	beetle
cólera	nm	0.7191	cholera
colérico	adj	0.4566	choleric
colesterina	nf	0.0000	cholesterin
colesterol	nm	0.1506	cholesterol
coleta	nf	0.7925	ponytail | pigtail
Coleta	prop	0.0000	Colette
colibrí	nm	1.0625	hummingbird
colidir	v	0.4818	collide
coliflor	nf	1.5524	cauliflower
colilla	nf	1.3346	butt
colín	adj	0.2819	bobtail
colín	nm	0.1995	baby grand piano
colina	nf	1.5109	hill | choline
colino	nmf	0.2215	junkie
colirio	nm	0.0000	eyedrops | eye | salve
colisión	nf	0.5710	collision
colisión elástica	loc	0.0258	elastic collision
colisión inelástica	loc	0.0003	inelastic collision
colisionar	v	0.1967	collide
colita	nf	0.2726	bobbin
colitis	nf	0.1432	colitis
collado	nm	0.8119	hill
collage	nm	0.2762	collage
collera	nf	0.0000	cuff link | cuff-link | cufflink
colmena	nf	0.3477	hive
colmenar	nm	0.4694	apiary
colmenero	nmf	0.6695	beekeeper
colmillo	nm	0.3870	canine
colocación	nf	0.2564	collocation
colocar	v	1.3594	place
colocarse	v	0.0003	be daunted
colofón	nm	0.0911	colophon
colofonia	n	0.0223	Greek pitch | colophony | rosin
cologaritmo	nm	0.0482	cologarithm
coloide	nm	0.1502	colloid
Colombia	n	1.1563	Colombia
colombianismo	nm	0.0129	Colombianism
colombiano	adj	0.6745	Colombian
colombina	nf	0.2304	lollipop
colon	nm	0.5800	colon
colonia	nf	1.0098	colony | settlement
Colonia	prop	0.4610	Cologne
colonial	adj	0.1567	colonial
colonialismo	nm	0.1893	colonialism
coloquial	adj	0.4028	colloquial
color	nm	0.2732	colour | color
colorado	adj	3.2558	coloured | red
Colorado	n	0.1038	Colorado
colorante	nm	1.4330	color
colorar	v	0.4713	to | colour
colorido	adj	0.5943	colored
colorido	nm	0.0000	colourful
colorimetría	nf	0.0946	colorimetry
colorín	adj	1.9073	redheaded | ginger
colosal	adj	0.6279	colossal
Colosenses	prop	0.6178	Colossians
coltan	nm	0.1093	coltan
coltán	nm	0.1093	coltan
coludir	v	0.2878	collude
columbia	nf	0.0004	columbia
columbita	nf	0.1395	columbite
columbrar	v	0.0005	see afar off
columna	nf	1.8963	column | pillar
columna entorchada	loc	0.0005	barley-sugar column | Solomonic column
columna salomónica	loc	0.0005	barley-sugar column | Solomonic column
columna térmica	loc	0.1728	thermal
columna vertebral	loc	0.8450	vertebral column
columnata	nf	0.4049	colonnade
columpio	nm	0.9720	swing
colusión	nf	0.3601	collusion
coma	nf	0.6446	comma
comado	adj	0.0000	comate
comadreja	nf	1.0052	weasel | marten
comando	nm	0.0815	commando
comarca	nf	0.7775	district
comatoso	adj	0.1350	comatose
comba	nf	0.4505	jump rope | skip rope | skipping rope
combar	v	1.0299	bend
combate	nm	0.8160	battle
combatiente	n	0.6683	fighter
combinar	v	0.5931	arrange
combinarse	v	0.1656	combine
combinatorio	adj	0.0813	combinatorial
comburente	nm	0.1407	oxidant | oxidizing agent
combustible	adj	0.2562	combustible
combustible fósil	loc	0.0964	fossil fuel
combustión	nf	0.2993	combustion
comedia	nf	0.3833	comedy
comediante	n	0.4473	comedian
comedido	adj	0.0006	self-restrained
comedio	nm	0.1524	intermission | centre
comedón	nm	0.0972	comedo
comedor	nm	0.1866	eater | dining room
comején	nm	1.0299	termite
comelotodo	nm	0.0800	snow pea
comensal	n	0.1821	commensal
comentar	v	0.4826	comment
comentario	nm	0.7542	comment
comer	v	2.7803	eat | have lunch | capture
comercial	adj	0.6264	commercial
comercial	nm	0.2412	ad
comerciante	nmf	0.5241	dealer
comercio	nm	0.7758	commerce | trade
comestible	adj	0.5194	edible
cometa	nm	1.3948	comet
cometa	nf	2.1986	kite
comezón	nf	0.6229	itch
comible	adj	0.3301	edible
cómic	nm	0.5985	comic
cómicamente	adv	0.0000	comically
comicidad	nf	0.0008	comicity
comicios	nm	0.0000	elections
cómico	adj	1.5209	comic
comida	nf	3.1166	meal | food | lunch | supper | dinner | blowjob
comienzo	nm	1.8694	start
comillas	nf	1.0550	quotation marks | quotation mark
comilón	adj	0.6550	gluttonous
comino	nm	1.3093	cumin
comisaría	nf	0.8251	police station
comiscar	v	0.6821	nibble | pick
comisión	nf	0.5415	commission
comisión de servicios	n	0.0407	secondment
comisionado	adj	0.1513	commissioner
comisionado	nm	0.0874	commissioning
comisionar	v	0.4022	delegate
comisquear	v	0.6821	nibble | pick
comitativo	adj	0.0911	comitative
comité	nm	1.4652	committee
cómite	nm	2.4674	count | earl
comitiva	nf	0.1221	accompaniment
cómo	adv	2.2286	how
como Dios lo trajo al mundo	loc	0.1284	naked as a jaybird | naked as the day one was born | stark naked
como pez en el agua	loc	0.0911	like a duck takes to water | in one's element
como si te la pica un pollo	loc	0.0002	don't give a rat's arse
cómoda	nf	0.3091	chest of drawers
comodato	nm	0.0000	commodate | loan for use
comodidad	nf	0.8847	comfort
comodín	nm	0.3345	joker | wild card | wildcard
cómodo	adj	0.8348	comfortable
Comoras	prop	0.7229	Comoros
comosellama	n	0.0000	what-you-may-call-it | whatchamacallit
compadecer	v	0.1034	commiserate
compaginar	v	0.5802	match | combine | collate
compaginarse	v	0.6333	agree | match
compansión	n	0.0364	companding | compansion
compañerismo	nm	0.2269	fellowship | camaraderie | comradery
compañero	nmf	1.4710	partner
compañía	nf	1.6884	company
comparable	adj	0.2889	comparable
comparación	nf	0.7974	comparison
comparar	v	0.9124	compare
comparatista	adj	0.0546	comparatist | comparativist
comparativamente	adv	0.0874	comparatively
comparativo	adj	0.6051	comparative
comparecer	v	0.5703	appear
compartimentaje	nm	0.0697	compartmentalization
compartir	v	1.0969	share
compás	nm	1.2130	compass | pair of compasses
Compás	prop	0.2291	Pyxis | Mariner's Box | Mariner's Compass
compasión	nf	0.8113	compassion | sympathy
compasivo	adj	0.4139	compassionate
compatibilidad	nf	0.2021	compatibility
compeler	v	0.3956	compel
compendiar	v	0.3052	abridge
compendio	nm	0.3638	compendium
compensación	nf	0.5501	compensation | abolition | alignment
competencia	nf	1.1519	competition
competencia perfecta	loc	0.0000	perfect competition
competente	adj	0.3535	competent
competición	nf	1.1747	competition
competidor	adj	0.5536	competitor
competir	v	0.9992	compete
compilación	nf	0.2140	compilation
compilador	adj	0.6343	editor
compilar	v	0.2761	compile
compincharse	v	0.1125	conspire
complacer	v	1.4150	please
complacerse	v	0.8477	please | delighted
complejidad	nf	0.3715	complexity
complementar	v	0.3930	complement
complementarse	v	0.2302	complement
complemento	nm	0.4605	complement
completamente	adv	0.6787	completely
completar	v	3.0275	complete | fill in | complement | consummate | finish | imbue | fill | fill up
completez	nf	0.3676	completeness | fullness | wholeness
completitud	nf	0.3676	completeness | fullness | wholeness
complexivo	adj	0.1489	comprehensive
complicar	v	0.6513	complicate | implicate
complicidad	nf	0.2231	complicity
complot	nm	0.0945	complot | conspiracy
complotador	nmf	0.4301	conspirator
componedor	n	0.1235	typesetter | mender
componer	v	0.8586	compose
componérselas	loc	0.0823	muddle through
comportarse	v	0.6357	behave
composición	nf	0.6355	composition
compósito	nm	0.9767	composite
compositor	nmf	0.5983	composer
compost	nm	0.4171	compost
compostaje	nm	0.0315	composting
compota	nf	0.2474	compote
comprar	v	2.7992	buy | purchase | take over
comprarse	v	0.2571	buy
comprender	v	3.8892	understand | comprehend | see | apprehend | realize | appreciate
comprensibilidad	nf	0.1350	comprehensibility
comprensible	adj	0.6308	understandable
comprensión	nf	0.6014	comprehension | understanding
compresa	nf	1.0880	compress | sanitary napkin
compresión	nf	0.2912	compression
comprimir	v	0.5320	compress
comprobar	v	0.6759	audit
compromiso	nm	0.8353	commitment | compromise
compuestas	nf	0.0005	Asteraceae | Compositae
compuesto	adj	0.9314	compound | composite
compulsar	v	0.1502	accredit
compulsivo	adj	0.1062	compulsive
computable	adj	0.0864	computable
computación en la nube	nm	0.2229	cloud computing
computación en nube	nm	0.2229	cloud computing
computador subportátil	loc	0.0000	subnotebook
computadora	nf	2.4599	computer
computadora subportátil	loc	0.0000	subnotebook
computín	nm	0.1609	geek
cómputo	nm	0.3803	computation
común	adj	1.8126	collective | common gender | common
comunal	adj	0.2865	communal
comunero	nmf	0.0000	tenant in common
comunicación	nf	1.0906	communication
comunicador	adj	0.0470	communicator
comunicar	v	0.9652	communicate
comunicativo	adj	0.0657	communicative
comunidad	nf	0.6838	community
comunión	nf	0.2554	communion
comunismo	nm	0.4653	communism
comunista	adj	1.9495	communist
comúnmente	adv	0.4756	commonly
con		1.8850	with
con gusto	loc	0.1916	willingly | with pleasure
con las manos en la masa	loc	0.1122	red-handed
concatenación	nf	0.3991	concatenation
concatenar	v	0.1747	concatenate
cóncavo	adj	0.7027	concave
concebir	v	0.7023	conceive
conceder	v	0.8152	grant | bestow | concede
concejal	nmf	0.1465	councilman
concejo	nm	0.2116	magistrate
concentración	nf	0.4006	concentration | demonstration | meeting
concentrador	adj	0.0000	concentrating | concentrator
concentrar	v	0.5211	concentrate
concentrarse	v	1.2877	to | concentrate | focus
concéntrico	adj	0.1502	concentric | concentrical
concepción	nf	0.6026	conception
concepto	nm	0.5556	concept
conceptual	adj	0.1531	conceptual
concerniente	adj	0.6687	concerning | referring | relating
concernir	v	1.0586	concern
concesión	nf	0.6708	concession
concha	nf	0.6581	seashell | shell
cónchale	interj	1.0646	crap | whoa
conchesumadre	n	0.6860	motherfucker
conchesumadre	interj	0.6126	son of a bitch
concheto	adj	0.6127	posh
conciencia	nf	0.2343	consciousness | conscience
concienzudo	adj	0.7929	diligent | conscientious
conciliábulo	nm	0.0006	conciliabulum
conciliador	adj	0.0000	conciliating | conciliator
conciliar	v	0.4095	conciliate
conciso	adj	0.5124	concise
conciudadano	nmf	0.7672	citizen
concluir	v	1.7914	conclude | complete | cease
conclusión	nf	0.7914	conclusion
concomitante	adj	0.1092	concomitant
concordancia	nf	0.7168	agreement
concordia	nf	0.3693	concord
concretizar	v	0.0003	focus one's attention on
concreto	adj	1.2045	concrete
concubino	nmf	1.0499	concubine
conculcar	v	2.0182	break | infringe | violate
concuñado	nmf	0.2970	co-brother-in-law
concupiscencia	nf	0.4102	concupiscence
concupiscente	adj	0.1793	concupiscent
concupiscible	adj	0.1751	desirable
concurriente	adj	0.1183	concurrent
concurrir	v	0.8226	attend | coincide | concur | contribute
concursar	v	0.1252	compete
concurso	nm	0.9571	contest | competition
condado	nm	0.5986	county | countship | earldom
conde	nmf	1.6699	count | earl
condena	nf	0.9266	punishment | sentence
condenado	adj	0.4465	convict
condenar	v	1.2925	condemn | damn
condensación	nf	0.4152	condensation
condensar	v	0.1500	condense
condescender	v	0.5149	concede | condescend
condescendiente	adj	0.3791	complaisant
condescendientemente	adv	0.0556	condescendingly
condición	nf	2.2573	condition | stipulation | term | provision | proviso | requirement
condicionamiento	nm	0.2176	package
condicionar	v	0.8516	condition
condimentar	v	1.4905	season | spice | condiment
condimento	nm	0.4168	seasoning
condolencia	nf	0.4155	condolence
condón	nm	0.9971	condom | female condom
cóndor	nm	0.5184	condor
cóndor californiano	n	0.1281	California condor
cóndor de la selva	n	0.1062	king vulture
condrográfico	adj	0.0002	chondrographic
conducción	nf	0.1129	conduction
conducta	nf	0.7030	conduct
conductismo	nm	0.2534	behaviorism | behaviourism
conducto	nm	0.9610	channel
conducto cístico	loc	0.0499	cystic duct
conducto galactóforo	loc	0.0003	lactiferous duct
conducto hepático	loc	0.0000	hepatic duct
conductor	nmf	1.0384	driver
conductor	nm	0.8660	conductor
conectar	v	0.0009	to connect
conectoma	nm	0.0288	connectome
conejar	nm	0.2771	warren
conejera	nf	0.2028	warren
conejillo de Indias	loc	1.0580	guinea pig
conejo	nmf	3.0737	rabbit | bunny
conejo belier	loc	0.0003	lop rabbit
conexión	nf	1.5904	connection
confabulador	adj	0.4108	plotter
confabularse	v	0.8075	scheme | conspire | plot
confeccionador	adj	0.1078	confectioner
confeccionar	v	0.2364	produce
confederación	nf	0.2255	confederacy | confederation
Confederación Helvética	prop	0.2639	Swiss Confederation
confederar	v	0.2777	confederate
conferencia	nf	0.5372	conference
confesar	v	0.7097	confess
confesarse	v	0.1697	confess
confesión	nf	0.9073	confession
confianza	nf	0.8397	confidence | trust
confianzudo	adj	0.6771	credulous | guileless | sassy | brash
conficionar	v	0.2364	produce
confidencial	adj	0.2808	confidential
confinar	v	0.3130	confine
confirmación	nf	0.7192	confirmation
confirmar	v	1.0854	confirm | corroborate | authenticate
confitar	v	0.9352	preserve
confite	nm	0.3252	confection | sweetmeat
confitería	nf	0.5220	confectionery
confitura	nf	0.4969	jam
conflagración	nf	0.2524	conflagration
conflictivo	adj	0.0751	conflictive
conflicto	nm	1.3310	conflict
conflicto social	loc	0.0003	social conflict
confligir	v	0.3439	conflict | contradict
conformación	nf	0.2709	conformation
conformarse	v	0.7142	accord
conformidad	nf	0.3091	accordance | conformity
confortable	adj	0.3814	comfortable
confortación	nf	1.0279	comfort | consolation
confortador	adj	0.2508	comforter | comforting
confortar	v	0.8285	comfort
confricar	v	1.0417	rub | scour | scrub
confrontación	nf	0.6859	confrontation
confrontacional	adj	0.1555	confrontational | confrontative
confrontante	adj	0.0258	confronting
confrontativo	adj	0.1555	confrontational | confrontative
confundir	v	0.9556	confuse
confundirse	v	0.7788	convince
confusión	nf	1.3330	confusion
confuso	adj	1.1323	confused
congelación	nf	0.2918	freezing
congelador	nm	0.3319	freezer
congelar	v	0.9376	freeze
congelarse	v	0.7194	freeze
congénere	adj	0.0315	congeneric
congeniar	v	0.5374	accord
congénito	adj	0.2135	congenital
congerie	nf	0.0834	congeries
congestión	nf	0.2947	congestion
congestionar	v	0.1030	congest
conglomerado	nm	0.2670	conglomerate
conglomerar	v	0.3648	conglomerate | to
Congo	prop	0.2238	Congo
congoja	nf	0.4066	chagrin
congoleño	adj	0.4288	Congolese
congolés	adj	0.4288	Congolese
congraciar	v	0.0386	win over
congraciarse	v	0.0386	win over
congratulación	nf	0.1266	congratulation
congratular	v	0.1229	congratulate
congregar	v	1.0451	meet
congregarse	v	0.4267	meet
congruente	adj	0.1302	congruent
conífera	nf	0.1932	conifer
conjeturar	v	1.4134	guess | conjecture
conjugación	nf	0.6866	conjugation
conjugar	v	0.4381	conjugate | combine
conjunción	nf	0.7660	conjunction
conjunción coordinante	loc	0.0835	coordinating conjunction
conjunción distributiva	loc	0.0002	correlative conjunction
conjunción subordinante	loc	0.0773	subordinating conjunction
conjuntivitis	nf	0.2959	conjunctivitis
conjuntivo	adj	0.1186	conjunctive
conjunto	nm	2.0612	set
conjurarse	v	0.1590	conspire
conjuro	nm	1.0883	spell
conloar	v	0.5773	to | extol | praise
conmemorar	v	0.2737	commemorate
conmigo	adv	1.2927	me | with
conminar	v	0.2554	threaten
conmiseración	nf	0.2222	commiseration
conmiserar	v	0.1462	commiserate
conmovedor	adj	0.4610	touching | moving
conmover	v	1.1004	move
conmutador	nm	0.6620	counter
conmutar	v	0.2848	commute
connacional	adj	0.3417	compatriot
connado	adj	0.0891	connate
Connecticut	n	0.0783	Connecticut
connotación	nf	0.1995	connotation
connotar	v	0.1689	connote
connotativamente	adv	0.0129	connotatively
connotativo	adj	0.0576	connotative
cono	nm	1.3698	cone | cone cell | cone snail
cono volcánico	loc	0.0000	volcanic cone
conocedor	adj	0.8404	expert
conocer	v	2.1362	know | meet
conocible	adj	0.0815	knowable
conocido	nm	0.6947	acquaintance
conocido	adj	0.4939	renowned
conocimiento	nm	1.7384	knowledge | manifest
conque	nm	0.2732	caveat
conquiliología	nf	0.0804	conchology
conquista	nf	0.4625	conquest
conquistar	v	0.6467	seduce | conquer
consagración	nf	0.2526	consecration
consciencia	nf	0.7999	consciousness | conscience
consciente	adj	0.2173	aware | conscious
conscripto	adj	0.2589	conscript
consecuencia	nf	1.6579	consequence
consecutivo	adj	0.2097	consecutive
conseguir	v	1.1426	acquire | attain | get
consejero	nmf	0.0561	adviser
consejo	nm	1.4080	advice | council
consenso	nm	0.5281	consensus
consentir	v	1.4370	consent | spoil | pamper
conserje	nm	0.7989	janitor | doorkeeper | gatekeeper
conserva	nf	0.6641	preserve
conservación	nf	0.2816	conservation
conservador	adj	1.0528	conservative
conservante	nm	0.2918	preservative
conservar	v	0.4372	conserve | preserve
conservativo	adj	0.2405	conservative
conservatorio	nm	0.3732	conservatory
considerable	adj	0.4638	considerable
considerablemente	adv	0.0762	considerably
consideración	nf	0.9448	consideration
considerar	v	1.4012	consider
considerarse	v	0.3374	consider
consignar	v	0.5387	enter
consistencia	nf	0.2875	consistency
consistente	adj	0.2245	consistent | consisting
consistir	v	0.4433	consist
consolador	nm	0.4834	dildo
consolador	adj	0.2821	comforting | consoling
consolar	v	0.6807	console
consolidado	adj	0.1410	deep-rooted | well-established
consolidar	v	0.0008	consilidate
consomé	nm	0.5512	broth | clear soup
consonancia	nf	0.1626	consonance
consonántico	adj	0.0874	consonantal
consorcio	nm	0.7005	consortium
consorte	n	0.6505	spouse
conspicuo	adj	0.4593	conspicuous
conspiración	nf	0.9945	conspiracy
conspirador	nmf	0.4552	conspirator
conspirar	v	0.3538	conspire
constancia	nf	0.3186	constancy
constantán	n	0.0258	constantan | eureka
constante	adj	1.1620	constant
Constanza	prop	0.1480	Constance | Lake Constance
constatar	v	0.3486	ascertain
constelación	nf	1.1735	constellation
consternación	nf	0.2673	consternation
consternar	v	0.5144	dismay
constipación de vientre	loc	0.2850	constipation
constipado	nm	1.3868	cold
constitución	nf	1.4217	constitution
constitucional	adj	0.5409	constitutional
constitucionalmente	adv	0.0604	constitutionally
constituirse	v	0.2990	become
constreñir	v	1.3225	to | constrain
constricción	nf	0.1031	constriction
constrictor	adj	0.0315	constrictor
construcción	n	0.9075	construction | building
constructivo	adj	0.2116	constructive
construir	v	2.2363	construct | build | make | perform | act | do
consuegro	nmf	0.2549	co-father-in-law
consuetudinario	adj	0.4240	customary
consulado	nm	0.2779	consulate
consulta	nf	0.5503	doctor's office | consultation | inquiry
consultar	v	0.5140	consult | look up
consultor	adj	0.8583	consultant
consultorio	nm	0.0182	consulting room
consumación	nf	0.1593	consummation
consumar	v	0.1828	commit
consumismo	nm	0.0835	consumerism
consumo	nm	0.4672	consumption | enjoyment
consuntivo	adj	0.1235	consumptive
contabilizar	v	0.4665	enter
contactar	v	0.6616	contact
contacto	nm	0.8267	contact
contador	nm	0.9044	counter | accountant
contador Geiger	loc	0.5534	Geiger counter
contagiar	v	0.5319	infect
contagiarse	v	0.7474	contract
contagio	nm	0.4413	contagion
contagioso	adj	0.5303	contagious
contaminación	nf	1.0671	contamination
contaminar	v	0.5397	pollute
contar	v	1.6026	count | tell
contemplación	nf	0.4135	contemplation
contemplar	v	0.9686	consider
contemporaneidad	nf	0.2026	contemporaneity
contemporáneo	adj	0.9805	contemporary
contencioso	adj	0.0005	contentious matters
contender	v	0.7335	argue
contento	adj	1.2504	content
contento	nm	1.2504	content
contera	nf	0.8648	tip
contestar	v	1.0997	answer
contestatario	adj	0.2986	protester
contexto	nm	0.4148	context
contextual	adj	0.0835	contextual
contigo		2.3365	you | with
contiguo	adj	0.8500	contiguous
continental	adj	0.3441	continental
continentalidad	nf	0.0000	continentality
contingencia	nf	0.3185	contingency
continuación	nf	0.3623	continuation
continuamente	adv	0.3898	continually
continuar	v	1.9901	continue | go on | proceed with | persist | last | endure
continuidad	nf	0.4452	continuity
contonearse	v	1.1620	wave
contorción	nf	0.1616	contortion
contorno	nm	0.3726	contour
contorsión	nf	0.0946	contortion
contorsionar	v	0.3098	contort
contorsionarse	v	0.2065	contort
contorsionismo	nm	0.0182	contortionism
contorsionista	n	0.1434	contortionist
contra	interj	0.9747	against
contraatacar	v	0.0590	counterattack
contraataque	nm	0.0722	counterattack
contrabajo	nm	0.4301	double bass | string bass | double bassist | contrabasso
contrabandear	v	0.1951	smuggle
contracción	nf	0.3019	portmanteau
contractual	adj	0.2361	contractual
contractura	nf	0.0998	contracture
contractura muscular	loc	0.0003	muscle contracture
contracultura	nf	0.1496	counterculture
contradanza	nf	0.0631	contra dance
contradecidor	adj	0.0000	contradicter | contradicting | contradictor
contradecir	v	0.6473	contradict
contradecirse	v	0.1528	contradict
contradicción	nf	0.6062	contradiction
contradominio	nm	0.0004	counter-domain
contraer	v	0.7738	contract
contrafuerte	nm	0.3945	buttress | counterfort
contraindicación	nf	0.1785	contraindication
contraindicar	v	0.0729	contraindicate
contralateral	adj	0.0000	contralateral
contramandar	v	0.6358	cancel
contrapeso	nm	0.2149	counterweight
contraproducente	adj	0.2595	counterproductive
contrapunto	nm	0.1669	counterpoint
contrariar	v	0.5201	contrary
contrariedad	nf	0.5074	setback
contrario	adj	0.8339	contrary
contrarreforma	nf	0.0005	counter-Reformation
contrarreloj	adj	0.0364	timed
contrarrelojista	n	0.0002	time-trialist
contrarrestar	v	0.3182	resist | counteract
contraseña	nf	1.9260	password | watchword | counterseal
contraste	nm	0.4479	contrast
contratar	v	0.9811	deal | hire
contratiempo	nm	0.5804	setback | hitch
contratista	nmf	0.2732	contractor
contrato	nm	0.9974	contract
contrato de futuros	loc	0.0946	futures contract
contre	nm	0.4669	gizzard
contri	nm	0.4669	gizzard
contribución	nf	0.7764	contribution
contribuir	v	0.5974	contribute
contribular	v	0.4713	to | afflict
contribuyente	n	0.4534	taxpayer
contrición	nf	0.2330	contrition
contrincante	n	0.4393	opponent
contrito	adj	0.2626	contrite
control	nm	0.9228	control
control de calidad	nm	0.1598	quality control
control de natalidad	loc	0.0003	birdh control | population control
control remoto	loc	0.4437	remote control
controlador	nm	1.1476	driver
controlador	nmf	0.2833	air traffic controller
controversia	nf	0.5742	controversy
contumaz	adj	0.3786	contumacious | pertinacious
contumelia	nf	0.2909	contumely
contundencia	nf	0.0590	forcefulness
contundente	adj	0.9289	blunt | rich | crushing
contundir	v	0.4985	bruise
contusión	nf	0.5642	contusion
contusionar	v	1.4830	to | bruise
contusivo	adj	0.0258	contusive
conurbación	nf	0.5464	conurbation
convalecencia	nf	0.2073	convalescence
convencer	v	0.7633	convince
convención	nf	0.7722	convention
convencional	adj	0.3661	conventional
convencionalismo	nm	0.0482	conventionalism
convencionalista	adj	0.0000	conventionalist
convencionalización	nf	0.0000	conventionalization
convencionalmente	adv	0.0589	conventionally
conveniente	adj	0.6243	convenient
convenio	nm	1.0364	convention
convenir	v	1.5433	suit | agree
convento	nm	0.5249	convent
convergencia	nf	0.2185	convergence
conversación	nf	1.4854	conversation | talk
conversar	v	0.8581	converse | talk
convertirse	v	0.6465	convert | transform
convexo	adj	0.2527	convex
convicción	nf	0.3474	conviction
convincente	adj	0.2901	convincing
convivencia	nf	0.0938	cohabitation
convocar	v	0.9935	summon | convoke | call up
convocatoria	nf	0.6549	convocation | session
convulsión	nf	0.8721	convulsion | tremor | upheaval
cónyuge	n	0.9301	spouse
coña	nf	1.1675	joke | gag
coñac	nm	0.4872	cognac
coño	nm	1.3259	cunt | pussy
coño	interj	2.4379	fuck
cooperación	nf	0.7781	cooperation
cooperar	v	0.0000	co-operate
cooperativa	nf	0.1871	cooperative
cooperativo	adj	0.2646	cooperative
cooptar	v	0.0933	co-opt
coordinación	nf	0.3961	coordination
coordinador	adj	0.1634	coordinator
coordinante	adj	0.0000	coordinating | coordinator
coordinar	v	0.4274	coordinate
coordinativo	adj	0.0000	coordinative
copa	nf	1.5455	cup | crown | glass | cocktail | drink
Copa	prop	0.0005	The Cup
copagorja	nm	0.0003	copagorja
coparse	v	0.0003	get excited
Copenague	prop	0.3638	Copenhagen
Copenhague	prop	0.4456	Copenhagen
copernicio	nm	0.2231	copernicium
copia de plano	loc	0.2754	blueprint
copiar	v	1.2806	copy
copihue	nm	0.0862	Chilean bellflower
copiloto	nm	0.0000	co-pilot | co-driver
copiosamente	adv	0.0407	copiously | plentifully
copioso	adj	0.6076	copious
copla	nf	0.0007	copla
coplanario	adj	0.0631	coplanar
copo	nm	0.4209	snowflake
coproducir	v	0.0446	coproduce
coprófago	adj	0.0515	coprophagous
coprófilo	adj	0.0000	coprophilic
coprolalia	nf	0.1163	coprolalia
coprolito	nm	0.1524	coprolite
coprología	nf	0.0004	coprologyl
coprológico	adj	0.0000	coprological
copto	n	0.3805	Coptic
copto	adj	0.2621	Copt
copular	v	0.4148	copulate
coque	nm	0.0631	coque
coquetear	v	0.7275	flirt
coqueto	adj	0.4956	pert | coquettish | flirty
coquito	nm	0.3974	eggnog | coquito palm
coraje	nm	1.2815	courage
corajina	nf	0.3357	tantrum | huff
coral	adj	0.0499	choral
coralillo	nm	0.0892	coral snake
Corán	n	1.9630	Qur'an | Koran
coraza	nf	0.5556	armor
corazón	nm	4.3512	heart
corazón de oro	loc	0.0386	heart of gold
corazón roto	loc	0.1244	broken heart
corazonada	nf	0.5498	hunch
corazones	n	0.2894	hearts
corbata	nf	0.5001	necktie | tie | farfalle | bow tie pasta
corbata de moño	loc	0.8022	bowtie
corbatín	nm	0.8022	bowtie
Córcega	n	0.4193	Corsica
corcel	nm	0.0482	courser
corchete	nm	0.4708	staple | square bracket
corchetera	nf	0.6645	stapler
corcho	nm	0.8128	cork
corcova	nf	1.0981	hump
corcovear	v	0.2550	buck
corcovo	nm	0.1803	buck
cordaje	nm	0.2466	rigging
cordel	nm	1.2792	path | rope
cordelero	nmf	0.0446	roper
Cordelia	prop	0.0223	Cordelia
cordero	nm	1.4966	lamb
Cordero de Dios	prop	0.1672	Lamb of God
cordial	adj	0.7446	cordial
cordialidad	nf	0.1848	cordiality
cordialmente	adv	0.1411	cordially
cordiforme	adj	0.0407	cordiform | heart-shaped
cordillera	nf	0.2868	mountain range
córdoba	nm	0.0000	córdoba
Córdoba	prop	0.0000	Cordova | Cordoba
cordón umbilical	loc	0.4688	umbilical cord
cordoncillo	nm	0.0003	spiked pepper
cordonera	nf	0.1528	shoelace
cordura	nf	0.0000	sensibleness
Corea	prop	0.5553	Korea
Corea del Norte	n	0.7770	North Korea
Corea del Sur	n	2.0513	South Korea
coreano	nm	1.2312	Korean
coreógrafo	nmf	0.4029	choreographer
coriáceo	adj	0.0223	coriaceous
corintio	adj	0.3730	Corinthian
Corintios	n	0.6041	Corinthians
corinto	adj	0.3730	Corinthian
Corinto	prop	0.1624	Corinth
coriza	nf	0.1471	coryza
Cork	prop	0.1821	Cork | County Cork
cormo	nm	0.1030	corm
cormorán guanay	loc	0.0007	guanay cormorant | shag
cornaca	nm	0.2108	mahout
corneana	nf	0.1208	hornfels
corneja	nf	1.5567	crow | carrion crow
cornejo	nm	0.4464	dogwood
córner	nm	0.5560	corner kick
cornete	nm	0.1169	nasal concha | turbinal | turbinate | turbinate bone
córnico	nm	0.0000	cornish | Cornish
cornisa	nf	0.2917	cornice
cornubianita	nf	0.1208	hornfels
cornucopia	nf	0.7770	cornucopia | horn of plenty
cornudo	adj	0.9280	cuckold | horned
coro	nm	0.4984	choir
corolario	nm	0.6359	corollary
corona	nf	2.5921	crown | krona
coronación	nf	0.6142	coronation | crowning
coronavirus	nm	0.3885	coronavirus
coronel	nmf	0.7968	colonel
coronta	nf	0.3664	cob
corporación	nf	0.6299	corporation
corporal	adj	0.5501	bodily
corporalidad	nf	0.0258	corporality
corporeizar	v	0.3180	materialize
corpóreo	adj	0.3890	bodily
corporificar	v	0.2714	materialize
corpulento	adj	0.5985	hefty
corpus	nm	0.2092	corpus
Corpus Christi	prop	0.1093	Corpus Christi
corpus lingüístico	loc	0.0004	text corpus
correa	nf	1.1091	strap | belt
correazo	nm	0.0000	belting
correcaminos	nm	0.1932	roadrunner
corrección	nf	0.4665	correction
correctamente	adv	0.2311	correctly | properly
correcto	adj	1.8291	correct | right
corredizo	adj	0.1030	sliding
corredor	nm	0.8136	runner
corredor	adj	0.5604	dealer
correlación	nf	0.3914	correlation
correlativamente	adv	0.0000	correlatively
correlativo	adj	0.1388	correlative
correlato	nm	0.0813	correlative
correo	nm	1.0257	mail
correo basura	loc	0.3003	spam
correo electrónico	loc	0.1093	e-mail | electronic mail
correpasillos	nm	0.3043	walker
correr	v	3.2789	do | drive | walk | spread | flow | march | chase | accelerate
correr la coneja	loc	0.0000	pull the devil by the tail
correspondencia	nf	0.7792	correspondence
corretaje	nm	0.1985	brokerage
corretear	v	0.8040	chase | ramble | run around
correveidile	n	0.5320	telltale
corriente marina	loc	0.0003	sea current
corrinchear	v	1.1545	to | party
corroboración	nf	0.0854	corroboration
corroborar	v	1.1663	check
corroedor	adj	0.0000	corroding | corrosive
corromper	v	1.0971	bribe
corromperse	v	0.6463	rot
corrosión	nf	0.7790	corrosion
corrosivo	adj	0.1963	corrosive
corrugación	nf	0.0129	corrugation
corrugado	adj	0.0740	corrugated
corrugar	v	0.1704	corrugate
corrupción	nf	1.0075	corruption
corrupto	adj	0.7283	corrupt
corsario	nm	0.5508	privateer | corsair
corsé	nm	0.6803	corset
corso	nm	0.8120	Corsican
cortacésped	n	0.4596	lawnmower | lawn mower
cortado por el mismo patrón	loc	0.0482	cut from the same cloth
cortador	adj	0.2599	cutter
cortadura	nf	1.0160	cut
cortafuegos	nm	0.2152	firewall | firebreak
cortante	adj	0.1826	cutting
cortapicha	nm	0.2900	earwig
cortaplumas	nm	0.0005	penkknife | pocketknife
cortapuros	nm	0.0223	cigar cutter
cortar	v	2.7204	cut
cortarse	v	0.8417	cut
cortaúñas	nm	0.0315	nail clipper | nail trimmer
corte	nm	2.2375	cut | blackout
cortedad	nf	0.1688	shortness
cortejador	adj	0.2093	wooer | wooing
cortejar	v	1.5229	woo | court
cortés	adj	0.5809	courteous | polite
cortesía	nf	0.7859	courtesy
corteza	nf	1.8861	bark | crust | rind
corteza terrestre	loc	0.2610	crust
cortina	nf	0.3895	curtain
cortisol	nm	0.1474	cortisol | hidrocortisone
corto	adj	2.6686	short
cortocircuito	nm	0.2891	short circuit
cortometraje	nm	0.2413	short film
corvejón	nm	0.8700	hock | spur | double-crested cormoran
corveta	nf	0.0000	courbette
córvido	nm	0.0631	corvid
corzo	nmf	0.4079	roe deer | roe
corzuela parda	loc	0.0007	gray brocket deer
cosa	nf	4.3914	thing | matter | affair | object | case | item
coscacho	nm	0.2517	noogie
coscoja	nf	0.2909	kermes oak
cosecha	nf	1.3049	harvest | crop
cosechar	v	0.9259	harvest | collect
coshco	nm	0.1809	noogie
cosificación sexual	loc	0.0004	sexual objectification
cosificar	v	0.0797	objectify
cosmético	adj	0.2497	cosmetic
cosmético	nm	0.2497	cosmetic
cosmetología	nf	0.0515	cosmetology
cósmico	adj	0.3530	cosmic
cosmogónico	adj	0.0258	cosmogonical | cosmogonic
cosmografía	nf	0.0004	cosmographia | cosmography
cosmográfico	adj	0.0223	cosmographic | cosmographical
cosmología	nf	0.3134	cosmology
cosmológico	adj	0.0000	cosmologic | cosmological
cosmólogo	nmf	0.0892	cosmologist
cosmonauta	n	0.5178	cosmonaut
cosmonáutica	nf	0.1813	astronautics | cosmonautics
cosmonáutico	adj	0.0000	cosmonautic
cosmopolita	adj	0.2143	cosmopolitan
cosmovisión	nf	0.3276	creed
coso	nm	0.5546	thingamajig
cospel	nm	0.9647	planchet | token | blank
cosquillas	n	0.0000	tickling
cosquillear	v	0.5953	tickle
costa	nf	1.4664	coast | shore | seashore
Costa de Marfil	loc	0.6989	Côte d'Ivoire | Ivory Coast
Costa Rica	n	0.5589	Costa Rica
costal	nm	1.2845	bag | sack
costamarfileño	adj	0.2309	Ivorian
costanero	adj	0.1546	coastal
costar	v	0.9634	cost
costarricense	adj	0.3653	Costa Rican
costarriqueño	adj	0.2923	Costa Rican
costear	v	0.0288	pay for
costilla	nf	1.1867	rib
costo	nm	1.2922	cost | costs | costus
costoso	adj	0.9716	expensive
costra	nf	0.3196	crust
costumbre	nf	2.5878	habit | custom | usage | mores | way | wont
costura	nf	0.3357	sewing
costurero	n	0.2212	Taylor
cotejar	v	0.4591	collate
cotero	nm	0.4209	mound
coterráneo	adj	0.1708	compatriot
cotidianidad	nf	0.0464	daily life
cotidiano	adj	0.8420	quotidian
cotiledón	nm	0.2361	cotyledon
cotiledóneo	adj	0.0182	cotyledonous
cotilla	n	0.6072	nosy
cotilla	nf	0.5189	corset
cotillón	nm	0.1355	cotillion
cotización	nf	0.9502	contribution | price
cotón	nm	0.2129	calico
Cotonú	prop	0.0004	Kotonou
cotorra	nf	1.1564	parrot
cotuta	nf	0.0005	Landbeck's rail
coulomb	nm	0.6799	coulomb
coulrofobia	nf	0.0963	coulrophobia
COVID	n	0.0288	COVID
covidiota	adj	0.0660	covidiot
cowboy shot	loc	0.0182	cowboy shot
coxal	adj	0.1457	coxal
coxis	nm	0.6501	coccyx | tailbone
coyolillo	nm	0.0849	nutgrass
coyote	nm	1.3065	coyote
coyuntura	nf	1.1343	joint
coz	nf	0.0005	kick of an animal
Cracovia	prop	0.0000	Cracow | Krakow
craneal	adj	0.1288	cranial
cráneo	nm	2.7373	skull | cranium
crápula	nm	1.5244	drunkenness
cráter	nm	0.4343	crater
cráter volcánico	loc	0.0003	volcanic crater
crayón	nm	0.4041	crayon
creación	nf	1.0468	creation
creador	nmf	0.8619	creator
creador	adj	0.0000	creating
crear	v	1.3734	create
creatinina	nf	0.2375	creatinine
crecer	v	1.9347	grow
crecida	nf	0.6782	flood
crecimiento	nm	0.6533	growth
credencia	nf	0.2639	credence | credence table
credibilidad	nf	0.4713	credibility
crédito	nm	0.8591	credit | reputation
crédito sindicado	loc	0.0003	syndicated load
créditos de apertura	loc	0.0892	opening credits
credo	nm	0.4953	creed
credulidad	nf	0.0446	credulity
crédulo	adj	0.6603	gullible
creencia	nf	0.9950	belief | cult
creer	v	1.9253	think
crego	nm	0.1403	cleric
creíble	adj	0.5004	credible | believable
creíblemente	adv	0.2092	probably
crema	nf	0.0000	dieresis
crema pastelera	loc	0.1918	confectioner's cream
cremación	nf	0.1167	cremation
cremar	v	0.6630	cremate
cremáster	nm	0.0515	cremaster
crematofobia	nf	0.0000	chrematophobia
Cremona	prop	0.0729	Cremona
cremoso	adj	0.2318	creamy
crepitar	v	0.3139	crackle
crepuscular	adj	0.1404	crepuscular
crepúsculo	nm	0.8873	twilight
crescendo	nm	0.2484	crescendo
Creso	prop	0.0998	Croesus
crespillo	nm	0.0002	crespillo
crespo	adj	0.3668	frizzy | crisp
cresta	nf	0.8824	crest
cresta de gallo	loc	0.0964	lady's thumb | spotted ladysthumb
crestomatía	nf	0.1411	chrestomathy
creta	nf	0.2311	chalk
Creta	prop	0.4750	Crete
cretáceo	adj	0.0695	cretaceous
Cretáceo	nm	0.1917	Cretaceous
cretácico	adj	0.0695	cretaceous
Cretácico	nm	0.1917	Cretaceous
cretense	nmf	0.2155	Cretan
cretinismo	nm	0.0482	cretinism
cretino	adj	0.3405	cretin | blockhead
creyente	adj	0.3959	believer
creyón	nm	0.4271	crayon
criadilla	nf	0.0000	Rocky Mountain oysters
criado	nmf	1.3402	servant
criador	adj	0.4857	creator
crianza	nf	0.3389	breeding
criar malvas	loc	0.0364	push up daisies
cribar	v	0.8187	sieve
cric	nm	1.2706	jack
cricrí		0.3176	chirp | creak | chirr
Crimea	n	0.2614	Crimea
crimen	nm	0.8579	crime
crimen de lesa humanidad	loc	0.2097	crime against humanity
criminal	adj	0.9520	criminal
criminalista	adj	0.1737	criminologist
criminología	nf	0.2595	criminology
criminológico	adj	0.1821	criminological
crimpar	v	0.0773	crimp
crin	nf	0.5827	mane
crinar	v	0.8401	comb | to
criobiología	nf	0.0000	cryobiology
criogenia	nf	0.3808	cryogenics
criollo	adj	0.3577	creole
criollo haitiano	loc	0.0998	Haitian Creole
criollo jamaicano	loc	0.0000	Jamaican Creole
criovolcán	nm	0.1634	cryovolcano
cripta	nf	0.3520	crypt
críptico	adj	0.2725	cryptic
críptido	nm	0.0407	cryptid
criptógamo	adj	0.2166	cryptogam | cryptogamic | cryptogamous
criptográfico	adj	0.1718	cryptographic | cryptographical
criptojudaísmo	nm	0.0561	crypto-Judaism
criptonita	nm	0.0826	kryptonite
crique	nm	1.3106	jack
criquetista	n	0.1704	cricketer
crisálida	nf	0.1593	chrysalis
crisis	nf	0.4863	crisis
crisma	nmf	0.2082	chrism
crisol	nm	0.6572	crucible | melting pot
crispante	adj	0.1736	grating | infuriating
cristal	nm	1.2465	crystal | glass | windowpane | crank | shard | lead crystal | lead glass
cristalino	nm	0.4565	lens
cristalizar	v	0.2433	crystallize
cristalografía	nf	0.1242	crystallography
cristalográfico	adj	0.0000	crystallographic | crystallographical
Cristi	prop	0.0129	Chris
cristianar	v	0.0000	baptise
cristianismo	nm	0.8235	Christianity | Christendom | baptism
cristianizar	v	0.0000	Christianise
cristiano	adj	1.2830	Christian
Cristina	n	0.0000	Christine | Christina
Cristo	interj	0.7594	Christ
Cristóbal	prop	1.0929	Christopher
cristofanía	nf	0.0003	christophany
Crístofer	prop	1.0845	Christopher
criteriológico	adj	0.0000	criteriological
crítica	nf	0.6575	criticism | critic | critique
criticar	v	1.0925	review | criticize | censure
crítico	adj	0.5084	critic
Croacia	n	1.0268	Croatia
croar	v	0.6301	croak
croata	nm	0.9555	Croatian
croata	adj	0.0000	Croat
crochet	nm	0.1480	crochet
crol	nm	0.3341	crawl
cromar	v	0.0697	chrome
cromatofobia	nf	0.0000	chromatophobia | chromophobia
cromatográficamente	adv	0.0315	chromatographically
crominancia	nf	0.0407	chrominance
cromo	nm	0.7125	chromium | chrome | trading card
cromolitografía	nf	0.0258	chromolithography
cromosoma	nm	0.2093	chromosome
cromosómico	adj	0.1208	chromosomal
cromoterapia	nf	0.0258	chromotherapy
Crónicas	n	0.6251	Chronicles
crónico	adj	0.2527	chronic
cronista	n	0.4792	chronicler
cronofobia	nf	0.0407	chronophobia
cronográficamente	adv	0.0000	chronographically
cronolecto	nm	0.0000	chronolect
cronología	nf	0.6072	chronology
cronológicamente	adv	0.0364	chronologically
cronológico	adj	0.3232	chronological
cronométrico	adj	0.0576	chronometric | chronometrical
cronómetro	nm	0.2843	chronometer | stopwatch
cronostiquio	nm	0.0000	chronostich
cronotipo	nm	0.1022	chronotype
cronourbanismo	nm	0.0835	chronourbanism
croquet	nm	0.1931	croquet
croqueta	nf	0.2425	croquette
croquis	nm	0.8265	sketch
croto	adj	1.9045	bum | hobo | tramp
croza	nf	0.2994	club
crucero	nm	0.9331	crossing | cruise | intersection | cruiser
cruceta	nf	0.0003	cross-tree
crucificar	v	0.2423	crucify
crucifijo	nm	0.7187	crucifix
crucifixión	nf	0.3733	crucifixion
crucigrama	nm	0.2511	crossword
crudo	adj	2.0514	raw | ecru | unprocessed | cruel | harsh | unadapted
cruel	adj	1.5528	cruel
crueldad	nf	0.6304	cruelty
cruento	adj	1.8350	bloody
crujiente	nm	0.4904	crisp
crujiente	adj	0.3104	crunchy
crupier	n	0.0998	croupier
crural	adj	0.0628	crural
crustáceo	nm	0.2582	crustacean
cruz	nf	3.6111	cross
Cruz del Sur	prop	0.3513	Southern Cross
cruzado	adj	0.2547	crusader
cruzar	v	1.7490	cross
cruzársele los cables	loc	0.0407	get one's wires crossed
cruzazulear	v	0.2638	choke
Cthulhu	prop	0.0892	Cthulhu
cu	nf	0.4879	cue
cuac		0.2243	quack
cuaderno	nm	1.3161	notebook
cuadra	nf	1.2380	stable
cuadrado	adj	0.1194	quadratic
cuadragésimo	adj	0.6560	fortieth
cuadrícula	nf	0.2005	grid
cuadril	nm	0.7624	ischium | rump | croup | haunch | sirloin butt
cuadrumano	adj	0.0182	quadrumane
cuadrúpedo	adj	0.4537	quadruped | four-legged | quadrupedal
cuadruplicar	v	0.4391	quadruple
cuádruplo	adj	0.4094	fourfold
cuajada	nf	0.0002	milk curd
cuajar	nm	0.6591	abomasum
cuajar	v	2.4071	set
cuál		0.2711	which
cualidad	nf	1.1217	quality
cualificación	nf	0.2286	qualification
cualificar	v	0.2959	qualify
cualitativo	adj	0.2236	qualitative
cualquier	adj	0.1986	any
cuando		1.7574	if | though
cuándo	adv	0.8923	when
cuando el infierno se congele	loc	0.1880	when Hell freezes over
cuando las ranas críen pelo	loc	0.5936	when pigs fly
cuando las vacas vuelen	loc	0.4345	when pigs fly
cuando le paguen a los bomberos	loc	0.5510	when pigs fly
cuántico	adj	0.2501	quantum
cuantificar	v	0.0786	quantify
cuantitativo	adj	0.1742	quantitative
cuantización	nf	0.1375	quantization
cuánto	adj	0.6158	how much
cuarcífero	adj	0.0223	quartziferous
cuarenta	adj	1.0179	forty
cuarentavo	adj	0.4908	fortieth
cuarentena	nf	0.5224	quarantine
cuaresma	nf	1.1652	Lent
cuark	nm	1.9005	quark
cuartearse	v	0.3071	burst
cuartel	nm	0.7661	quarter | quarters
cuarteto	nm	0.2610	quartet
cuarto	adj	2.0428	quarter | fourth
cuarto	nm	2.1604	room
cuarto de baño	loc	0.7406	bathroom
cuarzo	nm	0.3029	quartz
cuásar	nm	0.2813	quasar
cuasipartícula	nf	0.0854	quasiparticle
cuate	nm	0.7812	chum | pal | buddy
cuaternario	adj	0.1411	quaternary
Cuaternario	nmf	0.0000	Neozoic | Quaternary
cuatrilingüe	adj	0.2039	quadrilingual
cuatrillón	nm	0.1255	septillion
cuatro	adj	1.0092	four
cuatro ojos	nmf	0.0511	Asian cobra
cuatro ojos ven más que dos	saying	0.1137	two heads are better than one
Cuba	n	0.7489	Cuba
cubano	adj	0.4693	Cuban
cubicar	v	0.3547	cube
cubierta	nf	0.6711	deck | bedcover
cubierta primordial	n	0.0005	primordial cuticle
cubilete	nm	0.5025	mold | mould | dice cup | dice shaker
cúbit	nm	0.1170	qubit
cubito	n	0.3584	ice cube
cúbito	nm	0.3309	ulna
cubo	nm	1.5667	cube | bucket
cubo de Rubik	loc	0.1222	Rubik's cube
cubrecama	nm	0.7329	blanket
cubrir	v	2.8199	cover
cubrirse	v	1.4638	cover
cucaña	nf	0.0005	cockaigne | greasy pole
cucaracha	nf	1.5323	cockroach | roach
cuchara	nf	1.6523	spoon
cucharada	nf	0.3339	spoonful | tablespoon
cucharadita	nf	0.0986	teaspoonful
cucharear	v	0.2573	spoon
cucharilla	nf	0.6007	spoon lure | flinger wheel | teaspoon
cucharita	nf	0.6007	teaspoon
cucharón	nm	1.3077	ladle
cuchi	nm	1.4161	pig
cuchilla	nf	0.8944	blade
cuchillada	nf	0.5846	stab
cuchillo	nm	3.6853	knife
cucho	nm	2.7973	cat
cucho	nmf	0.0839	unc
cuclillas	nf	0.3534	squat
cuclillo	nm	0.7030	cuckoo | dark-billed cuckoo
cucú	nm	0.4344	cuckoo
cuculí	nmf	0.0013	picui dove | picui ground dove
cucurucho	nm	0.6997	cone | ice-cream cone
cueca	nf	0.0315	cueca
cuellilargo	adj	0.0223	long-necked
cuello	nm	2.8050	neck
cuello de botella	loc	0.2377	bottleneck
cuenca	nf	0.1787	watershed
cuenco	nm	0.8427	bowl
cuentagotas	nm	0.1728	dropper
cuentarrevoluciones	nm	0.3210	tachometer
cuento	nm	1.5781	story | tale | short story
cuento chino	nm	0.0006	cock and bull story | fib | tall tale
cuera	nf	0.0000	buff coat
cuerda	nf	1.6885	rope | cord
cuerda floja	loc	0.0660	tightrope
Cuernavaca	prop	0.0631	Cuernavaca
cuerno	nm	2.4250	horn
cuero	nm	1.3997	hide | leather
cuerpo	nm	3.0019	body | field
cuerpo cavernoso	loc	0.1115	corpus cavernosum
cuerpo celeste	loc	0.0352	celestial object
cuerpo fructífero	n	0.0705	fruiting body
cuerpo humano	loc	0.2655	human body
cuerpo negro	loc	0.0929	blackbody
cuervo	nm	1.5567	crow | raven
Cuervo	prop	0.0364	Crow
cuesco	nm	0.9875	fart
Cuesco Cabrera	prop	0.0880	yuppie
cuestión	nf	1.7919	question | issue
cuestionable	adj	0.3278	questionable
cuestionar	v	1.3506	question | inquire
cuestionario	nm	0.4626	questionnaire
cuestor	nm	0.0835	quaestor
cueva	nf	2.6422	cave
cuidado	interj	1.2311	attention
cuidadosamente	adv	0.2670	cautiously
cuidadoso	adj	1.0252	careful
cuidar	v	0.6594	take care
cuidarse	v	0.4046	care | take care
cuita	nf	0.3251	affliction
cuitado	adj	1.0833	unfortunate | woeful | timid
culantro	nm	1.5387	gay | ass | anus | faggot | homosexual
culata	nf	0.6301	butt
culcuta	nf	0.0004	golden-spotted ground-dove
culeable	adj	0.1170	fuckable
culebra	nf	2.8299	snake | serpent
culebrón	nm	0.6125	soap opera
culiao	adj	0.3455	fucking | fucker
culinario	adj	0.1927	culinary
culluca	nf	0.0004	black winged ground dove
culminar	v	0.3805	conclude | culminate
culo	nm	4.4326	ass | arse | buttocks
culombio	nm	0.6799	coulomb
culpa	nf	0.5943	guilt | fault
culpable	adj	0.3786	guilty | culpable
culpar	v	0.6112	blame
cultismo	nm	0.0182	cultism
cultivable	adj	0.2709	cultivable
cultivación	nf	0.2679	cultivation
cultivado	adj	0.0864	cultured
cultivar	v	1.3091	cultivate | grow
cultivar	nm	0.7218	cultivar
cultivo	nm	0.7934	crop
culto	adj	0.3660	educated
cultural	adj	0.3520	cultural
culturismo	nm	0.3381	bodybuilding
culturista	adj	0.5054	bodybuilder
culturización	nf	0.0000	culturization
culturizar	v	0.0129	culturize
culturizarse	v	0.0129	culturize
cumbia	nf	0.0005	Cumbia
cumbre	nf	1.9314	summit | peak | apex
cumbre	adj	1.9314	summit | crowning | peak
cumbrera	nf	0.5045	ridge
cumpleaños	nm	1.0840	birthday
cumplimiento	nm	0.5844	compliance
cumplir	v	1.7847	turn | accomplish | fulfil
cumplirse	v	0.4605	fulfill | expire
cúmulo	nm	0.3611	cumulus
cúmulo abierto	loc	0.0499	open cluster
cúmulo de galaxias	loc	0.0664	galaxy cluster
cúmulo estelar	loc	0.2130	star cluster | stellar cluster
cúmulo globular	loc	0.0911	globular cluster
cumulonimbo	nm	0.1571	cumulonimbus
cuna	nf	0.9890	crib | cradle
cuncuna	nf	0.7059	caterpillar
cuneiforme	adj	0.2311	cuneiform
cunnilingus	nm	0.1979	cunnilingus
cunquehuén	nm	0.0006	Chilean wedge clam | pink clam | surf clam
cuñado	nmf	0.0008	brother-in-law
cuórum	nm	0.1137	quorum
cuota	nf	0.9952	fee | tax charge | tax liability | cuota | quota
Cupido	prop	0.1766	Cupid
cupón	nm	0.7421	coupon | ticket
cúprico	adj	0.0539	cupric
cuprífero	adj	0.0622	cupriferous
cúpula	nf	0.6327	dome
cuqui	adj	0.0000	cutey
cura	nm	0.5138	curate
curación	nf	0.5356	recovery
curadito	nm	1.5366	drunk
curado	adj	2.4888	tanned | hardened | drunk | cured
curar	v	1.3440	cure | heal
curarse	v	0.7559	recover
cúrbana	nf	0.0006	white cinnamon
curia	nf	0.1103	curia
curio	nm	0.5279	curium
curiosamente	adv	0.1208	curiously
curiosear	v	0.5050	peep
curiosidad	nf	0.6069	curiosity | inquisitiveness
curioso	adj	1.4431	curious | inquisitive | quaint | interesting | agog
curita	nf	0.8705	band-aid | adhesive bandage | plaster | sticking plaster
currículo	nm	0.5460	curriculum vitae | resumé
currículum	nm	0.4706	curriculum vitae | resumé
currículum vítae	loc	0.5460	curriculum vitae | resumé
curro	adj	0.8715	elegant
curro	nm	2.0354	duck
cursar	v	0.3363	attend
cursi	adj	0.4990	corny | kitschy
cursillo	nm	0.0002	short course
cursilón	adj	0.0258	discriminating | discriminatory
curso	nm	1.1068	course | flow
curtidor	nmf	0.2891	tanner
curtiduría	nf	0.1794	tannery
curtir	v	0.4805	tan
curva	nf	0.6561	curve
curvar	v	1.3123	bend | curve
curvatura	nf	0.2774	curvature
cuscurro	nm	0.1036	crouton
cuscús	nm	0.3429	couscous | couscousou
cuscuta	nf	0.6431	dodder
cushque	nm	0.1809	noogie
cúspide	nf	1.0699	summit
custodiar	v	0.8174	guard
cutáneo	adj	0.2128	cutaneous
cutí	nm	0.0000	tickling
cutícula	nf	0.1438	cuticle
cutícula primordial	n	0.0005	primordial cuticle
cututa	nf	0.0005	bare-faced ground-dove
cuy	nm	1.0780	guinea pig
cuyo	nm	2.0450	whose | Guinea pig
dación en pago	loc	0.0315	dation in payment | giving in payment
dactilar	adj	1.0041	finger
dactilógrafo	nmf	0.6626	typist
dactilológico	adj	0.0000	dactylological
dádiva	nf	1.1769	gift
dado	nm	2.4642	die | dice
dado que	loc	0.4611	given | since provided
daga	nf	0.5231	dagger
dagesh	nm	0.0407	dagesh
Daguestán	prop	0.4652	Dagestan
dah	interj	0.1242	duh
Dakota del Norte	n	0.1313	North Dakota
Dakota del Sur	n	0.1363	South Dakota
dalia	nf	0.3549	dahlia
dalle	nm	0.6010	scythe
daltoniano	adj	0.0000	colour blind | daltonian
daltonismo	nm	0.0000	daltonism
dama	nf	0.5226	fallow deer
damajuana	nf	0.0589	carboy | demijohn
damasco	nm	2.8377	damask | apricot | apricot tree
Damasco	prop	0.3115	Damascus
damero	nm	0.1932	checkerboard | chessboard | draughtsboard
damnificar	v	0.8970	damage | harm | injure
dandi	nm	0.2651	dandy
danés	nm	2.0391	Danish
danés	adj	2.0391	Dane | Danish
Daniel	prop	0.5100	Daniel
Daniela	prop	0.0000	Daniella | Danielle | Daniela
Danubio	prop	0.4040	Danube
danzar	v	1.2427	dance
Danzig	prop	0.0288	Gdansk
danzón	nm	0.0000	danzón
dañar	v	1.8094	damage
dañino	adj	1.3511	damaging | harmful | mischievous | detrimental
daño	nm	1.2987	damage
dañoso	adj	1.0109	damaging | harmful
Daphne	nm	0.1387	Daphne
dar	v	3.6007	be | hit
dar calabazas	loc	0.5506	jilt | snub | fail
dar caza	loc	0.4405	chase
dar en cara	loc	1.0700	reproach | something in somebody's face | throw | to
dar la chapa	loc	0.2039	annoy
dar la lata	loc	0.6915	nag | gripe
dar la lección	loc	0.0002	explain the lesson
dar lección	loc	0.3512	teach
dar papaya	loc	0.0003	flirt with disaster
dardo	nm	0.5516	dart
Darío	prop	0.1535	Darius
darmstatio	nm	0.5206	darmstadtium
darse cuenta	loc	0.0386	realise
dársena	nf	1.2486	dock | wet dock
darvinismo	nm	0.1021	Darwinism
dasonomía	nf	0.5685	forestry
data mart	nm	0.0000	data mart
dátil	nm	1.0160	date
dátil de mar	loc	0.0000	date mussel | date shell
dativo	nm	0.3537	dative
dato	nm	1.2346	datum | data
de		1.7334	's | of
de a poco	loc	0.1907	little by little | gradually
de acuerdo	loc	1.5246	all right | in agreement
de ahí	loc	0.5985	hence
de ahí que	loc	0.6932	why
de antemano	loc	0.0386	in advance
de cajón	loc	0.0002	that goes without saying
de ciento a viento	loc	0.2413	once in a blue moon
de ciento en viento	loc	0.2413	once in a blue moon
de clóset	loc	0.1603	closeted | in the closet
de entrada	loc	0.0593	to begin with
de golpe	loc	0.4838	suddenly
de la a a la zeta	loc	0.3124	from A to Z
de la mano	loc	0.0751	hand in hand
de lujo	loc	0.2358	deluxe | luxury
de nada	loc	1.5571	you're welcome | you are welcome | my pleasure
de ninguna manera	loc	0.2158	no way
de nuevo	loc	1.2746	again | anew
de par en par	loc	0.1727	wide open
de Pascuas a Ramos	loc	0.4022	once in a blue moon
de pe a pa	loc	0.3124	from A to Z
de por vida	loc	0.0628	for life
de primera	loc	0.0129	first rate
de repente	loc	1.1234	suddenly
de segunda	loc	0.0000	second rate
de sentido común	loc	0.0182	commonsensical
de sobremesa	loc	0.1629	desktop
de sol a sol	loc	0.0002	from dawn to dusk
de tal palo, tal astilla	saying	0.2868	like father, like son | a wild goose never laid a tame egg
de vez en cuando	loc	0.6916	once in a while | occassionally
de vuelta	loc	0.4329	back
deambular	v	0.7919	wander
debajo	adv	0.7586	under
debatir	v	0.7752	debate
debatirse	v	0.4657	struggle
deber	v	1.4197	duty | must | owe
débil	adj	1.8647	weak
debilidad	nf	0.9682	weakness
debilitación	nf	0.6015	weakness | weakening | debilitation
debilitante	adj	0.1058	debilitating | weakening
debilitar	v	0.8734	weaken
debilitarse	v	0.7092	weaken
debilucho	adj	0.4546	weakling
débito	nm	0.3629	debit
decaamperio	nm	0.0182	decaampere
decacandela	nm	0.0003	decacandela
década	nf	0.7965	decade | decennium
decadencia	nf	0.5158	decadence
decaer	v	1.2794	decay
decafaradio	nm	0.0003	decafarad
decagonal	adj	0.1027	decagonal
decágono	nm	0.0815	decagon
decagramo	nm	0.1411	decagram
decahercio	nm	0.0003	decahertz
decajulio	nm	0.0003	decajoule
decakelvin	nm	0.0003	decakelvin
decalcificar	v	0.0003	descalcify
decalitro	nm	0.3675	decalitre
decálogo	nm	0.0000	decalogue
decámetro	nm	0.1334	decametre
decanewton	nm	0.0003	decanewton
decano	n	1.4172	dean | decane | dean of the college of cardinals | decan | doyen
decantar	v	0.3383	decant
decantarse	v	0.6303	choose
decaohmio	nm	0.0003	decaohm
decapar	v	0.6706	scale | strip
decapitar	v	0.5596	behead | decapitate
decasegundo	nm	0.0364	decasecond
decavatio	nm	0.0000	decawatt
decavoltio	nm	0.0003	decavolt
decebir	v	0.5773	to | deceive
decencia	nf	0.2774	decency
decenio	nm	0.1543	decennium
decentar	v	0.5952	cut
decente	adj	0.8990	decent | decente
decepción	nf	0.7967	disappointment
decepcionar	v	0.2880	disappoint
deceso	nm	0.4619	decease
deciamperio	nm	0.0003	deciamper
decibel	nm	0.2283	decibel
decibelio	nm	0.1703	decibel
decicandela	nf	0.0003	decicandela
decididamente	adv	0.0929	decidedly
decidirse	v	0.4571	make up one's mind
decifaradio	nm	0.0003	decifarad
decigramo	nm	0.0835	decigram
decihercio	nm	0.0003	decihertz
decijulio	nm	0.0003	decijoule
decikelvin	nm	0.0003	decikelvin
decilitro	nm	0.0854	decilitre
decímetro	nm	0.3051	decimetre | decimeter
décimo	adj	1.2150	tenth
decimoctavo	adj	0.7634	eighteenth
decimocuarto	adj	0.6807	fourteenth
decimonoveno	adj	0.5996	nineteenth
decimoprimero	adj	0.7678	eleventh
decimoquinto	adj	0.7090	fifteenth
decimosegundo	adj	0.8155	twelfth
decimoséptimo	adj	0.5370	seventeenth
decimosexto	adj	0.5777	sixteenth
decimotercero	adj	0.8384	thirteenth
decinewton	nm	0.0003	decinewton
deciohmio	nm	0.0003	deciohm
decisegundo	nm	0.0657	decisecond
decisión	nf	1.0230	decision
decisión por consenso	loc	0.0003	consensus decision-making
decisivo	adj	0.5462	decisive
decivatio	nm	0.0003	deciwatt
decivoltio	nm	0.0003	decivolt
declamación	nf	0.0000	declamation
declamar	v	0.0690	declaim
declamatorio	adj	0.0315	declamatory
declaración	nf	0.6768	declaration
declarar	v	0.8131	proclaim | declare | announce
declarativamente	adv	0.0000	declaratively
declinación	nf	0.4842	declination | declension
declinar	v	0.8148	decline
declinismo	nm	0.0000	declinism
decodificador	adj	0.0000	decoding
decodificar	v	0.3143	decode
décollage	nm	0.0000	décollage
decolorar	v	0.0000	decolorize | decolor
decolorizar	v	0.0000	decolorize
decomisar	v	0.1402	confiscate
decoración	nf	0.5131	decoration
decorar	v	0.5370	decor | decorate
decorativo	adj	0.3087	decorative
decorticación	nf	0.0182	decortication
decorticar	v	0.0946	decorticate
decoupage	nm	0.0000	decoupage
decretar	v	0.5142	decree
decreto	nm	0.5393	decree
decúbito	nm	0.0665	decubitus
decúbito dorsal	loc	0.0005	dorsal decubitus | supine position
decúbito lateral	loc	0.0003	lateral decubitus
decúbito prono	loc	0.1113	prone position | ventral decubitus
decúbito supino	loc	0.0005	dorsal decubitus | supine position
decúbito ventral	loc	0.1113	prone position | ventral decubitus
decumbente	adj	0.0341	decumbent
décuplo	adj	0.3536	tenfold
decurso	nm	0.5579	course
dedal	nm	1.5476	thimble | thimbleful
dedal de oro	nm	0.0007	Californian poppy
dédalo	nm	0.3585	maze
Dédalo	prop	0.0427	Daedalus
dedear	v	0.1186	fingering
dedicar	v	0.6957	dedicate | devote
dedicarse	v	0.0005	keep busy
dedil	nm	0.0681	fingerstall | finger guard
dedo	nm	3.5626	finger | digit | toe
deducción	nf	0.6698	deduction
deducir	v	0.4009	deduce | deduct
deductivamente	adv	0.0622	deductively
deductivo	adj	0.0003	dedutive
defecación	nf	0.2253	defecation
defecar	v	0.8623	defecate | poop
defección	nf	0.2488	defection | desertion
defectivo	adj	0.1380	defective
defecto	nm	0.8922	defect
defectuoso	adj	0.6756	defective | faulty
defender	v	1.4839	defend
defenestración	nf	0.1816	defenestration
defenestrar	v	0.2042	defenestrate
defensa	nf	2.1135	defense | back | bumper | retaining wall
defensa antiaérea	loc	0.0258	air defence | anti-aircraft warfare
defensivo	adj	0.1229	defensive
deferencia	nf	0.4029	deference
deficiencia	nf	0.6390	deficiency
deficiente	adj	0.6914	deficient
definición	nf	0.3186	definition
definir	v	0.4862	define
definirse	v	0.3185	define | make up one's mind
deflación	nf	0.6754	deflation
deflagración	nf	0.0705	deflagration
deflagrar	v	0.0386	deflagrate
defoliación	nf	0.0482	defoliation
defoliante	adj	0.0879	defoliant
defoliar	v	0.0986	defoliate
deformación	nf	0.3404	deformation
deformar	v	0.6299	distort | mar | deform | disfigure
deformarse	v	0.3587	deform
deforme	adj	0.2587	misshapen
defraudador	adj	0.2267	fraudster
defraudar	v	0.0010	to evade one's taxes | to cheat | to disappoint
defunción	nf	2.5420	death
degeneración	nf	0.3023	degeneration
degenerado	adj	0.0000	degenerated
degenerar	v	0.9341	degenerate
deglutir	v	1.4415	swallow
degradación	nf	0.4774	degradation
degradar	v	0.7593	demote | downgrade | degrade
degú	nm	0.0996	degu
degustar	v	1.2455	taste
dehesa	nf	0.6625	meadow
deicidio	nm	0.1931	deicide
deíctico	adj	0.0546	deictic
deidad	nf	0.5301	deity
deificar	v	0.5675	deify
Deimos	prop	0.0973	Deimos
deinoterio	nm	0.0288	deinotherium | hoe tusker
deísmo	nm	0.5241	deism
deísta	adj	0.0644	deist
deixis	nf	0.1093	deixis
dejadez	nf	0.5279	inertia
dejar	v	1.2718	allow | let
dejar de	loc	0.8818	cease | stop
del todo	loc	0.1524	altogether
delantal	nm	0.8864	apron | laboratory coat | white coat
delantero	nmf	0.1777	striker
delatar	v	0.9449	denounce
delator	adj	0.1637	incriminating | revealing | delatorian
deleción	nf	0.1608	deletion
delectación	nf	0.1009	delectation
delegación	nf	0.7085	delegation
delegar	v	0.7770	delegate
deleitar	v	0.3406	enchant
deleitarse	v	0.7357	benefit
deletéreo	adj	0.8755	deleterious | noxious | harmful
deletionista	nm	0.0000	deletionist
deletrear	v	0.8708	spell
deleznable	adj	0.4936	contemptible | despicable | flaky
delfín	nm	2.2608	dolphin | dauphin
Delfina	prop	0.0000	Delphine
delgadez	nf	0.6151	thinness
delgado	adj	1.3177	lean
deliberadamente	adv	0.7593	deliberately
deliberar	v	0.4598	deliberate
deliberativo	adj	0.0258	deliberative
delicadamente	adv	0.1150	delicately
delicado	adj	1.1113	delicate
deliciosamente	adv	0.0352	deliciously
delicioso	adj	0.8201	delicious
delicuescencia	nf	0.0482	deliquescence
delimitar	v	0.3710	delimit | delimitate
delincuencia	nf	0.3803	delinquency
delincuente	n	1.4600	delinquent | criminal
delineador	nm	0.0783	eyeliner
delineamiento	nm	0.3725	outline
delinear	v	0.4397	delineate | trace
delinquir	v	0.2586	commit
delirio	nm	0.5864	delirium
delirio de grandeza	loc	0.1493	delusion of grandeur
delito	nm	2.1978	crime | offence
delulu	adj	0.0000	delulu
demacrar	v	0.1567	emaciate
demacrarse	v	0.0783	emaciate
demagogia	nf	0.1403	demagogy
demanda	nf	0.3811	demand
demandante	nm	0.0000	demandant
demandar	v	0.4538	sue
demarcación	nf	0.1581	demarcation
demarcar	v	0.2587	demarcate
demente	adj	0.3764	demented
demeritar	v	0.8046	to | discredit
demérito	nm	0.2830	demerit
Deméter	prop	0.3619	Demeter
demo	nf	0.3443	demo
democracia	nf	1.4397	democracy
demócrata	nf	0.1208	democrat
democráticamente	adv	0.0874	democratically
democrático	adj	0.3499	democratic
demofobia	nf	0.0000	demophobia
demogeronte	nm	0.0446	demogeron
demoledor	adj	0.1257	devastating | shattering
demoler	v	0.6144	demolish
demonio	nm	0.7485	the fuck
demonológico	adj	0.0315	demonological
demorar	v	0.9323	delay | abide
demostrable	adj	0.1121	demonstrable
demostración	nf	0.8376	demonstration
demostrador	adj	0.0944	demonstrator
demostrar	v	0.5268	demonstrate | prove
demostrativo	adj	0.2980	demonstrative
demudarse	v	0.3894	alter
denario	nm	0.1699	denarius
dendrita	nf	0.0981	dendrite
dendrítico	adj	0.0891	dendritic | dendritical
denegado	adj	0.0311	denied
denegar	v	0.6635	deny
dengue	nm	0.2488	dengue fever
denigrar	v	1.4661	denigrate
denominación	nf	0.3569	denomination
denominador	nm	0.3815	denominator | divisor
denominador común	loc	0.0912	common denominator
denominar	v	0.1551	denominate
denostar	v	1.2501	berate | defame | disparage | vilify | assail
denotación	nf	0.1465	denotation
denotar	v	0.1749	denote
denotativamente	adv	0.0129	denotatively
denotativo	adj	0.0446	denotative
densidad	nf	0.4196	density
densidad de población	loc	0.0002	density of population
densidad relativa	loc	0.0815	relative density
densimetría	nf	0.0407	densimetry
densitómetro	nm	0.0576	densitometer
dentadura	nf	0.0007	bordure indented
dental	adj	0.3165	dental
denticulado	adj	0.0407	denticulate
dentículo	nm	0.0000	denticle
dentífrico	adj	1.0660	toothpaste
dentina	nf	0.0000	dentine
dentista	nmf	1.2563	dentist
dentón	adj	0.1320	toothy
dentro	adv	1.3081	inside
dentudo	adj	0.1320	toothy
denuedo	nm	0.2951	valour | boldness | daring
denuncia	nf	0.0315	denouncement
denunciar	v	0.7371	deliver
deontología	nf	0.6071	deontology
deontológico	adj	0.0576	deontological
deparar	v	0.8449	offer
departamental	adj	0.1338	departmental
departamento	nm	1.0743	department | apartment
dependencia	nf	0.5245	dependence
depender	v	0.5288	depend
dependienta	nf	0.1888	saleswoman | seller | shop assistant
dependiente	adj	0.4952	dependent
depilación	nf	0.0000	dehairing
deplorable	adj	0.5513	deplorable
deponente	adj	0.0007	deponent verb
deportar	v	0.2890	deport
deporte	nm	1.0858	sport
deportista	adj	0.3486	sportsman | sportswoman
deportivo	adj	0.1036	sporting
deposición	nf	0.2803	bureau
depositar	v	0.8065	register
depósito de cadáveres	loc	0.4441	morgue
deprecar	v	0.3102	beg
depredación	nf	0.1458	predation
depredador	adj	0.3755	predator
depresión	nf	0.8299	depression
depresivo	adj	0.0675	depressive
deprimir	v	0.2461	depress
deprisa	adv	0.5507	quickly
deprunar	v	0.3881	pass
depuesto	nm	0.4249	fun
depurar	v	0.2365	purify
Derby	prop	0.0499	Derby
derecha	nf	4.1016	right | right-wing
derechista	adj	0.2986	right-winger
derecho	nm	1.5260	law | front
derecho agrario	loc	0.0007	agricultural law | agrarian law
derechos humanos	loc	1.1502	human rights
derelinquir	v	0.9106	to | abandon | forsake
deriva	nf	0.6883	drift
derivación	nf	0.2674	derivation
derivada	nf	0.4427	derivative
derivar	v	0.8460	refer
derivativo	adj	0.0955	deductive
dermatitis	nf	0.0880	dermatitis
dermatología	nf	0.1875	dermatology
dermatológico	adj	0.0182	dermatologic | dermatological
dermatólogo	nmf	0.1301	dermatologist
dermatosis	nf	0.0590	dermatosis
dérmico	adj	0.1338	dermal | dermic
dermis	nf	0.2900	dermis
dermitis	nf	0.0880	dermatitis
dermógrafo	nf	0.0002	permanent makeup machine
derogable	adj	0.0000	rescindable
derogación	nf	0.1395	abrogation | derogation
derogador	adj	0.0631	rescinding
derogar	v	0.5454	abrogate | rescind | repeal
derogatorio	adj	0.4021	derogatory | rescinding
derramarse	v	0.5804	leak
derrame	nm	0.4596	effusion | spill
derrapar	v	0.2761	skid
derrelicto	nm	0.1642	derelict
derretir	v	0.7009	melt
derretirse	v	0.4956	melt
derribar	v	1.3321	collapse | tear down | get drunk | stun | deduct
derrocar	v	0.6285	overthrow | bring down
derrochador	adj	0.5469	wasteful
derrochar	v	0.6928	squander
derrota	nf	1.2813	rout | defeat
derruir	v	0.5613	demolish
derrumbarse	v	0.6312	collapse
desabarrancar	v	0.1087	pull out
desabor	nm	0.4853	nuisance
desabotonarse	v	0.0644	unbutton
desabrigar	v	0.7829	undress
desabrimiento	nm	0.3368	chagrin
desabrochar	v	0.6708	blossom
desabrocharse	v	0.0862	uncouple
desaburrir	v	0.4713	to | unbore
desaburrirse	v	0.4713	to | unbore
desaceleración	nf	0.0000	deacceleration | deceleration
desacelerar	v	0.3285	decelerate
desacostumbrar	v	0.0006	make unused
desacreditar	v	0.7710	discredit
desactivar	v	0.3254	defuse | deactivate
desaduanaje	nm	0.0854	customs clearance
desafiante	adj	0.1877	defiant | challenging
desafiar	v	0.9742	challenge | defy
desafío	nm	0.6944	challenge
desafortunado	adj	0.7439	unfortunate | unlucky
desagio	nm	0.0005	discount point | point
desagradable	adj	0.3645	displeasing | unpleasant | dislikeable
desagradablemente	adv	0.0223	disagreeably | unpleasantly
desagradar	v	0.2865	displease | unpleasant
desagradecimiento	nm	0.0000	ungratefulness | unthankfulness
desagrado	nm	0.3136	displeasure
desagregar	v	0.0182	disaggregate
desaherrojar	v	0.1006	unfetter
desahogar	v	0.1967	tame
desahorro	nm	0.0000	dissaving
desahuciar	v	0.4348	evict | declare | terminally ill
desairar	v	0.1373	brush off
desajustar	v	0.4037	disorder
desalagar	v	0.6310	dry | dry up
desalentar	v	0.5018	discourage
desalinizar	v	0.1112	desalinate
desaliñado	adj	0.5164	scruffy
desalmado	adj	0.3538	heartless | cruel
desalojamiento	nm	0.2386	eviction
desambiguación	nf	0.1798	disambiguation
desamor	nm	0.7132	enmity | indifference | lack of affection | lack of love
desangrarse	v	0.2009	bleed
desaparcar	v	0.0546	drive off
desaparición	nf	0.3324	disappearance
desapego	nm	0.4567	detachment
desaprobar	v	0.4635	disapprove
desarmador	nm	0.7701	screwdriver
desarmar	v	0.4125	disarm | unarm | disassemble | unassemble
desarmonizar	v	0.0000	disharmonize
desarraigar	v	0.4266	uproot
desarrollo	nm	0.8833	development
desarticular	v	0.0444	disarticulate
desastre	nm	1.1322	disaster
desatado	adj	0.0288	untied
desatar	v	0.7039	untie
desatascar	v	0.8110	clear | unblock
desatender	v	0.1442	leave out
desatino	nm	1.2911	nonsense
desatrancar	v	0.7023	clear | unblock | unbolt
desavenencia	nf	0.5759	disagreement
desayunar	v	0.0007	have breakfast | breakfast
desayuno	nm	1.4676	breakfast
desbancar	v	0.0787	clean out | replace | supplant
desbarejar	v	0.6666	to | prune | weed
desbarrancar	v	2.0125	overthrow | topple | fire | lay off | sack
desbloquear	v	0.1834	unblock
desbordar	v	0.5534	overflow | overpower
desbordarse	v	0.4445	debauch
desbridar	v	0.0315	debride
desbrozadora	nf	0.0482	brushcutter | strimmer
descabellado	adj	0.0005	meaningless, pointless
descalcificación	nf	0.0000	decalcification
descalcificar	v	0.0995	decalcify
descalificar	v	0.2474	discredit | disqualify
descansar	v	0.0004	to rest console
descansillo	nm	0.5025	landing
descaradamente	adv	0.0000	cheekily
descarga	nf	0.9473	unloading | discharge | download
descarga uretral	loc	0.0002	urethral discharge
descargar	v	1.1090	unload | download
descargo	nm	0.8175	discharge
descarnar	v	0.3550	flesh
descaro	nm	1.6672	impudence | cheek
descartar	v	0.4609	discard
descartelización	nf	0.0000	decartelization
descendente	adj	0.1351	descending
descender	v	1.2185	descend
descendiente	n	0.1914	descendant
descenso	nm	0.4272	downhill
descentralizador	adj	0.0000	decentralizing
descentrar	v	0.0000	uncenter
descepar	v	0.5773	to | uproot
descifrable	adj	0.1493	decipherable
descifrar	v	0.3915	decipher
descodificador	adj	0.0000	decoding
descodificar	v	0.2530	decode
descolgar	v	0.0704	uncouple
descolonizador	adj	0.0000	decolonizing
descolonizar	v	0.0556	decolonize
descolorar	v	0.0576	discolor
descomponerse	v	0.2059	break down
descomunal	adj	0.4876	exceptional
desconcertadamente	adv	0.0386	disconcertingly
desconcertar	v	0.4662	amaze
desconchar	v	0.3538	flay | flake off
desconcharse	v	0.0000	flake off
desconfiar	v	0.6100	distrust
descongelación	nf	0.0000	defrosting
descongelar	v	0.3760	defrost | unfreeze
descongestión	nf	0.0000	decongestion
descongestionante	adj	0.1363	decongestant | decongestive
descongestionar	v	0.0364	decongest
descongestivo	adj	0.0000	decongestive
desconocido	nmf	0.6619	stranger
desconocido	adj	0.5572	unknown
desconocimiento	nm	0.9165	ignorance | ingratitude | repudiation | disregard
desconsideradamente	adv	0.0223	inconsiderately
desconsolar	v	0.5456	grieve
descontar	v	0.4026	subtract
descorazonador	adj	0.0341	disheartening
descortés	adj	0.6385	impolite
descortezar	v	0.4456	peel
descreer	v	0.1428	discredit
descremar	v	0.1819	skim
describir	v	0.1715	describe
descripción	nf	0.5263	description
descriptor	nm	0.1900	keyword
descuartizar	v	0.3638	dismember
descubiertamente	adv	0.2531	clearly
descubrición	nf	0.2126	sight
descubrimiento	nm	0.4749	discovery
descubrir	v	1.3284	discover | uncover
descuidadamente	adv	0.2493	carelessly
desde		1.4599	from
desdén	nm	1.7083	scorn | contempt | disdain
desdeñar	v	0.8294	disdain
desdeñosamente	adv	0.0493	scornfully
desdibujarse	v	0.1721	blur
desdicha	nf	1.4433	unhappiness | woe
desdramatizar	v	0.1415	downplay
deseable	adj	0.2990	desirable
desecar	v	0.0702	dessicate
desechable	adj	0.0258	discardable
desechar	v	1.0122	jump
desecho	nm	0.5049	debris
deseconomía	nf	0.0000	diseconomy
deseconomía de escala	loc	0.0003	diseconomy of scale
deseleccionar	v	0.1496	deselect | uncheck | unselect | untick
desembarazar	v	0.6673	defecate
desembarcadero	nm	0.0000	landing place
desembarcar	v	0.2266	disembark
desembargar	v	0.4072	relieve
desembolsar	v	0.3942	digest
desembolso	nm	0.1569	disbursement
desembrujar	v	0.0932	unbewitch
desembullarse	v	0.0002	to get disappointed
desemejable	adj	0.7706	different | disfigured
desemejado	adj	0.1524	dissimilar | disfigured
desemejante	adj	0.8423	different | dissimilar
desemejanza	nf	0.2123	dissimilarity
desempacar	v	0.1465	unpack
desempaquetar	v	0.0846	unpack
desempeñar	v	2.2901	work
desempleado	adj	0.4288	unemployed
desempleo	nm	0.5234	unemployment
desempolvar	v	0.6116	dust | revive
desempuñar	v	0.1777	let go
desencajar	v	0.0983	dislocate
desencantado	adj	0.5869	disappointed | disenchanted
desencantamiento	nm	0.1123	disenchantment
desencantar	v	0.2393	disenchant
desencantarse	v	0.0000	disenchanted
desencanto	nm	0.6948	disappointment | disenchantment
desencarcelar	v	0.6072	free | release
desenchufar	v	0.1262	unplug | disconnect
desenfocar	v	0.0000	defocus
desenganchar	v	0.0704	uncouple
desengaño	nm	0.3437	disillusion
desengranar	v	0.0854	disengage
desenhetrar	v	0.4713	to | untangle
desenhuesar	v	0.0004	to rid
desenhuesarse	v	0.0004	to get rid of
desenlace	nm	0.6970	end | death
desenlazar	v	0.3967	untie | unbind | unlace
desenmascarar	v	0.1338	unmask
desenrollar	v	0.0000	unroll
desenroscar	v	0.4302	unwind
desenterrar	v	0.0440	unbury
desentrañar	v	0.0004	get to bottom
desenvainar	v	0.6616	draw
desenvolver	v	0.4714	disentangle
deseo	nm	1.8306	desire | wish
deseoso	adj	0.6607	desirous | eager
deserción	nf	0.2457	desertion
desertar	v	0.9124	desert | defect | quit
desértico	adj	0.5268	desert
desertificar	v	0.0804	desertify
desertización	nf	0.1180	desertification
desescalada	nf	0.0611	de-escalation
desescalar	v	0.0444	de-escalate
desesperación	nf	0.9768	despair | hopelessness
desesperanza	nf	0.3313	hopelessness | despair
desesperanzarse	v	0.3472	despair
desesperar	v	0.7308	despair | dishearten
desestabilización	nf	0.0835	destabilization | destabilisation
desfachatez	nf	0.8892	impudence
desfalcar	v	0.3840	embezzle
desfalco	nm	0.3914	embezzlement
desfavorable	adj	0.1050	unfavorable | adverse
desfilar	v	0.7218	display
desflorar	v	0.3760	deflower
desformar	v	0.1313	deform
desgajar	v	0.2540	rip
desgano	nm	0.5541	carelessness | ennui
desgarbado	adj	0.1947	ungainly
desgarrar	v	0.3995	rend | shred
desgasificar	v	0.0664	degas
desgastar	v	0.6264	wear out
desgastarse	v	0.3010	abrade
desgracia	nf	1.6115	misfortune | disgrace
desgraciadamente	adv	0.5698	regrettably | unfortunately
desgraduar	v	0.4713	to | degrade
desgravación	nf	0.0000	detaxation
desguace	nm	0.1630	breakage
deshabitado	adj	0.3650	uninhabited
deshabituar	v	0.0892	disaccustom
deshacer	v	0.7951	undo
deshacerse	v	0.6079	complain
deshebrar	v	0.2980	unravel | shred
deshelarse	v	0.5752	thaw
deshidratación	nf	0.4370	dehydration
deshidratador	adj	0.0000	dehydrating | dehydrator
deshilachar	v	0.4288	fray
deshilar	v	0.1955	parade
deshinchar	v	0.6403	empty
deshojar	v	0.0493	defoliate
deshollinador	nm	0.1411	chimney sweep
deshollinar	v	0.0002	get to bottom
deshonesto	adj	0.4214	dishonest
deshonor	nm	0.9905	dishonour | dishonor
deshonra	nf	0.9505	dishonour | dishonor
deshonrar	v	0.5330	discredit
deshora	nf	0.0005	untimely moment
deshuesar	v	1.5641	bone | pit | debone
deshumanizador	adj	0.0000	dehumanising
deshumanizante	adj	0.0000	dehumanising
deshumanizar	v	0.1049	dehumanize
desidia	nf	0.5694	inertia
desierto	nm	1.0536	desert
designación	nf	0.3732	designation
designar	v	2.5525	indicate | show | suggest | elect | appoint | choose
designio	n	0.3231	intention | plan | purpose
desigual	adj	0.8483	tough | uneven | unequal
desigualdad	nf	0.5336	inequality | roughness | unevenness
desilusión	nf	0.7748	disappointment
desimantación	nf	0.1031	demagnetization
desimantar	v	0.0000	demagnetizer
desincorporar	v	0.0000	disincorporate
desincronosis	nf	0.0000	jetlag
desinencia	nf	0.2459	desinence
desinencial	adj	0.0000	desinential
desinfección	nf	0.2333	disinfection
desinfectante	adj	0.0006	desinfectant
desinfectar	v	0.3339	disinfect
desinflarse	v	0.2632	deflate
desinformación	nf	0.2570	disinformation
desinformar	v	0.1088	misinform
desinhibido	adj	0.0773	uninhibited
desinhibir	v	0.0000	disinhibit
desintegrar	v	0.2853	disintegrate
desinteresadamente	adv	0.0889	disinterestedly
desistir	v	1.4223	desist | give up
deslave	nm	0.3239	landslide
desleal	adj	0.4999	disloyal
desleír	v	0.5115	dilute
deslenguado	adj	0.1775	bigmouthed | foulmouthed
deslizar	v	1.0586	slide | glide
deslocalización	nf	0.2174	relocation | offshoring
deslucir	v	0.3650	disfigure
deslumbrador	adj	0.0364	dazzler | dazzling
deslumbrar	v	0.5988	dazzle
desmadrarse	v	0.0561	let oneself go
desmadre	nm	0.5077	chaos | rave-up
desmalezar	v	1.1545	to | weed
desmaquillador	adj	0.0000	make-up remover
desmarañar	v	0.1510	disentangle
desmarcar	v	0.0129	disassociate
desmatonar	v	0.4713	to | weed
desmejorarse	v	0.1922	go bad
desmembrador	adj	0.0631	dismemberer | dismembering | divider | dividing | separating | separator
desmemoria	nf	0.2949	forgetfulness
desmentidor	adj	0.1093	denier
desmenuzador	adj	0.1311	crumbling | crumbler
desmilitarizar	v	0.1180	demilitarize
desmitificador	adj	0.0000	demystifier
desmitificar	v	0.1993	demystify
desmoralizar	v	0.0000	demoralise
desmoronadizo	adj	0.0681	crumbly
desmoronarse	v	0.3279	crumble
desmorrugador	nm	0.2982	grinder
desmultiplicar	v	0.0258	gear down
desnacionalizar	v	0.1668	denationalize | denaturalize
desnatar	v	0.3151	skim
desnivel	nm	1.0045	drop | unevenness | difference | gap | inequality
desnivelar	v	0.0815	unbalance
desnudar	v	0.8583	undress
desnudez	nf	0.3619	nudity | nakedness
desnudo	adj	1.0948	bald
desobediencia	nf	0.4337	disobedience
desobediente	adj	0.4412	disobedient
desocupar	v	0.5847	release
desodorante	nm	0.3117	deodorant
desoír	v	0.4299	ignore
desojar	v	0.0751	dislodge
desolar	v	1.2176	desolate | break
desollar	v	0.5354	skin
desopilante	adj	0.1331	amusing
desorden	nm	1.3874	disorder | untidiness
desordenadamente	adv	0.0515	untidily
desordenado	adj	0.3652	untidy
desordenar	v	1.5118	disturb | mess | disorder | jumble | disarrange | defrock
desorganización	nf	0.2694	disorganization
desorganizar	v	0.0000	disorganize | disrupt
desoxidante	adj	0.0000	deoxidizer
desoxirribonucleico	adj	0.0000	desoxyribonucleic
despacho	nm	3.1976	office
despachurrar	v	0.7543	crush
despacio	adv	0.7792	slowly
desparramar	v	0.5705	dump
despecho	nm	0.5374	spite
despectivamente	adv	0.0493	scornfully
despedazar	v	1.9049	tear
despedir	v	3.4606	fire | dismiss
despegar	v	0.9845	deny | get off | remove | take off | unglue | unstick | unstitch | to become alienated
despeinado	adj	0.0311	disheveled
despeinar	v	0.0005	mess up hair
despejar	v	1.2758	clear
despejarse	v	1.1078	clear
despellejadura	nf	0.0482	skinning
despellejar	v	1.3114	skin
despellejarse	v	0.2573	peel
despenalización	nf	0.0182	depenalization
despender	v	0.5773	to | spend
despensa	nf	0.7122	pantry | larder
desperdiciar	v	1.3427	waste
desperdicio	nm	1.2072	waste
desperfecto	nm	0.8721	damage
despertar	v	1.2624	wake
despertarse	v	1.4286	wake up
despesar	v	0.4713	to | spend
despiadadamente	adv	0.0794	ruthlessly
despiadado	adj	0.6312	merciless | heartless
despido	nm	0.3950	dismissal | exoneration | farewell
despierto	adj	0.9648	awake
despilfarrador	adj	0.0546	squanderer | squandering | wasteful | waster
despilfarrar	v	1.6750	waste | squander
despilfarro	nm	1.2072	waste | squandering | wasting
despiojar	v	0.2208	delouse
desplacer	nm	0.1410	displeasure
desplacer	v	0.0911	displease
desplazar	v	0.3285	displace
desplegar	v	0.4920	unfold
desplomarse	v	0.7336	descend
desplome	nm	0.3267	collapse
desplumar	v	0.0000	deplume
despoblarse	v	0.4203	desolate | become desert
despojar	v	0.2225	despoil
despojo	nm	1.0975	draft
despolarizar	v	0.0446	depolarize
despolitizar	v	0.0576	depoliticize
despolvar	v	0.4737	dust
desposar	v	0.5673	marry | betroth
desposarse	v	0.4913	marry | betroth
déspota	n	0.2359	despot
despotismo	nm	0.4048	despotism
despotricar	v	0.2181	rant
despreciable	adj	0.9845	despicable
despreciar	v	1.9087	scorn | disdain | despise
desprender	v	0.9461	detach | remove
desprendimiento	nm	0.4956	detachment
despreocupación	nf	0.0000	casualness
desprestigiar	v	0.8801	discredit | smear
desprestigio	nm	0.1803	disrepute
despresurizar	v	0.0705	depressurize
desproporción	nf	0.0762	disproportion
desprotección	nf	0.0000	unprotection
desprotegido	adj	0.1093	unguarded | unprotected
después	adv	0.6226	later
despuntar	v	0.7749	prop up | begin
desquiciar	v	0.2408	dislocate
desquitarse	v	0.0996	take revenge
destacamento	nm	0.2053	detachment
destacar	v	0.7120	emphasize | detach
destacarse	v	0.2440	bloom
destallar	v	0.5952	cut
destapar	v	1.4294	open
destartalado	adj	0.0998	decayed
destensar	v	0.3532	loosen | untighten
desteñirse	v	0.2518	complain
desternillante	adj	0.4110	hilarious | funny
desterrar	v	1.1276	exile
destesorizar	v	0.0003	dethesaurize
destierro	nm	1.1461	exile
destilación	nf	0.3139	distillation
destinatario	adj	0.2808	addressee
destituir	v	0.7456	dismiss
destornillador	nm	0.8152	screwdriver
destral	nm	0.5395	hatchet
destreza	nf	0.6022	dexterity
destrizar	v	0.9565	crush
destrozar	v	2.2670	break
destrucción	nf	0.9797	destruction
destructivo	adj	0.3419	destructive
destruible	adj	0.0470	destroyable
destruidor	adj	0.2591	destroyer | destroying
destruir	v	1.9052	destroy
desubicar	v	0.0000	disorientate
desuncir	v	1.3225	to | unyoke
desusado	adj	0.3121	uncommon
desusar	v	0.1555	disuse
desvaír	v	0.1152	discolor
desvalijar	v	0.8516	rob
desván	nm	1.0457	loft | attic
desvanecer	v	0.3521	vanish
desvariamiento	nm	0.1252	delirium
desvarío	nm	0.1252	delirium
desventaja	nf	0.2639	disadvantage
desvergonzadamente	adv	0.1235	shamelessly | cheekily
desvestir	v	0.6375	undress
desviación	nf	0.5188	deviation
desviarse	v	0.2042	deviate
desvinculación asistida	loc	0.0129	outplacement
desvirgar	v	0.2507	deflower
detallar	v	0.7249	detail
detalle	nm	0.6294	detail
detardar	v	0.3333	to
detectar	v	0.2101	detect
detective	nmf	0.7756	detective
detective privado	loc	0.2097	private detective
detención	nf	0.7238	detention
detener	v	2.6175	stop | keep | detain
detenerse	v	1.6999	stop
detenimiento	nm	0.0604	thoroughness
detentar	v	0.5009	withhold
detergente	nm	0.3596	detergent
deteriorar	v	0.5908	deteriorate
deterioro	nm	0.4643	deterioration
determinación	nf	0.4054	determination
determinar	v	0.5362	bring about
determinismo	nm	0.2553	determinism
determinista	adj	0.0762	determinist
determinístico	adj	0.1891	deterministic
detestable	adj	0.4136	detestable | hateful
detonación	nf	0.2860	detonation
detrás	adv	0.9848	behind
detrimento	nm	0.1821	detriment
detritívoro	adj	0.1313	detritivore | saprophage
detrito	nm	0.5830	detritus
detritus	nm	0.5506	detritus
deuda	nf	1.3375	debt
deudocracia	nf	0.0002	debtocracy
deudor	adj	0.4487	debtor | indebted
deuterocanónico	adj	0.0515	deuterocanonical
Deuteronomio	prop	0.7939	Deuteronomy
devaluación	nf	0.1380	devaluation
devaluar	v	0.2128	devalue
devanagari	nm	0.2891	Devanagari
devanar	v	0.4482	coil | wind
devastación	nf	0.3299	devastation
devastar	v	0.5433	devastate
devengar	v	0.4331	accrue | bring in | earn
devenir	v	0.6330	arise | become | get
deverbal	adj	0.2986	deverbal
devoción	nf	0.4588	devotion
devolución	nf	1.0559	return
devolver	v	1.6995	return
devónico	adj	0.0003	devonian
devorar	v	0.6158	devour
devoto	adj	0.3766	devout
dextrofobia	nf	0.0003	dextro-phobia
dextrógiro	adj	0.0697	dextrorotatory
dextrosa	nf	0.1910	dextrose | glucose
dhivehi	nm	0.2725	Dhivehi
día	nm	3.1355	day | daytime
Día de Acción de Gracias	loc	0.1571	Thanksgiving | Thanksgiving Day
Día de Muertos	prop	0.0386	Day of the Dead
Día de San Patricio	loc	0.0911	St. Patrick's Day
Día de Todos los Santos	loc	0.2718	All Saints' Day
día intercalar	loc	0.1513	leap day
diabetes mellitus	loc	0.3596	diabetes mellitus
diabetes sacarina	loc	0.3178	diabetes mellitus
diabético	adj	0.2427	diabetic
diablo	nm	1.8441	devil
diablura	nf	0.2377	devilment
diabólico	adj	0.2340	diabolic
diacrítico	adj	0.0539	diacritic
diacrónico	adj	0.0981	diachronic
diadema	nf	0.3383	diadem
diafanidad	nf	0.0000	diaphaneity | pellucidity | transparency
diáfano	adj	1.0479	diaphanous | transparent
diafragma	nm	0.4250	diaphragm
diafragmático	adj	0.0664	diaphragmatic
diagnosticar	v	0.2601	diagnose
diagnóstico	nm	0.4029	feature | diagnostics
diagonal	adj	1.2441	diagonal
diagrama	nm	0.9915	diagram | chart
dialecto	nm	0.7052	dialect
diálisis	nf	0.2016	dialysis
dialogal	adj	0.0000	dialogic | dialogical
dialogar	v	0.7044	dialogue | dialog
dialógicamente	adv	0.0364	dialogically
dialógico	adj	0.0000	dialogic | dialogical
dialogístico	adj	0.0000	dialogic | dialogical
diálogo	nm	1.4273	dialogue | dialog
diamante	nm	2.4461	diamond
diamantífero	adj	0.1208	diamondiferous
diamantino	adj	0.2231	glittering | adamantine | diamond-like
diámetro	nm	0.6392	diameter
diamontoide	nm	0.0182	diamondoid
diana	nf	0.8935	target | reveille
diaporama	nm	0.0631	slideshow
diariamente	adv	0.4908	daily
diario	nm	1.2731	diary | journal | newspaper | daily
diario	adj	1.3754	daily
diarrea	nf	0.0000	diarrhoea | diarrhea
diáspora	nf	0.1801	diaspora
diatópico	adj	0.0000	diatopic
diatriba	nf	0.2455	diatribe
dibujar	v	1.2669	draw | paint
dibujo	nm	0.5745	drawing
dibujo animado	loc	0.0798	animated cartoon
dicario	nm	0.0003	dicaryon | dikaryon
dicarióntico	adj	0.0004	dicaryontic | dicaryotic | dikaryontic | dikaryotic
dicasterio	nm	0.1411	dicastery
diccionario	nm	3.0959	dictionary
diccionarista	n	0.0628	dictionarist
dicha	nf	0.7390	happiness
dicho	nm	0.4651	saying
diciembre	nm	2.2919	December
dicotiledón	adj	0.2109	dicotyledon
dicotiledóneo	adj	0.1093	dicotyledonous
dicotomía	nf	0.1608	dichotomy
dictador	nm	0.1720	dictator
dictadura	nf	0.3185	dictatorship | dictature
dictamen	nm	0.5083	ruling
dictaminar	v	0.6421	communicate
dictar	v	0.1388	dictate
dictatocracia	nf	0.0002	dictatocracy
dictatorial	adj	0.1808	dictatorial
didácticamente	adv	0.0258	didactically
didáctico	adj	0.4379	didactic
didáctilo	adj	0.0129	didactyl
diecinueve	adj	0.1817	nineteen
diecinueveavo	nm	0.1194	nineteenth
dieciseisavo	nm	0.1180	sixteenth
diecisiete	adj	0.2671	seventeen
diégesis	nf	0.0000	diegesis
dieléctrico	adj	0.0825	dielectric
diente	nm	3.6284	tooth
diente de león	loc	1.7042	dandelion
diéresis	nf	0.7339	diaeresis
diestramente	adv	0.1522	skillfully | adeptly
diestro	adj	0.5590	right-handed | right-hander | dexter
dieta	nf	0.9803	diet
diez	adj	1.8023	ten
diez-cuatro	loc	0.0000	ten-four
diezmar	v	0.2418	decimate
diezmilésimo	adj	0.0546	ten-thousandth
diezmo	nm	0.3100	tithe
difamación	nf	0.6801	defamation
difamar	v	0.5297	defame
diferecer	v	0.4713	to | differ
diferencia	nf	1.5195	difference
diferenciarse	v	0.0008	diferir
diferente	adj	1.6813	different
diferir	v	0.6285	defer
difícil	adj	2.1624	difficult | hard | tough
dificílimo	adj	0.0004	very difficult
dificilísimo	adj	0.0004	very difficult
difícilmente	adv	0.4729	hardly
dificultad	nf	1.1098	difficulty
dificultar	v	1.4943	hinder | make difficult
difinecer	v	0.4713	to | define
difinir	v	0.4713	to | define
difracción	nf	0.0892	diffraction
difuminar	v	0.3442	blur
difundirse	v	0.6292	disperse
difunto	adj	0.5906	deceased
difusión	nf	0.4497	diffusion
difusividad	nf	0.0576	diffusivity
digerir	v	0.9647	digest
digestión	nf	0.2993	digestion
digestir	v	0.4713	to | digest
digestivo	adj	0.3896	digestive
digital	nm	0.3573	foxglove
digitalización	nf	0.0258	digitalization
dígito	nm	0.8734	cipher | digit | figure | numeral
digladiar	v	0.5609	fight | to
dignatario	nmf	0.4611	dignitary
dignidad	nf	1.0637	dignity
dignificar	v	0.1050	dignify
digno	adj	0.8797	worthy | dignified
dígrafo	nm	0.1543	digraph
digresión	nf	0.2768	digression
dije	nm	0.7221	trinket
dilacerar	v	0.2741	shred
dilación	nf	1.0819	delay
dilatación	nf	0.3231	dilation
dilatador	adj	0.0000	dilating
dile que no	loc	0.0003	dile que no
dilema	nm	0.5006	dilemma
diletante	adj	0.6236	amateur | dilettant
diletantismo	nm	0.0129	amateurishness
diligencia	nf	0.0000	stagecoach
dilofosaurio	nm	0.0998	dilophosaur
dilogía	nf	0.1546	dilogy | antanaclasis
diluir	v	0.5168	dilute
diluviar	v	0.3139	pour
diluvio	nm	0.4058	deluge
dimensión	nf	0.5425	dimension
dimensionamiento	nm	0.0000	sizing
dímer	nm	0.1375	dimmer
dimidiar	v	0.6444	halve
diminutivo	nm	0.7425	diminutive
diminuto	adj	0.4598	tiny
dimorfismo	nm	0.4819	dimorphism
Dinamarca	n	1.3645	Denmark
dinámica	nf	0.3550	dynamic | dynamics
dinámico	adj	0.4696	dynamic | dynamical
dinamismo	nm	0.1121	dynamism
dinamita	nf	0.1309	dynamite
dinamizar	v	0.0644	dynamize | dynamise
dinamizarse	v	0.0000	dynamized
dinamorfismo	nm	0.0002	dynamorphism
dinastía	nf	0.2714	dynasty
dinástico	adj	0.0815	dynastic
dinero	nm	4.8982	money
dinoflagelado	nm	0.0546	dinoflagellate
dinosaurio	nm	0.8478	dinosaur | dino
dinoterio	nm	0.0417	deinotherium | hoe tusker
dintel	nm	0.3906	lintel
diócesis	nf	0.6265	diocese
diodo	nm	0.1821	diode
dioico	adj	0.0002	diocious
Dionisio	prop	0.2970	Dennis
dioptría	nf	0.1510	diopter | dioptre
dios	nmf	3.2846	god | deity | divinity
Dios	n	3.0368	God
Dios los cría y ellos se juntan	saying	0.1159	birds of a feather flock together
dióxido	nm	0.0857	dioxide
diplococo	nm	0.0998	diplococcus
diplodoco	nm	0.4003	diplodocus
diplodocus	nm	0.4089	diplodocus
diploma	nm	0.6378	diploma | certificate
diplomacia	nf	0.6095	diplomacy
dipsomanía	nf	0.2817	dipsomania
dipsómano	adj	0.2810	dipsomaniac | dipsomaniacal
diptongación	nf	0.0515	diphthongization
diptongo	nm	0.5719	diphthong
diputación	nf	0.2075	delegation
diputado	nm	0.4482	deputy | representative
diputar	v	0.3483	delegate | depute
dique	nm	0.1169	dike
dirección	nf	1.1313	direction | address
dirección IP	loc	0.6633	IP address
director de casting	loc	0.0003	casting director
directriz	nf	0.3109	directive
dirigente	n	0.6629	leader
dirigente	adj	0.2865	leading
dirigible	nm	0.0000	zeppelin
dirigir	v	1.9604	drive
dirigirse	v	0.0008	move round
dirimir	v	0.2051	dissolve
discafobia	nf	0.1634	ableism | anapirophobia
discar	v	0.2121	dial
discernimiento	nm	0.2849	discernment
discernir	v	0.9084	discern
disciplina	nf	0.7017	discipline
disciplinario	adj	0.2277	disciplinary
discípulo	nmf	0.6765	disciple | pupil
disco	nm	1.1915	disk
disco duro	loc	0.6572	hard disk | hard disc | hard drive
disco intervertebral	loc	0.1262	intervertebral disc
disco rígido	loc	0.3594	hard disk
discordia	nf	0.9103	discord
discoteca	nf	1.0802	discotheque | disco | nightclub
discreción	nf	0.5867	discretion
discrepancia	nf	0.2886	discrepancy
discrepar	v	0.4620	disagree
discreto	adj	0.3601	discreet
discriminación	nf	0.6367	discrimination
discriminador	adj	0.0515	discriminating | discriminatory
discriminatorio	adj	0.0440	discriminating | discriminatory
discurso	nm	0.8105	speech
discusión	nf	1.0073	discussion
discutir	v	1.0770	discuss
disecar	v	0.3304	dissect
disección	nf	0.3753	dissection
diseccionar	v	0.0258	analyse
diseminar	v	0.0006	fold open
disensión	nf	0.3148	dissent
disenso	nm	0.4760	dissent | disagreement
disentería	nf	0.2390	dysentery
disentérico	adj	0.0000	dysenteric
disentimiento	nm	0.4517	dissent | disagreement
disentir	v	0.4992	dissent
diseñador	nmf	0.2914	designer
diseñar	v	0.7452	design
diseño	nm	0.9408	design
disertación	nf	0.7090	dissertation
disfagia	nf	0.1847	dysphagia
disfemismo	nm	0.4229	dysphemism
disfonía	nf	0.0182	dysphonia
disfrutar	v	0.5533	have fun
disfumar	v	0.1929	stump
disfunción	nf	0.2334	dysfunction | malfunction
disfuncional	adj	0.0003	dysfonctional
disfuncionamiento	nm	0.0000	dysfunctioning
disgustar	v	0.9628	disgust
disgusto	nm	0.3391	aggravation
disidencia	nf	0.0000	dissidence
disidente	adj	0.3405	dissident
disilábico	adj	0.4189	disyllabic
disílabo	adj	0.0008	dysillabic | two-syllable
disimétrico	adj	0.0129	dissymmetric
disimular	v	0.4809	conceal
disincronía	nf	0.0892	dyssynchrony
disipación	nf	0.0003	disipation
disipar	v	0.4286	dissipate
disiparse	v	1.4500	change
disléxico	adj	0.1046	dyslexic | dyslectic
dislocar	v	0.3181	dislocate
disminución	nf	0.8247	decrease
disminuir	v	0.9402	decrease
disnea	nf	0.2491	dyspnea
disociación	nf	0.2061	dissociation
disolver	v	1.3041	dissolve
disonancia cognitiva	nm	0.1288	cognitive dissonance
disonante	adj	0.1673	ajar
dispar	adj	0.3188	disparate
disparar	v	2.0080	shoot
disparate	nm	2.1063	nonsense | bullshit | humbug
disparo	nm	0.9652	shot
dispendio	nm	0.1271	squandering | waste
dispendioso	adj	0.6424	expensive | spendthrift
dispensación	nf	0.1521	dispensation
dispensar	v	0.4752	dispense
dispersar	v	0.3276	secede
displasia	nf	0.0631	dysplasia
displásico	adj	0.0000	dysplastic
displástico	adj	0.0000	dysplastic
disponibilidad	nf	0.2562	availability
disponible	adj	0.8170	available
dispositivo	nm	1.9261	device
dispositivo	adj	1.7197	token | dispositive
dispraxia	nf	0.0705	dyspraxia
disprosio	nm	0.4973	dysprosium
disputa	nf	2.2232	fight | dispute
disquete	nm	0.2885	floppy disk | diskette
disquetera	nf	0.0258	floppy disk drive
disquito	nm	0.1290	floppy disk
disruptivo	adj	0.1775	disruptive
distancia	nf	1.6846	distance
distante	adj	0.8304	distant
distimia	nf	0.1945	dysthymia
distinción	nf	0.7814	distinction
distinguir	v	0.5354	distinguish
distinguirse	v	0.4108	distinguish
distintivo	nm	0.7958	mark
distinto	adj	1.0898	different
distópico	adj	0.0972	dystopian
distorsión	nf	0.4443	distortion
distorsionarse	v	0.1235	sprain
distracción	nf	1.0126	distraction | amusement
distraer	v	0.3380	distract
distraerse	v	0.4458	conclude
distribución	nf	1.0450	distribution
distribuidor	nm	0.1452	distributor
distribuir	v	0.6424	distribute
distrito	nm	0.9109	district
disturbio	nm	0.4185	disturbance
disuadir	v	0.2932	dissuade
disuasión	nf	0.0758	dissuasion
disuasivo	adj	0.0864	dissuasive
disuasorio	adj	0.0864	dissuasive
disúrico	adj	0.0000	dysuric
disyuntor	nm	0.2703	circuit breaker
diuca	nf	0.0003	common diuca finch
diucón	nm	0.1440	fire-eyed diucon
diucón de Chiloé	loc	0.0005	Chiloe fire-eyed diucon
diurético	adj	0.2568	diuretic | diuretical
divagar	v	1.1270	roam | wander
diván	nm	0.4052	divan
divehi	nm	0.2725	Dhivehi
divergencia	nf	0.2884	divergence
divergente	adj	0.1030	divergent
diversidad	nf	0.5779	diversity
diversidad cultural	loc	0.0005	cultural diversity
diversidad funcional	loc	0.0005	functional diversity
diversidad sexual	loc	0.1338	sexual diversity
diversificar	v	0.1947	diversify
diversión	nf	1.2644	diversion | entertainment | pastime
diverso	adj	0.7101	different | diverse
diverticulosis	nf	0.0364	diverticulosis
divertido	adj	1.0623	fun
divertir	v	0.7634	amuse | entertain
divertirse	v	0.6984	have fun
dividendo	nm	0.4870	dividend
dividir	v	2.1083	divide | separate
divinidad	nf	0.3482	divinity
divino	adj	2.2008	divine
divisible	adj	0.2393	divisible
divisor	nm	0.3139	divisor
divorciar	v	0.6617	leave
divorciarse	v	0.8610	break
divulgación	nf	0.5420	disclosure | divulgation | spreading
divulgador	adj	0.0002	PR-man
divulgar	v	0.6572	divulge
dizque	adv	0.5870	apparently
dizque	nm	0.3207	allegedly
dizques	nm	0.2248	rumor
do	nm	0.4200	C
dóberman	nm	0.0003	dobermann
dobladillo	nm	0.4506	hem
doblaje	nm	0.2595	dubbing
doblar	v	1.9684	double | dub | fold | turn | bend
doble	adj	1.3067	double
doble águila	loc	0.0182	double eagle
doble ciego	loc	0.0576	double-blind
doble jornada	loc	0.0000	double day | double working day
doble rasero	loc	0.0998	double standard
doble ve	loc	0.0000	double U
doblegar	v	0.9633	subdue | fold
doblete	nm	0.1310	doublet
doblón	nm	0.1093	doubloon
doce	adj	0.2249	twelve
doceañero	adj	0.0003	twelve-year-old
doceavo	adj	0.5429	twelfth
docena	nf	0.3558	dozen
docencia	nf	0.2632	teaching
docente	adj	1.5729	teacher | lecturer | teaching
docético	adj	0.0000	docetic
dócil	adj	0.7727	docile
docilitar	v	0.0000	socialise
doctor	nmf	0.8746	doctor
doctor honoris causa	nm	0.0003	doctor honoris causa
doctrina	nf	0.7409	doctrine
documentación	nf	0.4303	documentation
documental	adj	0.3111	documentary
documentar	v	0.4182	document
documento	nm	1.2244	document
dodecaedro	nm	0.1338	dodecahedron
dodecafonía	nf	0.0631	dodecaphony
dodecafónico	adj	0.0223	dodecaphonic
dodecagonal	adj	0.0386	dodecagonal
dodo	nm	0.1478	dodo
dogal	nm	0.1237	noose
dogma	nm	0.3032	dogma
dolape	nm	0.2928	bald
dólar	nm	1.5806	dollar
dólar estadounidense	loc	0.0000	U.S. dollar
doler	v	1.0014	hurt
dolina	nf	0.1954	doline | sinkhole
dolmen	nm	0.1689	dolmen
dolménico	adj	0.0003	dolmenic
dolomía	nf	0.0717	dolomite
dolomítico	adj	0.0499	dolomitic
dolor	nm	2.4300	pain | ache | hurt | smart | sore | grief
dolor de cabeza	loc	0.5993	headache
dolorioso	adj	0.4957	painful
doloroso	adj	0.5983	painful
domar	v	0.9597	tame
domeñar	v	0.3934	tame
domésticamente	adv	0.0386	domestically
domesticar	v	0.4887	domesticate | domesticated
domicilio	nm	0.5719	domicile | address
dómine	nm	0.0004	Latin teacher
Dominga	prop	0.1457	Dominic
Domingo	n	0.2524	Dominic
Domingo de Palmas	loc	0.4572	Palm Sunday
dominicano	adj	0.5888	Dominican
dominio	nm	0.7904	domain
dominio público	loc	0.0005	public domain common knowledge
dominioma	nm	0.0129	domainome
dominiqués	adj	0.2944	Dominican
dominó	nm	0.1703	domino
domo	nm	0.5043	dome
domótica	nf	0.0631	domotics | home automation | smart homes
Don	nm	0.1272	Don
don nadie	loc	0.1691	naught
donación	nf	0.5137	donation | gift
donaire	nm	0.3678	gracefulness
donante	adj	0.1384	donor
donar	v	0.8892	donate
donde		1.2715	if
dónde	adv	1.8563	where
dondequiera	adv	0.6608	anywhere | wherever
Donegal	n	0.0874	Donegal
donjuán	nm	0.3336	Don Juan
dopamina	nf	0.7054	dopamine
dopar	v	0.3388	dope
doparse	v	0.1956	dope
doquiera	adv	0.5449	anywhere
Dorada	prop	0.0007	The Goldfish | The Swordfish
dorado	adj	0.8955	golden
Dorado	prop	0.0007	The Goldfish | The Swordfish
dorar	v	0.6345	gild
dorar la píldora	loc	0.1198	dress up
dorio	adj	0.2205	Dorian
dormir	v	1.7927	sleep | stay night
dormir la mona	loc	0.0002	sleep it off
dormirse	v	0.6539	fall asleep
dormirse en los laureles	loc	0.0955	rest on one's laurels
dormitar	v	0.2936	nap | snooze
Dorotea	prop	0.0804	Dorothy
dorsal	nm	0.1558	bib
dorso	nm	1.7179	back
dorsoventral	adj	0.0182	dorsoventral | dorsiventral
dos	adj	2.6032	two
dos puntos	loc	0.2368	colon
dosificar	v	0.5343	dose
dosimétrico	adj	0.0000	dosimetric
dosis	nf	0.5476	dose
dotar	v	0.5586	endow
dote	nmf	0.4334	dowry
dovelar	v	0.1513	keystone
doxear	v	0.0000	dox
doxeo	nm	0.0000	doxing | doxxing
dracma	nmf	0.4862	drachma
draconiano	adj	0.3748	draconian
dragado	nm	0.0515	dredging
dragar	v	0.5582	dredge | dig
dragón	nm	2.1461	dragoon | dragon
dragona	nf	0.1686	lanyard
dragoncillo	nm	0.1219	binky
dragoncito	nm	0.0961	binky
drama	nm	0.7528	drama | dramatic genre
dramáticamente	adv	0.0499	dramatically
dramático	adj	0.3088	dramatic
dramaturgia	nf	0.1609	dramaturgy
dramaturgo	nmf	0.5238	playwright | dramatist
drásticamente	adv	0.0664	drastically
drástico	adj	0.3649	drastic
drenaje	nm	0.2911	drainage
drenar	v	0.7542	drain
Dresde	prop	0.1155	Dresden
dríada	nf	0.1228	dryad
dríade	nf	0.1228	dryad
driblar	v	0.4871	dribble
dril	nm	0.8691	drill
driza	nf	0.5329	sheet | halyard
droga	nf	0.8740	drug
droga recreativa	loc	0.0628	recreational drug
drogadicción	nf	0.1326	drug addiction
drogadicto	adj	1.3393	drug addict
drogodependencia	nf	0.2264	drug addiction
dromedario	nm	0.4331	dromedary
dromón	nm	0.0258	dromon
dron	nm	0.0014	unmanned aerial vehicle | drone
druida	nm	0.2610	druid
druídico	adj	0.0515	druidic | druidical
drupa	nf	0.0963	drupe
dual	nm	0.2468	dual
Duala	prop	0.0364	Douala
dualístico	adj	0.0515	dualistic | dualistical
dubitativo	adj	0.8460	doubtful | doubting | dubitative
Dublín	n	0.3408	Dublin
dubnio	nm	0.6096	dubnium
ducado	nm	0.9976	dukedom | duchy | ducat
ducal	adj	0.0998	ducal | duke's
ducha	nf	1.9941	shower
duchar	v	0.3973	shower
ducharse	v	0.2809	shower
ducho	adj	0.9697	skillful
dúctil	adj	0.1721	ductile
ductilidad	nf	0.1338	ductility
ductilizar	v	0.0000	ductilize
duda	nf	1.1093	doubt
dudoso	adj	0.8769	dubious
duende	nm	0.2988	elf
dueño	nmf	0.8510	owner
dueto	nm	0.4778	duet
Duisburgo	prop	0.0657	Duisburg
dulce	adj	2.2850	sweet | fresh
dulce de leche	loc	0.2942	dulce de leche
dulceacuícola	adj	0.0986	freshwater
dulcería	nf	0.1305	confectionery
dulcificar	v	0.6260	soften
dulzarrón	adj	0.0417	oversweet
dulzón	adj	0.0417	oversweet
duna	nf	0.7528	dune
Dunkerque	prop	0.1159	Dunkirk
dúo	nm	0.4180	duo
duodecagonal	adj	0.0773	dodecagonal
duodécimo	adj	0.9360	twelfth
duodécuplo	adj	0.0815	twelvefold
duodenal	adj	0.1115	duodenal
duopsonio	nm	0.0000	duopsony
duplicación	nf	0.2231	duplication
duplicar	v	1.1749	double | duplicate
duplicativo	nm	0.0000	duplicative
duplicidad	nf	0.3137	duplicity | doubleness
dupondio	nm	0.0000	dupondius
durable	adj	0.1186	lasting
duración	nf	0.4433	duration
duración de la vida	loc	0.1244	lifespan
duradero	adj	0.6516	durable | enduring | lasting
duramadre	nf	0.1785	dura mater
duramen	nm	0.2163	heartwood
durante		1.8185	during | for
durar	v	1.5622	last
duraznillo	nm	0.2349	redshank | lady's thumb
durazno	nm	2.1106	peach
dureza	nm	0.2606	hardness
durián	nm	0.1436	durian
durísimo	adj	0.0000	superhard
Düsseldorf	prop	0.0981	Düsseldorf
dux	nm	0.4084	doge
EAN	nm	0.0000	EAN
ébano	nm	0.3873	ebony
Ébola	n	0.0854	Ebola
ebriedad	nf	2.0592	drunkenness | inebriety
ebrio	adj	2.8077	drunk
ebrioso	adj	0.1285	drunken
ebullición	nf	0.1689	boiling
eccema	nm	0.2638	eczema
echar	v	2.1561	cast | throw | put | boot | bud | pour | emit | kick out
echar a la cara	loc	1.0700	reproach | something in somebody's face | throw | to
echar de menos	loc	0.7461	miss
echar en cara	loc	1.1172	reproach | something in somebody's face | throw | to
echar en la cara	loc	1.0700	reproach | something in somebody's face | throw | to
echar en rostro	loc	1.0700	reproach | something in somebody's face | throw | to
echar un cable	loc	0.1362	lend a hand
echar un polvo	loc	0.6327	fuck
echar una mano	loc	0.2142	lend a hand
echarse un pegote	loc	0.5612	boast | brag
eche	interj	0.4067	dammit
echecarte	nm	0.9648	alley
echona	nf	1.0791	sickle
eclampsia	nf	0.3408	eclampsia
ecléctico	adj	0.2662	eclectic
Eclesiastés	n	0.7996	Ecclesiastes
eclesiástico	adj	0.6372	ecclesiastical
eclesiología	nf	0.0946	ecclesiology
eclipse	nm	0.3578	eclipse
eclipse lunar	loc	0.2576	lunar eclipse
eclipse solar	loc	0.2926	solar eclipse
eclíptica	nf	0.1692	ecliptic
eclosión	nf	0.0998	eclosion | eclosure
eclosionar	v	1.2277	hatch | blossom | bloom
eco	nm	0.8690	echo
ecoblanqueamiento	nm	0.1195	greenwashing
ecocrítica	nf	0.0000	ecocriticism
ecodependencia	nf	0.0005	ecodependency
ecofeminismo	nm	0.1262	ecofeminism
ecografía	nf	0.1446	ultrasonography | sonography
ecolalia	nf	0.0835	echolalia
ecolocación	nf	0.1204	echolocation
ecología	nf	0.6172	ecology
ecológico	adj	0.6400	ecological | ecologic
ecolonomía	nf	0.0003	ecolonomy
ecónimo	nm	0.0000	econym
económetra	n	0.0576	econometrician
econometría	nf	0.2639	econometrics
econométrico	adj	0.0482	econometric | econometrical
economía	nf	0.7989	economy | economics
economía de escala	loc	0.0000	economy of scale
económico	adj	0.6026	economic
economizar	v	0.2626	cut down
ecosistema	nm	0.1546	ecosystem
ecosocialismo	nm	0.0576	ecosocialism
ecotopo	nm	0.0000	ecotope
ecoturismo	nm	0.1123	ecotourism
ectodérmico	adj	0.0182	ectodermal | ectodermic
ectodermo	nm	0.0575	ectoderm
ectoparásito	adj	0.1163	ectoparasite
ectoplasma	nm	0.3666	ectoplasm
ecuación	nf	0.4679	equation
ecuación en derivadas parciales	loc	0.0998	partial differential equation
ecuador	nm	1.5828	equator
Ecuador	n	0.9741	Ecuador
ecuánime	adj	0.2764	equanimous
ecuanimidad	nf	0.4474	equanimity
ecuatoguineano	adj	0.0364	Equatoguinean | Equatorial Guinean
ecuatorial	adj	0.2951	equatorial
ecuatoriano	adj	0.3975	Ecuadorian | Ecuadoran | Ecuadorean
ecuestre	adj	0.2115	equestrian
ecúleo	nm	0.5319	rack
ecúmene	nf	0.0000	oecumene
ecuménico	adj	0.2609	ecumenical
edad	nf	3.4590	age
Edad de Piedra	loc	0.2762	Stone Age
edad del pavo	loc	0.0407	awkward age
Edad Media	loc	0.4994	Middle Ages | Dark Ages
edad mental	loc	0.0682	mental age
edadismo	nm	0.1524	ageism
edafología	nf	0.2494	edaphology
edecán	nm	0.3508	attendant | aide
edecán	n	0.3198	hostess
edema	nm	0.2425	edema | oedema
edén	nm	0.4028	Eden
edénico	adj	0.0499	Edenic
edición	nf	0.3715	edition
edicto	nm	0.8581	edict
edificación	nf	0.4851	construction
edificar	v	0.9935	build | construct | edify
edificio	nm	1.3894	building
Edimburgo	prop	0.3061	Edinburgh
editar	v	0.6899	edit | publish
Edmundo	prop	0.0000	Edmond | Edmund
edo	nm	0.2488	Edo | Bini
edredón	nm	0.2378	eiderdown | comforter
Eduardo	prop	0.5761	Edward
educación	nf	1.6381	education
educar	v	0.5471	educate
educativamente	adv	0.0129	educationally
educativo	adj	0.3167	educative | educational
educir	v	0.0515	educe
edulcorante	nm	0.8509	sweetener | sugar substitute
edulcorar	v	0.8269	sugar
edumito	nm	0.0515	edumyth
efa	nf	0.0000	ephah
efebo	nm	0.0000	ephebe
efebofilia	nf	0.0000	ephebophilia
efectivo	nm	0.8272	cash
efectivo	adj	0.7767	effective
efecto	nm	0.8636	effect
efecto invernadero	loc	0.2627	greenhouse effect
efecto mirón	nm	0.0223	gapers' block
efectos especiales	loc	0.0000	special effects
efectuar	v	0.7081	effect
efectuarse	v	0.3630	carry out
eferencia	nf	0.0000	efference
efervescencia	nf	0.1126	effervescence
efervescente	adj	0.1395	effervescent
Efesios	n	0.8267	Ephesians
eficacia	nf	0.3855	effectiveness | efficiency
eficaz	adj	0.7334	effective
eficiencia	nf	0.2862	efficiency
eficiente	adj	0.4112	efficient
eficientemente	adv	0.0575	efficiently
efigie	nf	0.2807	effigy
efímera	nf	0.7568	mayfly | fishfly
efímero	adj	1.1031	ephemeral | shortlived
eflorescencia	nf	0.4152	rash
efod	nm	0.0740	ephod
Efraín	prop	0.1212	Ephraim
efugio	nm	0.1928	evasion
efundir	v	0.1621	pour out
egagrópila	nf	0.7034	pellet | casting | Neptune ball
egestión	nm	0.0576	egestion | egesta
egipcio	adj	1.1684	Egyptian
Egipto	n	1.4874	Egypt
egiptología	nf	0.0000	egyptology
egiptológico	adj	0.0427	Egyptological
eglefino	nm	0.3562	haddock
égloga	nf	0.0815	eclogue
egoísta	adj	0.6920	selfish
ególatra	nm	0.0590	egomaniac
egolátrico	adj	0.0000	egomaniacal
egómano	adj	0.0482	egomaniac
einstenio	nm	0.5018	einsteinium
eiségesis	nf	0.0000	eisegesis
eje	nm	0.6195	axis
Eje	n	0.0000	Axis
ejecución	nf	0.7565	execution
ejecutar	v	1.3053	execute
ejecutor	adj	0.1761	executor
ejemplar	nm	1.1165	copy
ejemplarizador	adj	0.2222	exemplary
ejemplarizante	adj	0.2222	exemplary
ejemplificar	v	0.0007	give an example
ejemplo	nm	1.3179	example | instance
ejercicio	nm	0.8907	exercise
ejercitar	v	0.9397	exercise | practice
ejercitarse	v	0.4767	exercise | pratice
ejército	nm	1.1242	army
Ekaterimburgo	prop	0.3320	Yekaterinburg
el		1.6726	the
él		2.4248	he | it | him
el amor es ciego	saying	0.1704	love is blind
El Cairo	prop	0.9206	Cairo
el extranjero	loc	0.1718	abroad
El Havre	prop	0.2116	Le Havre
el más allá	loc	0.4005	hereafter
El Niño	prop	0.1017	El Niño
el que primero lo huele, debajo lo tiene	saying	0.0515	he who smelt it dealt it
el que se pica, ajos mastica	loc	0.0002	if the shoe fitswear it
El Salvador	n	0.7396	El Salvador
elaboración	nf	0.2002	elaboration
elaborar	v	0.8540	develop | complete
elastano	nm	0.1779	elastane
elástica	nf	0.1973	jersey
elásticamente	adv	0.0129	flexibly
elasticidad	nf	0.3313	elasticity
elativo	nm	0.2839	elative
Elba	prop	0.2878	Elbe
eleático	adj	0.0604	Eleatic
elección	nf	0.5092	election
elección anticipada	loc	0.0618	snap election
elector	nmf	0.1586	elector
electreto	nm	0.1123	electret
eléctricamente	adv	0.0386	electrically
electricidad	nf	1.4530	electricity
electricista	nmf	0.1294	electrician
eléctrico	adj	0.8092	electric | electrical
electrificante	adj	0.0311	electrifying
electrificar	v	0.2653	electrify
electrizante	adj	0.0311	electrifying
electrizar	v	0.1326	electrify
electro	adj	0.7328	amber
electrocutar	v	0.1262	electrocute
electrodo	nm	0.3256	electrode
electrodoméstico	nm	0.0129	home appliance
electroencefalografista	nmf	0.0000	electroencephalographist
electroencefalograma	nm	0.1771	electroencephalogram
electroimán	nm	0.2627	electromagnet
electrolinera	nf	0.1728	charging station | electric vehicle charging station
electrolítico	adj	0.0751	electrolytic | electrolytical
electrolito	nm	0.3541	electrolyte
electromagnético	adj	0.2340	electromagnetic
electromagnetismo	nm	0.6751	electromagnetism
electrón	nm	0.5277	electron
electrónica	nf	0.3142	electronics | electronic
electronvoltio	nm	0.1338	electron volt | electronvolt
electroquímica	nf	0.0835	electrochemistry
electrotípico	adj	0.0000	electrotypic
electuario	nm	0.0288	electuary
elefante	nmf	3.1402	elephant
elegancia	nf	0.5387	elegance
elegante	adj	1.1587	elegant | dashing
elegantemente	adv	0.0986	elegantly
elegía	nf	0.2933	elegy
elegíaco	adj	0.1338	elegiac
elegir	v	2.0208	choose | elect
elemental	adj	0.2984	elemental
elemento	nm	0.9901	element | grundämne
elemento químico	loc	0.2186	chemical element
Elena	prop	0.2933	Helen
elenco	nm	0.9203	cast
elevación	nf	0.4309	elevation
elevarse	v	0.4840	go up
élfico	adj	0.0364	elfin | elfish | elven | elvish
Elías	prop	0.0011	Elias | Elijah | Elia
Eliasib	prop	0.0003	Eliashib
elicitar	v	0.3885	elicit
eliminación	nf	0.2385	elimination
eliminador	adj	0.0000	eliminating | eliminator
eliminatoria	nf	0.0604	playoff
elipse	nf	0.1457	ellipse
elipsis	nf	0.1524	ellipsis
elisión	nf	0.1014	elision
élitro	nm	0.1046	elytron
elixir	nm	0.4752	elixir
ella		1.9752	she | her | it
ellas		2.3096	they
elle		2.2591	they
ellos		2.6527	they
elocuencia	nf	0.6645	eloquence
elocuente	adj	0.7916	eloquent
elocutivo	adj	0.0000	elocutionary
elocutorio	adj	0.0000	elocutionary
elogio	nm	1.4457	praise
elongación	nf	0.0407	elongation
elote	nm	0.4155	corncob
elotillo	nm	0.0182	squawroot | bear corn
elototol	nm	0.0575	grosbeak
elucidación	nf	0.2608	clarification | explanation
elucidar	v	0.5217	elucidate
eluir	v	0.0364	elute
elusión	nf	0.0000	elusion
emaciación	nf	0.0835	emaciation
emancipación	nf	0.3010	emancipation
emancipar	v	0.4232	emancipate
emanciparse	v	0.1411	emancipate
Emanuel	n	0.1108	Immanuel
emascular	v	0.4452	emasculate
embadurnar	v	0.3132	daub
embaír	v	0.7880	cheat
embajada	nf	0.6267	embassy
embajador	nmf	0.6841	ambassador
embaldosinar	v	0.5773	to | tile
embalsamar	v	0.1709	embalm
embalsar	v	0.6666	to | dam | raft | to put on a
embarazar	v	0.8430	angry | hamper
embarazo	nm	1.0665	pregnant
embarazoso	adj	0.1313	embarrassing
embarcación	nf	1.5351	boat
embarcar	v	0.3756	embark
embargar	v	0.7170	grab | seize
embargo	nm	0.1609	digitization
embarque	nm	0.9516	boarding | endeavor | load | venture | cargo | undertaking | embarkation
embaucar	v	1.3935	trick
embelecar	v	0.4825	deceive
embelesar	v	0.5009	captivate
embellecedor	nm	0.1567	hubcap | wheeltrim
embellecer	v	0.7438	embellish
embestir	v	0.3832	run into
embobar	v	0.8906	disturb
embocadura	nf	0.6217	bit
embolia	nf	0.4629	embolism
embolinar	v	0.1552	beat around the bush
émbolo	nm	0.5442	piston
embolsar	v	0.4714	cash
emborracharse	v	1.5427	get drunk
emborronador	adj	0.0000	blotting | blurring
emboscada	nf	0.5209	ambush
emboscar	v	0.3683	ambush
embotellar	v	0.0129	bottling
embrague	nm	0.6653	clutch
embravecer	v	0.3124	enrage
embriagador	adj	0.0754	intoxicating
embriaguez	nf	2.2400	drunkenness | inebriety
embriogénico	adj	0.0446	embryogenic
embriológico	adj	0.0631	embryological | embryologic
embriólogo	nm	0.0657	embryologist
embrión	nm	0.4948	embryo
embrocado	adj	0.5221	drunk
embrolladamente	adv	0.1186	confusedly
embrollar	v	0.3106	bedevil
embrujar	v	0.7400	bewitch
embuchar	v	0.2097	munch
embudo	nm	0.4990	funnel
embullar	v	0.6666	to
embullarse	v	0.5811	excited | fun | to get | to have
emenagogo	nm	0.0000	emmenagogue
emergencia	nf	0.4071	emergency
emergencia social	loc	0.0002	social emergency
emerger	v	0.5689	emerge
emérito	adj	0.1093	emeritus
emético	adj	0.4349	emetic
emigración	nf	0.1510	emigration
emigrante	adj	0.4254	emigrant
emigrar	v	0.2591	emigrate
Emilio	prop	0.1313	Emil
eminencia	nf	0.3091	eminence
eminencialmente	adv	0.1630	eminently
eminente	adj	0.6916	eminent | prominent
eminentemente	adv	0.1630	eminently
emiratí	nm	0.0964	Emirati
emiratí	adj	0.0964	Emirati
Emiratos Árabes Unidos	prop	0.6618	United Arab Emirates
emisión	nf	0.3982	emission
emisividad	nf	0.0000	emissivity
emisor	adj	0.5415	sender | emitter
emisor	nm	0.3506	transmitter
emitir	v	0.2275	emit
emoción	nf	0.8098	emotion
emocionable	adj	0.0311	emotionable
emocional	adj	0.6614	emotional
emocionalidad	nf	0.0464	emotionality
emocionalmente	adv	0.0499	emotionally
emocionante	adj	0.3918	exciting | touching
emocionar	v	1.5562	move
emoji	nm	0.4438	emoji
emolumento	nm	0.7771	emolument | salary
emotivo	adj	0.6095	emotional | touching | emotive
empacar	v	0.4865	package
empalagoso	adj	0.2184	sickly sweet
empalar	v	0.1645	impale
empalizada	nf	0.1126	palisade
empanar	v	1.0760	bread
empanicar	v	1.0486	to | panic
empanicarse	v	1.1379	panic | to
empanizar	v	1.0760	bread
empañar	v	1.1739	fog
empañarse	v	1.1339	fog
empapar	v	0.6357	soak
empapelar	v	0.6955	paper | wrap
empaquetar	v	0.4169	pack
emparejamiento	nm	1.0593	match | mating
empastar	v	0.7586	fill
empatar	v	1.3176	draw
empatía	nf	0.2004	empathy
empavesar	v	0.0815	drape
empedrado	nm	0.3459	pavement
empegotado	adj	0.3846	sticky
empegotar	v	0.2231	gluey | sticky | to make
empegotarse	v	0.2231	gluey | sticky | to get
empeine	nm	0.5041	instep
empelotar	v	1.0316	strip | to | undress
empelotarse	v	0.1383	unclothe | to strip
empeño	nm	0.5674	effort
empeoramiento	nm	0.3399	deterioration
empeorar	v	0.5177	aggravate
empeorarse	v	0.2183	deteriorate
emperatriz	nf	0.6237	empress
empinar	v	0.6486	establish
empincharse	v	1.6412	angry
empíricamente	adv	0.0604	empirically
empírico	adj	0.0341	empiricist
empizarrar	v	0.2310	slate
emplatar	v	0.1226	dish out | plate
emplazar	v	0.0470	cite
empleado	adj	0.5887	employee
emplear	v	0.9560	employ
emplentar	v	0.4156	crash | imprint
empleo	nm	1.6549	job
emplomar	v	0.4457	seal
empoderamiento	nm	0.0762	empowerment
empoderar	v	0.2673	empower
empoderarse	v	0.2673	empower
empolvar	v	0.0002	cover with
empolvorar	v	0.0002	cover with
empolvorizar	v	0.0002	cover with
emponzoñar	v	0.2981	poison
emporcar	v	0.2466	contaminate
emporio	nm	0.2698	emporium
empotrable	nm	0.0129	patress
emprendar	v	0.4713	to | indispose
emprendarse	v	0.9427	to | indispose
emprendedurismo	nm	0.1014	entrepreneurship
emprender	v	0.4643	undertake
empresa	nf	2.2467	company | firm | business | enterprise
empresario	nmf	0.6136	entrepreneur | businessman
empréstito	nm	0.5915	loan
empujar	v	1.6031	push | thrust
empuje	nm	0.7805	push
empujón	nm	0.9245	push
empuntado	adj	0.2124	tipsy
empuñadura	nf	0.5873	hilt
empuñar	v	0.3042	brandish | hold
emú	nm	0.3110	emu
emular	v	0.2858	emulate
emulsión	nf	0.1577	emulsion
en		3.3554	in | at | into
en casa del herrero, cuchillo de palo	saying	0.0315	the shoemaker's son always goes barefoot
en cuanto a	loc	0.2564	as to | with regard to
en cuclillas	loc	0.0288	squatting
en diferido	loc	0.0000	prerecorded
en directo	loc	1.2482	live
en escuso	loc	0.2231	discreetly
en exceso	loc	1.0050	excessively
en general	loc	0.3554	in general
en grande	loc	0.3239	big
en línea	loc	0.0182	on line
en pelota	loc	1.1432	naked | birthday-suited | unclothed
en persona	loc	0.3258	in person
en público	loc	0.0972	in public | publicly
en torno	loc	0.2523	around
en torno a	loc	1.2118	about | around
en vano	loc	0.4647	in vain | to no avail | unsuccessfully
en vilo	loc	0.0364	on tenterhooks | in the air
en vivo	loc	1.0538	live
enajenado	adj	0.1521	alienated
enajenador	adj	0.0000	alienating | alienator
enajenar	v	0.5383	alienate
enalbardar	v	0.3892	saddle
enalmagrar	v	0.1360	raddle
enaltecer	v	1.3719	praise | enlarge
enamorado	adj	0.3740	in love
enamorar	v	0.2549	enamor
enamorarse	v	0.9546	fall in love
enana blanca	loc	0.2474	white dwarf
enana negra	loc	0.1070	black dwarf
enano	adj	0.2908	dwarf
enarbolar	v	0.9861	stretch
enarcar	v	0.6142	raise
enarcarse	v	0.4893	bend
enardecer	v	0.6121	inflame
enartrosis	nf	0.1333	enarthrosis
encabezado	nm	0.3104	header
encabezar	v	1.0221	command
encachimbarse	v	0.0002	get pissed off
encadenar	v	1.1799	chain
encaje	nm	0.7252	lace | add | cash | rabbet
encajonar	v	0.4584	case
encallar	v	0.3410	run aground
encalvecer	v	0.2928	bald
encamisar	v	0.1887	clothe
encandilar	v	0.5016	dazzle
encanecer	v	0.9358	gray
encantador	adj	0.5064	charming | alluring | enchanting
encantadoramente	adv	0.0258	enchantingly
encantar	v	1.2104	charm
encanto	nm	1.5632	charm
encapotar	v	0.0182	embower
encapotarse	v	0.0006	become overcast
encapuchado	adj	0.0740	hooded
encapuchar	v	0.3170	hood
encaramar	v	0.6868	cancel
encarcelación	nf	0.4682	incarceration | imprisonment
encarcelar	v	1.0730	jail | imprison | incarcerate
encarrar	v	0.0002	to stack
encarretar	v	0.7453	to | enthrall | entice | grab
encáustica	nf	0.0006	encaustic painting
encefalitis	nf	0.1775	encephalitis
encéfalo	nm	0.2886	encephalon
encefalograma	nm	0.1022	encephalogram
enceguecer	v	0.6113	blind
Encelado	prop	0.1030	Enceladus
Encélado	prop	0.1457	Enceladus
encendedor	nm	1.3580	lighter
encender	v	3.9557	turn on | start | light
encenderse	v	0.5275	blush
encentar	v	0.5952	cut
encerrar	v	0.5539	lock up
encharcar	v	0.3178	soak
enchufe	nm	0.9113	socket | plug
enchufismo	nm	0.4977	influence | nepotism
enchufla	nm	0.0003	enchufla
encía	nf	1.3130	gum | gingiva
enciclopedia	nf	1.6108	encyclopedia | encyclopaedia
enciclopédico	adj	0.0182	encyclopaedic | encyclopedic
enciclopedista	adj	0.0682	encyclopedist
encima	adv	1.1960	over
encina	nf	0.4502	holm oak
encinta	nf	0.2666	pregnant
enclavar	v	0.3472	nail
enclenque	adj	1.2542	weak
enclítico	adj	0.1434	enclitic
encocorar	v	0.2666	hinder
encoger	v	1.2750	shrink
encogerse	v	0.7452	shrink
encogimiento	nm	0.1517	shrinkage
encolerizar	v	0.4071	enrage
encolerizarse	v	0.3501	enraged | to get
encomiador	adj	0.0003	kehuja | ylistäjä | kiittäjä
enconar	v	0.1654	embitter
enconarse	v	0.2351	fester
encontrar	v	2.4925	find | meet
encontrarse	v	1.5992	see
encorajinar	v	0.3985	anger | to
encorbatado	adj	0.3785	suit
encorralar	v	0.2907	corral | round up
encorvar	v	1.0542	bend | curve
encostrar	v	0.2610	crust
encrucijada	nf	0.4712	crossroads
encuadernación	nf	0.2652	binding
encuadernador	nm	0.2677	bookbinder
encuadernar	v	0.8952	bind
encuadrar	v	0.6611	frame | center
encubertar	v	0.5547	cover | conceal
encuentro	nm	1.2052	meeting
encuerado	adj	1.0975	naked | nude
encuesta	nf	0.4671	survey
endeble	adj	0.6365	feeble
endeblez	nf	0.5478	weakness
endecágono	adj	0.2605	hendecagon | undecagon
endémico	adj	0.4736	endemic
enderezarse	v	0.3635	straighten
endespués	adv	0.9213	after
endeudado	adj	0.1391	indebted
endocarditis	nf	0.0705	endocarditis
endocrinología	nf	0.1201	endocrinology
endocrinológico	adj	0.0864	endocrinological
endodiscriminación	nf	0.0003	endodiscrimination
endodoncia	nf	0.0004	Endodontics
endofagia	nf	0.0000	endophagy
endogamia	nf	0.0798	endogamy
endogámico	adj	0.0182	endogamic
endógeno	adj	0.0993	endogenous
endometrio	nm	0.1195	endometrium
endometriosis	nf	0.0874	endometriosis
endoparásito	adj	0.1167	endoparasite | endoparasitic
endosable	adj	0.0000	endorsable
endosar	v	0.4068	endorse
endoscopía	nf	0.0631	endoscopy
endosimbiótico	adj	0.0000	endosymbiotic
endulzar	v	0.6062	sweeten
endurecer	v	0.9550	harden
eneagonal	adj	0.1319	nonagonal
enebro	nm	0.3527	juniper
eneldo	nm	0.3456	dill
enema	nm	0.9914	enema
enemigo	adj	1.1708	enemy | foe
enemistad	nf	0.6825	enmity
energético	adj	0.1537	energetic
energía	nf	1.5666	energy
energía cinética	loc	0.2304	kinetic energy
energía eólica	loc	0.0258	wind energy | wind power
energía hidráulica	loc	0.0892	hydroelectricity | hydropower
energía mareomotriz	loc	0.0590	tidal energy | tidal power
energía nuclear	loc	0.2612	nuclear energy
energía oscura	loc	0.6428	dark energy
energía renovable	loc	0.0964	renewable energy
energía solar	loc	0.1108	solar energy
energúmeno	nmf	0.1350	energumen
enero	nm	1.5954	January
enfadar	v	1.6328	to | anger | madden
enfadarse	v	0.0009	get angry
énfasis	nm	0.4921	emphasis
enfáticamente	adv	0.0464	emphatically
enfático	adj	0.2798	emphatic | emphatical
enfatizar	v	0.5052	emphasize
enfermar	v	0.0010	to get ill | to make ill
enfermedad	nf	2.2719	disease | illness | sickness | ailment
enfermedad de Alzheimer	n	0.3440	Alzheimer's disease
enfermedad de Lyme	n	0.0773	Lyme disease
enfermedad mental	loc	0.2085	mental illness | mental disorder
enfermero	nmf	0.7980	nurse | male nurse
enfermizo	adj	0.7130	sickly | excesive | sick
enfermo	adj	2.4093	ill | sick | unwell | ailing
enfisema	nm	0.1288	emphysema
enfisema pulmonar	loc	0.1795	emphysema
enflaquecer	v	0.8604	slim
enflaquecimiento	nm	0.2036	emaciation | slimming | weakening | wieght loss
enfocar	v	0.7901	focus
enfocarse	v	0.2314	focus
enfoscar	v	0.0983	roughcast
enfrascar	v	0.0129	bottling
enfriamiento	nm	0.4477	cooling
enfriar	v	1.1013	cool
enfundar	v	0.7572	pack
enfurruscarse	v	0.3441	angry | to get
engalanar	v	0.8040	adorn | decorate
enganchar	v	0.8981	hook
engañar	v	1.1674	deceive | befool
engaño	nm	1.3014	deceit
engañoso	adj	0.0556	deceiving
engarzar	v	1.7288	set
engastar	v	0.8733	mount | set
engatusador	adj	0.0000	coaxer
engatusar	v	0.6241	cajole
engordar	v	0.4720	put on weight | be fattening | fatten up
engorroso	adj	0.3278	awkward | tiresome
engrampadora	nf	0.6182	stapler
engranaje	nm	0.4637	gear
engranar	v	0.2377	engage | mesh
engrapadora	nf	0.4585	stapler
engrasar	v	0.3740	grease | lubricate
engreído	adj	0.8714	vain
engrudo	nm	0.8188	batter
engrupir	v	0.5995	deceive | fool
engualichar	v	0.2390	bewitch
engullir	v	1.0395	gobble | wolf
engurrio	nm	0.5549	sadness
enhebrar	v	0.3369	contrive | baste
enhiesto	adj	0.9114	upright | erect
enhilar	v	0.7004	thread
enigma	nm	1.9193	riddle | enigma
enigmáticamente	adv	0.0182	enigmatically
enigmático	adj	0.3945	enigmatic
enjabonar	v	0.3548	soap
enjambrar	v	0.2049	swarm
enjambre	nm	0.7068	swarm
enjaular	v	0.3663	cage | put in jail
enjuagar	v	0.4531	rinse
enjuagarse	v	0.1313	rinse
enjuiciar	v	0.6116	examine | judge | prosecute
enjulio	nm	0.2732	warp beam
enlace	nm	1.7013	link
enlatar	v	0.3914	can
enlentecer	v	0.8144	slow
enlentecerse	v	0.3205	slow down
enllavar	v	0.6283	lock
enloquecedor	adj	0.0223	maddening
enloquecer	v	0.2825	derange
enlucido	nm	0.4987	plaster
enlucir	v	0.5843	plaster
enmagrecer	v	0.2860	emaciate
enmarcar	v	0.8430	frame
enmendar	v	0.7644	correct | amend
enmicar	v	0.4713	to | plasticize
enmohecer	v	0.0007	go mouldy
enmugrar	v	1.1878	dirty | soil
enmugrecer	v	1.1878	dirty | soil
enmugrecerse	v	0.7550	dirty
enoclofobia	nf	0.0000	ochlophobia
enófilo	adj	0.1115	oenophile
enojado	adj	1.0308	angry
enojar	v	1.1109	annoy
enología	nf	0.0000	enology
enológico	adj	0.0003	oenologic | œnologic
enorme	adj	1.5534	huge | enormous
enormemente	adv	0.1021	enormously
enoteca	nf	0.4458	collection
enquiridión	n	0.0311	enchiridion
enraizamiento	nm	0.0315	rooting
Enrique	prop	0.3889	Henry | Harry
enriquecedor	adj	0.0407	enriching
enriquecerse	v	0.7609	rich
Enriqueta	prop	0.0835	Henrietta
enrocar	v	0.3322	castle
enrojecer	v	0.9255	blush | redden | become red-hot
enrolarse	v	0.0622	sign on
enrollado	adj	0.7342	cool
enrollar	v	1.1748	roll
enrollarse	v	0.1840	have an affair
enroque	nm	0.1728	castling
enroscar	v	1.2418	screw | coil
enrulado	adj	0.1405	curly
enrular	v	0.6666	to | curl
enrularse	v	0.6666	to | curl
ensalada	nf	0.5861	salad
ensalivar	v	0.0003	moisten with saliva
ensalmo	nm	0.2649	enchantment | incantation
ensamblador	nm	0.1279	assembler
ensamblar	v	0.4526	assemble
ensanchar	v	0.6075	widen
ensandecer	v	0.1546	infatuate
ensartar	v	0.0006	put on fire
ensayar	v	2.0678	rehearse | essay | to | to do an
ensayista	nmf	0.1062	essayist
ensayístico	adj	0.0288	essayistic
ensayo	nm	1.3530	try | essay | rehearsal
ensebar	v	0.1639	tallow
enseguida	adv	0.7520	immediately
enseñable	adj	0.0906	teachable | showable
enseñar	v	3.2834	teach | show
enseres	nm	0.5955	gear
ensiforme	adj	0.1728	ensiform
ensillar	v	0.4767	saddle
ensimismamiento	nm	0.3313	daydream
ensoñación	nf	0.5043	dream
ensopar	v	0.3178	soak
ensoparse	v	0.5013	soak
ensordecer	v	0.2386	deafen
ensuciar	v	1.7538	dirty
entablamento	nm	0.0007	entblature
entablillar	v	0.3009	splint
entalpía	nm	0.1785	enthalpy
entarimado	nm	0.0981	parquet
éntasis	nf	0.0515	entasis
ente	nm	1.1050	entity
entelequia	nf	0.3195	entelechy
entender	v	1.2001	infer
entendible	adj	0.3841	understandable
entendimiento	nm	1.1486	understanding
entenebrecer	v	0.4267	darken
entente	nm	0.2969	agreement
enteógeno	adj	0.1093	entheogen | entheogenic
enteramente	adv	0.5357	entirely
enterar	v	0.6580	inform
enterarse	v	0.7033	experience
entérico	adj	0.0933	enteric
enterocolitis	nf	0.0892	enterocolitis
enteropatía	nf	0.0315	enteropathy
enterrador	adj	0.2487	undertaker
enterramiento	nm	0.3671	burial
enterrar	v	1.2893	bury
entibo	nm	0.4405	prop | buttress
entidad	nf	0.9688	entity
entierro	nm	0.7603	burial
entiznar	v	0.4199	stain | blacken | tarnish
entomofagia	nf	0.0000	entomophagy
entomología	nm	0.3005	entomology
entomológico	adj	0.0000	entomologic
entomólogo	nm	0.1666	entomologist
entonación	nf	0.3420	exordium
entormecimiento	nm	0.0000	numbing | numbness
entornar	v	0.0006	leave ajar
entorno	nm	0.0000	neighbourhood
entorpecer	v	2.1675	dull | hinder | hold up | slow down
entrada	nf	1.7444	ticket | article | entryway | platter | entry | starter
entrampar	v	0.2627	cheat
entrante	adj	1.6699	next | new | coming
entrañable	adj	0.5452	deep | intimate | charming
entrar	v	0.0470	go in
entre		0.8306	among | between
entre broma y broma la verdad se asoma	loc	0.0427	there's a grain of truth in every joke
entre la espada y la pared	loc	0.0939	between the devil and the deep blue sea | between Scylla and Charybdis
entre nos	loc	0.0364	inter nos
entre semana	loc	0.0002	on weekdays
entreabrir	v	0.2049	ajar
entrecomillar	v	0.0002	to put in inverted commas
entrecruzamiento	nm	0.2572	crossover | chromosomal crossover
entrecruzar	v	0.2322	braid
entrega	nf	0.3915	delivery
entregar	v	0.5271	turn in
entrelazar	v	0.5607	braid
entrenador	nmf	1.3789	trainer | coach
entrenamiento	nm	0.5495	training
entrenarse	v	0.8233	train
entresacar	v	0.5783	extract
entretanto	adv	1.1750	meanwhile
entretener	v	0.6793	entertain
entretenimiento	nm	1.1487	amusement | colloquy
entrever	v	0.4360	conjecture
entrevista	nf	0.7112	interview
entrevistador	nm	0.1275	interviewer
entrevistar	v	0.4978	interview
entristecedor	adj	0.0964	saddening
entristecer	v	0.5873	sadden
entrometido	adj	0.7082	nosy | meddler
entropía	nf	0.3573	entropy
entumecer	v	0.3590	allay
entumecimiento	nm	0.0000	numbing | numbness
enturbiar	v	0.0002	become muddy
enturbiarse	v	0.0005	become muddy
entusiasmado	adj	0.0515	gushy
entusiasmar	v	0.7650	inspire
entusiasmo	nm	0.6562	enthusiasm
entusiasta	adj	1.3651	enthusiastic
entusiástico	adj	0.3136	enthusiastic
enumerar	v	1.1510	count
enunciable	adj	0.0446	enunciable
enunciación	nf	0.1777	enunciation
enunciado	nm	0.8011	proposition | utterance | enunciation
enunciar	v	0.1434	enunciate
enunciativo	adj	0.0000	enunciative
envasar	v	0.6204	bottle | can | pack
envejecer	v	1.7137	age | continue
envejecerse	v	0.9164	age | old
envejecido	adj	0.1638	aged
envenenar	v	0.8942	poison
envergadura	nf	0.2171	wingspan
envés	nm	1.2245	back | underside
enviable	adj	0.0000	sendable
enviado	nmf	0.5093	envoy | delegate
enviar	v	0.5927	dispatch | send
envidia	nf	0.8583	envy
envidiar	v	0.3662	envy
envidioso	adj	0.3885	envious
envite	nm	0.6867	raise
enviudar	v	0.0003	be widowed
envolvente	adj	0.0000	enveloping
envolver	v	0.6384	wrap
enya	nm	0.0000	Enya
Enya	prop	0.0000	Enya
enzarzar	v	0.0005	push into a fight
enzima	nmf	0.2231	enzyme | ferment
eoceno	adj	0.1629	Eocene
Eoceno	nm	0.1728	Eocene
epa	interj	0.4729	watch out
épale	interj	0.4729	watch out
epazote	nm	0.0010	Jesuit's tea | Mexican tea | epazote | wormseed
epencéfalo	nm	0.6511	cerebellum
epéntesis	nf	0.2958	epenthesis
epentéticamente	adv	0.0341	epenthetically
épica	nf	0.0006	epic genre
épicamente	adv	0.0000	epically
epiceno	nm	0.2532	epicene
epicentro	nm	0.1826	epicentre | epicenter
epicíclico	adj	0.0440	epicyclic | epicyclical
epicondilitis	nf	0.0000	epicondylitis
epicontinental	adj	0.0000	epicontinental
epicureísmo	nm	0.0000	epicureanism
epideixis	nf	0.0000	epideixis
epidemia	nf	0.3257	epidemic
epidémico	adj	0.4976	epidemic
epidemiológico	adj	0.1269	epidemiological | epidemiologic
epidemiólogo	nm	0.1704	epidemiologist
epidermis	nf	0.2991	epidermis
epidixis	nf	0.0000	epideixis
epifanía	nf	0.2967	epiphany
epifenómeno	nm	0.1222	epiphenomenon
epífita	nf	0.1046	epiphyte
epigástrico	adj	0.0315	epigastric
epigenético	adj	0.0482	epigenetic
epigeo	adj	0.0364	epigeal
epígono	nm	0.1391	epigone
epígrafe	nm	0.4491	epigraph
epiklesis	nm	0.0546	epiclesis
epilepsia	nf	1.3718	epilepsy
epiléptico	adj	0.2560	epileptic
epílogo	nm	0.5912	epilogue
epímone	nf	0.0000	epimone
epinefrina	nf	0.1208	epinephrine
epiparásito	adj	0.0000	epiparasitic
episcopal	adj	0.1844	episcopal
episodio	nm	0.3372	episode
epistaxis	nf	0.4210	epistaxis | nosebleed
epistemicidio	nm	0.0364	epistemicide
epistemología	nf	0.6065	epistemology
epistemológico	adj	0.1129	epistemological
epístola	nf	0.3337	epistle
epitafio	nm	0.6534	epitaph
epitelial	adj	0.0364	epithelial
epitelio	nm	0.3556	epithelium
epíteto	nm	0.4354	epithet
epítome	nm	0.3901	epitome
epítopo	nm	0.1446	epitope
epizoótico	adj	0.0000	epizootic
época	nf	2.7403	time | age
epónimo	adj	0.2778	eponym | eponymous
epopeya	nf	0.4624	epic | epopee | saga
equidad	nf	0.5456	equity
equilibrio	nm	0.9841	equilibrium | balance
equino	adj	0.6212	equine
equinoccial	adj	0.0835	equinoctial | equinox
equinoccio	nm	0.3509	equinox
equipaje	nm	0.1546	baggage | luggage
equipar	v	0.6435	equip
equipo	nm	0.8490	team
equitación	nf	0.2132	equitation | equestrianism | horsemanship
equivalencia	nf	0.4182	equivalence
equivalente	adj	0.4689	equivalent
equivocación	nf	1.2327	mistake
equivocar	v	0.8475	con | err
era geológica	loc	0.3172	era
érase una vez	loc	0.8611	once upon a time
Erasmo	prop	0.2016	Erasmus
erbio	nm	0.4973	erbium
erección	nf	0.5341	erection
eréctil	adj	0.1446	erectile
erecto	adj	0.9390	stiff | erect
eremita	n	0.4347	hermit
eremofobia	nf	0.0007	eremitophobia | eremophobia
Ereván	prop	0.6618	Yerevan
ergativo	nm	0.2393	ergative
ergio	nm	0.1092	erg
ergo		0.9684	therefore
ergonomía	nf	0.0943	ergonomics
ergonómico	adj	0.1036	ergonomic
ergotismo	nm	0.0499	ergotism
erguido	adj	0.8229	upright
erguir	v	0.6075	elevate | raise
ericáceo	adj	0.0000	ericaceous
Erídano	prop	0.0005	The river
erigir	v	0.4460	erect
Eritrea	n	0.7492	Eritrea
eritreo	adj	0.1983	Eritrean
eritrocito	nm	0.6829	erythrocyte | red blood cell
erizado	adj	0.1006	bristling
erizarse	v	0.7382	establish
erizo	nm	0.8018	hedgehog
ermita	nf	0.3279	chapel
ermitaño	nm	0.8775	hermit | eremite
Ernestina	n	0.0315	Ernestine
Ernesto	prop	0.0705	Ernest
Erodium cicutarium	prop	0.0773	storksbill
erógeno	adj	0.1475	erogenous | erotogenous
erosión	nf	0.1316	erosion
erosionar	v	0.4250	erode
erosivo	adj	0.0546	erosive
erótico	adj	0.4353	erotic
erotofobia	nf	0.1160	erotophobia
erotomanía	nf	0.1621	erotomania
erotómano	adj	0.0129	erotomaniac
ERP	nm	0.0315	ERP
erradicar	v	0.8623	eradicate
errar	v	1.1680	err
errata	nf	0.6119	misprint | typo | errata | erratum
erromintxela	nm	0.0003	erromintxela
erróneo	adj	0.0008	erroneus
error	nm	1.9526	error
eructar	v	0.3454	belch
eructo	nm	0.6296	belch
erudición	nf	0.2940	erudition
erudito	adj	0.5342	erudite
erupción	nf	0.1738	eruption
erzya	nm	0.0857	Erzya
es decir	loc	0.6462	that is to say | in other words
esa		1.0496	that
esbarizar	v	0.6138	slide
esbozar	v	0.7711	sketch
esbozo	nm	0.7711	sketch
escabechar	v	0.4784	pickle
escabeche	nm	0.0000	escoveitch
escabechina	nf	0.2754	slaughter
escabiar	v	1.0949	get drunk
escabroso	adj	0.2700	bawdy
escabullirse	v	0.3971	cut off
escafandra	nf	0.0561	diving suit
escalar	adj	0.3762	scalar
escaldar	v	0.2100	blanch
escaldo	nm	0.1750	scald | skald
escalera	nf	1.0484	staircase | flight of stairs | stairway | stairs | ladder
escalera mecánica	loc	0.2612	escalator
escalfar	v	0.4175	poach
escalímetro	nm	0.0003	architect's scale
escalinata	nf	0.4690	staircase
escalofriante	adj	0.6857	awful
escalofriarse	v	0.2704	shiver | shudder
escalofrío	nm	0.6046	shiver | shudder | chills
escalpar	v	0.1452	scalp
escalpelo	nm	0.4376	scalpel
escama	nf	0.5998	scale
escamondar	v	0.4209	cut
escamosal	nm	0.0129	squamosal
escampar	v	1.9227	clear
escanciar	v	0.2024	lodge
escandalizar	v	0.1608	scandalize
escandallar	v	0.1125	plumb
escándalo	nm	0.3930	scandal
escandio	nm	0.3864	scandium
escandir	v	0.1006	chant
escanear	v	0.3258	scan
escáner	nm	0.2455	scanner
escaño	nm	1.4630	seat
escaparate	nm	0.1328	show window | display cabinet
escaparse	v	1.1068	flee | run away | escape
escape	nm	1.3274	exhaust | escape
escapismo	nm	0.0986	escapology
escapular	adj	0.1387	scapular
escapulario	nm	0.1551	scapular
escarabajo	nm	0.8633	beetle
escaramuza	nf	0.5434	skirmish | squabble
escarapela	nf	0.2974	cockade | badge
escarbar	v	1.0134	dig | poke | scrabble | pry
escarcha	nf	1.2213	frost | rime
escarda	nf	0.0315	weeding
escardar	v	1.7467	weed | weed out
escarificar	v	0.0482	scarify
escarnio	nm	0.7330	derision
escarpa	nf	0.3217	embankment
escarpado	adj	0.5813	steep
escarrancharse	v	0.2014	straddle
escasez	nf	0.8488	shortage | scarcity
escaso	adj	1.0075	rare | scarce
escatología	nf	0.3119	eschatology
escatológico	adj	0.1123	eschatological | scatologic
escayola	nf	0.3045	stucco
escena	nf	0.8658	stage
escénico	adj	0.1088	scenic
escenificar	v	0.7518	stage
escepticismo	nm	0.3317	skepticism
escisión	nf	0.6355	split
esclava	nf	0.6206	slave
esclavitud	nf	0.4299	slavery
esclavo	adj	1.1880	slave
esclerosis	nf	0.5714	sclerosis
escleroterapia	nf	0.0000	sclerotherapy
esclerótica	nf	0.2469	sclera
esclerótico	adj	0.0933	sclera
esclusa	nf	2.1934	lock | sluice
escoba	nf	0.6719	broom | besom
escobén	nm	0.1275	hawsehole | hawse
escobillón	nm	0.4814	brush | scrubber | old bag
escocer	v	0.5663	smart | sting
escocés	adj	0.4632	Scottish
Escocia	n	0.6344	Scotland
escoger	v	1.3582	choose
escolaridad	nf	0.1840	schooling
escolarización	nf	0.0929	enrollment
escolasticismo	nm	0.0981	scholasticism
escolástico	adj	0.0892	scholastic
escolecifobia	nf	0.0000	helminthophobia | vermiphobia
escoliosis	nf	0.1669	scoliosis
escollera	nf	0.1780	breakwater
escollo	nm	0.2880	pitfall
escoltar	v	0.5797	escort
escombro	nm	0.9628	debris
esconder	v	2.0664	hide
esconderse	v	0.0007	go into hiding
escondido	adj	0.7380	hidden
escondido	nm	0.0000	hide-and-seek
escondite	nm	0.5240	hiding place | hide and seek
escopeta	nf	0.3060	shotgun
escoplear	v	0.1734	carve
escoplo	nm	0.2859	gouge
escopofilia	nf	0.0315	scopophilia | scoptophilia
escopofílico	adj	0.0000	scopophilic
escopofílico	nmf	0.0000	scopophile
escorbuto	nm	0.9608	scurvy
escoria	nf	0.8040	scum
escoriar	v	0.3786	skin
Escorpio	prop	0.4608	Scorpio | Scorpius
escorpión	nm	2.1114	scorpion
escorzar	v	0.3190	curtail | shorten
escorzonera	nf	0.4034	black salsify | scorzonera
escote	nm	0.4125	cleavage
escotilla	nf	0.3601	hatch
escotillón	nm	0.2441	scuttle
escotofobia	nf	0.1319	scotophobia
escozor	nm	0.4736	sting | pinching
escriba	nm	0.7271	scribe
escribir	v	2.1500	write
escrito	adj	0.1546	written
escritor	nmf	1.6086	writer
escritorio	nm	0.3048	desk
escritura	nf	0.6737	writing
escriturario	adj	0.0364	scriptural
escroto	nm	1.5483	scrotum
escrúpulo	nm	0.3441	scruple
escrupulosamente	adv	0.0000	punctiliously
escrutador	adj	0.0000	scrutator | scrutinizer | scrutineer
escrutar	v	0.3071	scrutinize | examine
escrutinio	nm	1.4591	count | inquiry | scrutiny
escuadra	nf	0.4142	set square | square
Escuadra	prop	0.0515	Level
escuadrilla	nf	0.1794	squadron
escuadrón	nm	0.1794	squadron
escuálido	adj	0.4146	squalid
escuchador	adj	0.2389	listener | listening
escudar	v	0.9178	shield
escudilla	nf	0.8918	bowl
escudo	nm	1.8108	shield | escutcheon | coat of arms | emblem
escudo portugués	loc	0.0004	portuguese escudo
escudriñar	v	0.6009	scrutinize
escuela	nf	2.5929	school
escueto	adj	0.7157	succinct | plain
escuincle	nmf	1.3527	boy | kid
esculpir	v	0.5171	sculpture
escultor	nmf	0.4300	sculptor
Escultor	prop	0.0729	Sculptor
escultórico	adj	0.0499	sculptural
escultura	nf	0.6529	sculpture
escurridizo	adj	0.8549	slippery
escurrir	v	0.8199	drain | wring
escúter	nm	0.2778	motor scooter | scooter | moped
Esdras	nm	0.5067	Esdras | Ezra
esdrújulo	adj	0.1612	proparoxytone
esencia	nf	1.1718	essence
esencial	adj	0.9885	essential
esencialidad	nf	0.1363	essentiality
esencialismo	nm	0.0835	essentialism
esencialmente	adv	0.4012	essentially
esenio	nm	0.0446	Essene
esfenoides	nm	0.1840	sphenoid
esfera	nf	2.0100	sphere | ball
esfericidad	nf	0.0729	sphericity
esférico	adj	0.5663	spherical | spheric
esferográfico	nm	0.2833	ballpoint pen
esferómetro	nm	0.0590	spherometer
esforzarse	v	0.3885	make an effort
esfuerzo	nm	0.7275	effort
esfumación	nf	0.2732	disappearance
esfumar	v	0.3521	vanish
esfumarse	v	0.9832	disappear | vanish
esfuminar	v	0.1929	stump
esgarrar	v	0.0922	expectorate
esgrafiado	nm	0.1845	sgraffito
esgrima	nf	0.2361	fencing
esguince	nm	0.2471	sprain | torn ligament
esivo	nm	0.1496	essive
eslabón	nm	0.5383	link
eslabón perdido	nm	0.0998	missing link
eslogan	nm	0.9725	slogan
esloti	nm	0.1562	zloty
eslovaco	adj	0.1093	Slovakian | Slovak
eslovaco	nm	1.2644	Slovak
Eslovaquia	n	0.7881	Slovakia
Eslovenia	n	0.7947	Slovenia
esloveno	nm	1.0139	Slovene | Slovenian
esmachar	v	0.6545	smash
esmaltar	v	0.2590	enamel
esmegma	nm	0.5162	smegma
esmerilar	v	0.1524	emery
esmero	nm	1.0445	care
esmog	nm	0.3141	smog
esmoquin	nm	0.1524	tuxedo
esnifar	v	0.3232	snort
esnifiar	v	0.8046	to | sniff
esnob	adj	0.4013	snob
esnobismo	nm	0.1131	snobbery
eso		2.3459	that
esofagitis	nf	0.1338	esophagitis | oesophagitis | œsophagitis
esófago	nm	0.0482	esophagus | gullet | oesophagus
esópico	adj	0.0499	Aesopian | Aesopic | Aesopical
esotérico	adj	0.2233	esoteric
esoterismo	nm	0.1261	esotericism | esoterism
esotro		0.1980	another
espacial	adj	0.1742	spatial
espaciar	v	0.4587	space | to
espacio	nm	2.4832	space | room
espacio euclídeo	loc	0.0003	euclidean space
espacio exterior	loc	0.4414	outer space | space
espacio metrico	loc	0.1208	metric space
espacioso	adj	0.6697	spacious | capacious
espada	nf	1.4754	sword | spade | swordsman | swordfish | spades
espádice	nm	0.0751	spadix
espadín	nm	0.2097	sprat
espagueti	nm	0.4091	spaghetti
espalda	nf	2.7338	back
espantapájaros	nm	0.7331	scarecrow
espantar	v	0.7488	frighten | scare
espantoso	adj	0.5252	dreadful
España	n	1.6260	Spain
español	nmf	1.3840	Spaniard
español	nm	2.6129	Spanish
español	adj	2.6129	Spanish
españolizar	v	0.1093	Hispanicize
esparadrapo	nm	0.0315	adhesive bandage
esparaván	nm	0.1235	spavin | sparrowhawk
esparcir	v	1.8162	scatter | to
esparcirse	v	1.2103	spread | distract | entertain | scattered | to get
espardeña	nm	0.2186	espadrille
espárrago	nm	0.7525	asparagus
espartano	adj	0.1609	Spartan
esparto	nm	0.3585	esparto
espasmo	nm	0.0008	spasme | spasm
espástico	adj	0.1445	spastic
espata	nf	0.0705	spathe
espátula	nf	0.7253	spatula
especia	nf	0.9392	spice
especialidad	nf	0.3430	specialty | speciality
especialista	adj	0.1865	specialist
especialización	nf	0.1244	specialization
especie	nf	2.5232	kind | species | sort | type
especificación	nf	0.1546	specification
especificar	v	0.3543	specify
específico	adj	0.4268	specific
espécimen	nm	0.6167	specimen | sample
especismo	nm	0.3733	speciesism
espectacular	adj	0.3795	spectacular
espectáculo	nm	1.2964	show
espectral	adj	0.2199	spectral
espectro electromagnético	nm	0.1480	electromagnetic spectrum
espectrómetro de masas	loc	0.0000	mass spectrometer
espectroscopio	nm	0.1208	spectroscope
especulación	nf	0.2443	speculation
especular	v	0.2596	speculate
espejismo	nm	0.5372	mirage
espejo	nm	1.6713	mirror | looking-glass
espeleología	nm	0.1108	speleology
espeleológico	adj	0.0499	speleological
espeluznar	v	0.1992	horrify
espera	nf	0.6130	wait
esperanto	nm	0.8327	Esperanto
esperanza	nf	2.2290	hope | mean
Esperanza	prop	0.1078	Hope
esperanzamiento	nm	0.3125	hope
esperar	v	3.1487	wait | hope | expect | await
espermáfito	adj	0.0352	spermaphytic | spermaphyte
espermatófito	adj	0.0417	spermatophyte | spermatophytic
espermatorrea	nm	0.0000	spermatorrhea
espermatozoide	nm	0.3213	spermatozoon
espesar	v	0.3412	thicken
espeso	adj	1.1370	thick
espesura	nf	0.3777	thickness
espetar	v	1.2617	spit | impale | transfix
espiar	v	1.2444	spy
espícula	nf	0.0854	spikelet
espiga	nf	1.5202	ear | spike
espín	nm	0.4445	spin
espina	nf	1.6472	thorn | fishbone
espinaca	nf	0.4337	spinach
espinazo	nm	0.7601	spine
espinillera	nf	0.1821	shin pad | shinguard
espinillo	nm	0.3794	gorse
espino	nm	0.4814	hawthorn | may
espino albar	loc	0.0008	common hawthorn | hawthorn
espinor	nm	0.0631	spinor
espinosaurio	nm	0.0258	spinosaur
espionaje	nm	0.2537	espionage
espionaje industrial	loc	0.0773	industrial espionage
Espira	prop	0.0902	Speyer
espiráculo	nm	0.1942	spiracle
espíritu	nm	1.4015	spirit
espiritual	adj	0.5004	spiritual
espiritual	nm	0.5004	spiritual
espiroqueta	nf	0.0955	spirochete | spirochaete
espléndido	adj	0.4735	splendid
esplendor	nm	0.5357	splendor
esplenético	adj	0.1244	splenic | splenical
esplénico	adj	0.1244	splenic | splenical
esplenitis	nf	0.0000	splenitis
esplenomegalia	nf	0.0946	splenomegaly
espliego	nm	0.9342	lavender
espóiler	nm	0.6358	spoiler
espolear	v	0.7134	spur
espoleta de proximidad	nm	0.0000	proximity fuze
espolvorear	v	0.7472	dust | sprinkle
espolvorearse	v	0.0002	cover with
espondilosis	nf	0.0407	spondylosis
espongiocele	nm	0.0182	spongocoel
esponja	nf	0.7324	sponge
esponjilla	nf	1.0521	cucumber | sponge
esponjoso	adj	0.2757	spongy
espontaneidad	nf	0.4350	spontaneity
espontáneo	adj	0.5262	spontaneous
espora	nf	0.1699	spore
esporádicamente	adv	0.0977	sporadically
esporádico	adj	0.6357	sporadic
esporóforo	n	0.0182	sporophore
esposa	nf	2.5331	wife | handcuffs
esposas	nf	0.4398	handcuffs | cuffs
esposo	nm	2.7100	husband | spouse | mate
esprea	nm	0.0005	spray nozzle
espuela	nf	0.5044	spur
espulgar	v	0.3110	delouse
espulgo	nm	0.0129	delousing
espuma	nf	1.1926	foam | froth
espumadera	nf	0.7747	skimmer
espumar	v	0.5577	foam | skim off
espumoso	adj	0.1584	foamy | frothy
espurio	adj	0.4303	spurious
esputar	v	0.2226	expectorate
esputo	nm	0.9623	spit
esquela	nf	0.4631	obituary | death notice
esquelético	adj	0.1496	skeletal | cadaverous
esqueleto	nm	1.5443	skeleton
esquema	nm	0.6690	scheme | outline
esquemáticamente	adv	0.0515	schematically
esquenún	adj	1.2100	idle | lazy
esquiador	nmf	0.2140	skier
esquiar	v	0.3097	ski
esquicio	nm	0.4132	sketch
esquilar	v	0.7817	care
esquina	nf	1.0301	edge
esquirol	adj	0.0006	strike-breaker
esquisto	nm	0.2527	schist
esquivar	v	1.4560	avoid
esquizofrenia	nf	0.4491	schizophrenia
esquizofrénico	adj	0.1995	schizophrenic
estabilidad	nf	0.5249	stability
estabilizador	adj	0.0000	stabilising
estabilizar	v	0.6333	agree
establecer	v	0.6997	establish
establecimiento	nm	0.6824	establishment
establo	nm	1.4160	stall | barn | cowshed
estaca	nf	0.8870	stake
estación	nf	2.9629	season | station | stop | railway station
estación de policía	loc	0.8251	police station
estación total	loc	0.0694	total station
estacionar	v	1.2244	park
estacionarse	v	0.8543	stay | stop
estadía	nf	0.5015	residence
estadio	nm	0.4903	stadium | arena | venue | stage
estadista	n	0.2556	statesman | stateswoman
estadística	nf	0.3408	statistics
estadístico	adj	0.1434	statistical
estado	nm	2.5567	state | condition
Estado	n	1.9424	state | State
estado civil	loc	0.1785	marital status
Estado de México	loc	0.0000	Mexico State
Estados Unidos	prop	1.5332	United States
Estados Unidos de América	prop	1.7616	United States of America
estafa	nf	1.2171	fraud | con | scam
estafar	v	1.0831	scam
estafermo	nm	0.0515	quintain
estafilococo	nm	0.0773	staphylococcus
estafisagria	nf	0.2922	lice-bane | stavesacre
estalactita	nf	0.1496	stalactite
estalagmita	nf	0.1338	stalagmite
estalinismo	nm	0.3002	Stalinism
estallar	v	1.6680	crack | burst | explode | blow up | erupt
estambre	nm	0.2504	stamen
Estambul	n	0.6634	Istanbul
estampa	nf	1.0182	stamp
estampar	v	0.7599	print
estampilla	nf	0.6797	timbre | postage stamp
estancamiento	nm	0.4521	stagnation
estancar	v	1.1170	hold | corner
estancarse	v	0.1491	stagnate
estancia	nf	1.6881	stay
estándar	nm	0.8405	standard
estandardizar	v	0.0129	standardize
estandarizar	v	1.0785	to | standardise
estandarte	nm	0.8748	banner
estanque	nm	0.7862	pond
estar como agua para chocolate	loc	0.0129	boiling mad
estar de pie	loc	0.8848	stand
estar dentro del armario	loc	0.0003	be in the closet | closeted
estar en chino	loc	0.3647	it's all Greek to me | it's Greek to me
estar en definición	loc	0.0004	be cut | be defined | be ripped
estar en la luna	loc	0.0004	have one's head in the clouds
estar en la Luna	loc	0.0004	have one's head in the clouds
estar pez	loc	0.0005	not have the foggiest idea
estarcido	nm	0.3063	stencil
estarse	v	0.3514	remain | stay
estás en tu casa	loc	0.0998	make yourself at home
estatal	adj	0.4685	government
estatero	nm	0.0576	stater
estatua	nf	0.5629	statue
estatúder	nm	0.1598	stadtholder
estatuir	v	0.3710	agree
estatura	nf	0.3616	stature | height
estatus	nm	0.4030	status
estay	nm	0.9889	stay
este	adj	2.9914	this
esteatosis	nf	0.0996	steatosis
Esteban	prop	0.9956	Stephen | Steven
Estefanía	prop	0.1108	Stephanie
estegosaurio	nm	0.2379	stegosaur | Stegosaurus
estela	nf	0.2231	contrail
Estela	prop	0.0669	Stella
estelar	adj	0.9162	star | stellar
estenosis	nf	0.1608	stenosis
estepa	nf	0.4072	steppe
estepario	adj	0.0729	steppic
estequiometría	nf	0.1546	stoichiometry
Ester	prop	1.2562	Esther
estera	nf	0.1922	mat
estereografía	nf	0.0315	stereography
estereográfico	adj	0.0697	stereographic
estereotipo	nm	0.4449	stereotype
esterigma	nf	0.0000	sterigma
estéril	adj	0.5841	sterile
esterilizar	v	0.5554	sterilise | sterilize
esterlina	adj	0.1879	sterling
esternocleidomastoideo	nm	0.0315	sternocleidomastoid | sternocleidomastoid muscle
esternón	nm	0.1588	breastbone
estero	nm	0.3588	lagoon
estertor	nm	0.1597	groan
esteta	n	0.1709	aesthete | esthete
estéticamente	adv	0.0773	aesthetically | esthetically | æsthetically
estético	adj	0.0182	esthetic
estetoscopio	nm	0.2275	stethoscope
estibar	v	0.9370	bar
estiércol	nm	0.0004	animal manure
estigma	nm	0.5330	stigma
estigmatizar	v	0.5756	brand
estilística	nf	0.1639	stylistics
estilístico	adj	0.0929	stylistic
estilita	nm	0.0762	stylite
estilizar	v	0.3571	edit
estilo	nm	1.5820	style
estima	nf	0.8835	esteem
estimación	nf	0.8443	estimate | estimation
estimado	adj	0.7241	dear
estimar	v	0.9070	estimate
estimulación	nf	0.2799	stimulation
estimulador	adj	0.3167	stimulant
estimulante	adj	0.0007	stimula
estimular	v	0.8669	stimulate
estímulo	nm	0.6140	stimulus | stimulation
estipe	nm	0.2809	stalk
estipendiar	v	0.2870	pay
estipendio	nm	1.6858	pay | grant | remuneration | scholarship | stipend
estipitado	adj	0.0129	stipitate
estípite	nm	0.0470	stipe
estípula	nf	0.0751	stipule
estipular	v	0.1739	stipulate
estiracosaurio	nm	0.0007	styracosaur
estiramiento	nm	0.0746	stretching
estirar	v	0.3167	tighten
estireno	nm	0.0740	styrene
estirón	nm	1.2254	stretch
estirpe	nf	0.3635	jamb | roots
estivación	nf	0.0499	aestivation
estival	adj	0.5418	estival | summery
esto		1.7654	this
estocada	nf	0.4796	thrust
Estocolmo	prop	0.3470	Stockholm
estofar	v	0.6595	braise | steam
estoicamente	adv	0.0561	stoically
estoicismo	nm	0.1598	stoicism
estolidez	nf	0.0258	stolidity
estólido	adj	0.1350	stolid
estolón	n	0.0657	stolon
estoma	nm	0.3518	stoma | stomate
estomacal	adj	0.0561	stomachic | stomacal
estómago	nm	1.9326	stomach
estomatológico	adj	0.0000	stomatological
Estonia	n	1.3195	Estonia
estonio	adj	0.0010	estonian
estonio	nm	1.0731	Estonian
estopa	nf	0.8112	tow | oakum
estoperol	nm	0.4452	wick | tow
estoque	nm	0.2155	rapier
estorbar	v	1.9209	hinder | prevent
estornino	nm	0.3601	common starling | European starling
estornino negro	loc	0.1411	spotless starling
estornudar	v	0.9825	sneeze
estornudo	nm	1.4098	sneeze
estrago	nm	0.7843	ravage | havoc
estragón	nm	0.2264	tarragon | estragon
estrangulación	nf	0.1078	strangulation
estraperlo	nm	0.0002	straperlo
Estrasburgo	prop	0.2361	Strasbourg
estratagema	nf	0.4456	stratagem
estrategia	nf	0.4750	strategy
estratificar	v	0.1187	stratify | stratified
estratigrafía	nf	0.1524	stratigraphy
estrato	nm	0.5961	stratum
estratósfera	nf	0.1480	stratosphere
estratosférico	adj	0.0407	stratospheric
estrechar	v	0.2279	constrict
estrecho	nm	1.4022	sound
estrecho de Gibraltar	loc	0.1831	Strait of Gibraltar
estregar	v	0.9642	rub | scrub
estrella	nf	5.0185	star
estrella binaria	loc	0.2635	binary star
estrella de David	loc	0.5072	Star of David
estrella de mar	loc	0.5248	starfish
estrella variable	loc	0.1159	variable star
estrellar	v	0.2938	crash
estrellarse	v	0.2938	crash
estrellita	nf	0.2636	starlet
estremecer	v	0.3548	harrow | be mortified
estrenarse	v	0.1316	debut
estreno	nm	0.0006	debut performance
estreñimiento	nm	0.4303	constipation
estreñir	v	0.1317	constipate
estrépito	nm	0.6802	commotion
estrés	nm	0.4605	stress
estrés ambiental	loc	0.0002	environmental stress
estrés fiscal	loc	0.0002	fiscal stress
estresante	adj	0.1351	stressful | stressing | stressor
estresar	v	0.5558	stress
estresarse	v	0.3256	stress
estría	nf	0.3128	stretch mark | stria
estriar	v	0.0000	striate
estriarse	v	0.0000	striate
estribar	v	0.7594	prop
estriberón	nm	0.0003	Kulgrinda
estribillo	nm	0.4962	chorus | refrain
estribor	nm	0.3232	starboard
estricnina	nf	0.1262	strychnine
estrictamente	adv	0.1046	strictly
estricto	adj	0.8158	strict | stringent
estridente	adj	0.0993	strident
estridular	v	0.3483	screech | stridulate
estripar	v	0.0003	to crush
estro	nm	1.2090	heat
estróbilo	nm	0.0729	strobile | strobilus
estrógeno	nm	0.6703	estrogen | oestrogen
estromatolito	nm	0.1187	stromatolite | stromatolith
estronciana	nf	0.0223	strontia
estroncio	nm	0.3574	strontium
estropear	v	1.1835	collapse
estropearse	v	2.1057	break
estructura	nf	0.8859	structure
estructuralmente	adv	0.0341	structurally
estruendo	nm	0.8224	roar
estruendoso	adj	0.3637	outrageous | roaring | thundering | thunderous
estrujar	v	1.0539	wrinkle
estucar	v	0.5060	plaster | parge | stucco
estuche	nm	1.2965	case | kit
estuco	nm	0.3446	stucco
estudiante	adj	3.1910	student | scholar | undergraduate | academic
estudiar	v	2.3218	study
estudio	nm	1.1216	study
estudioso	adj	0.3148	studious
estufa	nf	0.4056	stove
estulto	adj	0.3227	absurd
estupefaciente	adj	0.5143	narcotic
estupefacto	adj	0.2166	stupefied | thunderstruck
estupendo	adj	0.7687	amazing
estúpidamente	adv	0.1342	stupidly
estupidez	nf	0.9888	stupidity
estúpido	adj	2.1483	stupid
estupro	nm	0.1363	statutory rape
esturión	nm	0.1649	sturgeon
Esuatini	n	0.4654	Eswatini
esvástica	nf	1.2565	swastika | gammadion | fylfot
etano	nm	0.1480	ethane
etanol	nm	0.2790	ethanol
etapa	nf	1.1657	stage
etcétera	adv	0.2153	et cetera | and so on
éter	nm	0.0258	aether
etéreo	adj	0.9905	ethereal | etherial
eternamente	adv	0.3805	eternally
eternidad	nf	1.0266	eternity
eterno	adj	0.9434	eternal | everlasting
ethos	nm	0.1129	ethos
ética	nf	0.7380	ethics
éticamente	adv	0.0482	ethically
ético	adj	0.2051	ethical
etilenglicol	nm	0.0288	ethylene glycol
etílico	adj	0.0129	ethylic
étimo	nm	0.2503	etymon
etimología	nf	0.8278	etymology
etimológico	adj	0.0000	etymologic | etymological
etimologizar	v	0.1363	etymologize
etiolación	nf	0.0446	etiolation
etiología	nf	0.1928	aetiology
etiológico	adj	0.0258	aetiologic | aetiological | etiologic | etiological
etíope	adj	0.8340	Ethiopian
Etiopía	prop	1.0722	Ethiopia
etiqueta	nf	0.4768	label | etiquette
etmoides	nm	0.1152	ethmoid
etnia	nf	0.1703	ethnic group
etnicidad	nf	0.3569	ethnicity
etnicismo	nm	0.0129	ethnicism
étnico	adj	0.2042	ethnic
etnocéntrico	adj	0.0751	ethnocentric
etnocentrismo	nm	0.2020	ethnocentrism
etnografía	nf	0.2592	ethnography
etnográficamente	adv	0.0000	ethnographically
etnográfico	adj	0.1208	ethnographic
etología	nf	0.3654	ethology
etológico	adj	0.0546	ethological | ethologic
etólogo	nm	0.0815	ethologist
Etruria	prop	0.0604	Etruria
eucalipto	nm	0.4541	eucalyptus | gum tree | eucalypt
eucaristía	nf	0.3005	Eucharist
eucarístico	adj	0.0223	eucharistical
eucatástrofe	nf	0.0573	eucatastrophe
eufemismo	nm	1.1586	euphemism
eufemístico	adj	0.0798	euphemistic
eufonía	nf	0.1781	euphony
eufónico	adj	0.1346	euphonious
euforia	nf	0.2239	euphoria
eufóricamente	adv	0.0315	euphorically | euphoriquement
eugenesia	nf	0.6414	eugenics
Eugenia	prop	0.2260	Eugene
Eugenio	prop	0.2416	Eugene
eunuco	nm	0.9515	eunuch
eupátrida	adj	0.0008	eupatrid
euprosexia	nf	0.0002	normal attention
Eurasia	n	0.2081	Eurasia
eureka	interj	0.4569	eureka
euritermo	adj	0.0000	eurithermic
euro	nm	0.6661	euro
euronacionalismo	nm	0.0009	Euronationalism
Europa	prop	1.0192	Europe | Europa
europio	nm	0.5145	europium
Euskadi	prop	0.2545	Basque Country
Euskal Herria	prop	0.2982	Basque Country
euskaltegi	nm	0.0000	euskaltegi
euskera	nm	1.3802	Basque
eutanasia	nf	0.7981	euthanasia
eutéctico	adj	0.1411	eutectic
eutrófico	adj	0.0427	eutrophic
Eva	prop	0.7253	Eve | Eva
evacuación	nf	0.1893	evacuation
evacuar	v	0.6902	evacuate
evadir	v	0.8803	avoid | evade | shirk
evadirse	v	1.2844	escape
evaginación	nf	0.0000	evagination
evaluación	nf	0.5656	evaluation
evaluar	v	0.8437	evaluate | assess
evanescencia	nf	0.0963	evanescence
evanescente	adj	0.1727	evanescent
evangelio	nm	0.5902	gospel
evangelización	nf	0.0446	evangelization
evangelizador	adj	0.0000	evangelizer | evangelizing
evangelizar	v	0.0000	evangelise
evaporación	nf	0.2702	evaporation
evaporar	v	0.3984	vanish
evaporarse	v	0.3984	vanish
evapotranspiración	nf	0.0386	evapotranspiration
evapotranspiración potencial	loc	0.0002	potential evotranspiration
Evaristo	prop	0.0003	Evaristus
evasión	nf	0.2351	evasion
evento	nm	1.0816	event
eventualmente	adv	0.4346	contingent
Everest	prop	0.0000	Everest
evidencia	nf	0.6359	evidence | obviousness
evidente	adj	0.7051	evident
evidentemente	adv	0.3543	evidently
evitar	v	0.8154	avoid
evocable	adj	0.0000	evocable
evocación	nf	0.1038	evocation
evocador	adj	0.1795	evocative
evocar	v	0.5340	call up | invoke | evoke
evocativo	adj	0.1487	evocative
evolución	nf	0.4456	evolution
evolucionar	v	0.2431	evolve
exaamperio	nm	0.0003	exaampere
exacandela	nf	0.0003	exacandela
exacción	nf	0.1328	exaction
exacerbar	v	0.3232	exacerbate | worsen
exactamente	adv	0.5374	exactly
exactitud	nf	0.2347	accuracy | exactness
exafaradio	nm	0.0003	exafarad
exageración	nf	0.6164	exaggeration
exageradamente	adv	0.0810	exaggeratedly
exagerado	adj	0.4815	exaggerated
exagerador	adj	0.0515	exaggerator
exagerar	v	0.7750	exaggerate | overstate
exagerativamente	adv	0.0000	exaggeratively
exagerativo	adj	0.0546	exaggerative
exagramo	nm	0.0000	exagram | exagramme
exahercio	nm	0.0000	exahertz
exajulio	nm	0.0258	exajoule
exakelvin	nm	0.0003	exakelvin
exalitro	nm	0.0000	exalitre | exaliter
exaltado	adj	0.0446	exalted
examen	nm	0.0000	exam | examination
exámetro	nm	0.0000	exameter
examinador	nmf	0.1917	examiner
examinar	v	1.0382	examine
exanewton	nm	0.0000	exanewton
exaohmio	nm	0.0003	exaohm
exasegundo	nm	0.0000	exasecond
exasperar	v	0.2827	exasperate
exavatio	nm	0.0003	exawatt
exavoltio	nm	0.0003	exavolt
excandecer	v	0.0993	irk
excavación	nf	0.5993	excavation
excavar	v	1.0438	excavate | dig
exceder	v	1.1373	exceed | surpass
excelencia	nf	0.2591	excellence
excéntrico	adj	0.8018	eccentric | excentric
excepción	nf	0.6585	exception
excepcional	adj	0.5424	exceptional
excesivamente	adv	0.4506	excessively
excitación	nf	0.4382	excitation
excitar	v	0.8717	agitate
excitón	nm	0.0669	exciton
exclamación	nf	0.5658	exclamation | exclamation mark
exclamar	v	0.3703	exclaim
exclamativo	adj	0.0773	exclamatory | exclamative
exclamatorio	adj	0.0773	exclamatory | exclamative
exclusión	nf	0.2628	exclusion
exclusivamente	adv	0.0899	exclusively
exclusivo	adj	0.3399	exclusive
excomulgar	v	0.3855	excommunicate
excomunión	nf	0.2869	excommunication
excoriar	v	0.3786	skin
excrecencia	nf	0.1070	excrescence
excreción	nf	0.1857	excretion
excremento	nm	1.1806	excrement | poop | shit | stool
exculpar	v	0.1724	exculpate
excursión	nf	0.4248	excursion
excurso	nm	0.0498	excursus
excusa	nf	1.1795	excuse
execrable	adj	0.2829	execrable
execración	nf	0.1809	execration
exegesis	nf	0.2253	exegesis
exégesis	nf	0.4312	exegesis
exegeta	nm	0.3456	exegete | exegetist
exégeta	nm	0.4371	exegete | exegetist
exegético	adj	0.0920	exegetic | exegetical | explanatory
exención	nf	0.5874	exemption
exéresis	nf	0.0000	exeresis
exfoliación	nf	0.0773	exfoliation
exfoliante	adj	0.0515	exfoliant
exfoliar	v	0.1887	cleave
exhalación	nf	0.3416	exhalation
exhalar	v	0.5891	exhale
exhausto	adj	0.6536	exhausted
exhibición	nf	0.6932	exhibition
exhibicionismo	nm	0.2384	exhibitionism
exhibicionista	n	0.3586	exhibitionist
exhibir	v	2.2850	show | exhibit
exhibirse	v	0.3142	show off
exhortar	v	0.4600	exhort
exhorto	nm	0.1071	exhortation
exhumación	nf	0.1634	exhumation
exhumar	v	0.4042	exhume
exigencia	nf	0.2404	exigency | demand
exigente	adj	0.4804	demanding | exacting
exigir	v	0.6033	require
exiguo	adj	0.3978	exiguous | scanty | scarce
exiliar	v	0.9402	exile
exiliarse	v	0.5760	exile
exilio	nm	1.5736	exile
eximir	v	0.4372	exempt
eximirse	v	0.1575	defecate
existencia	nf	0.6919	existence
existencial	adj	0.3739	existential
existencialismo	nm	0.2677	existentialism
existencias	nf	0.4248	stock
existir	v	0.8179	exist
éxito	nm	0.8738	success | achievement
éxodo	nm	0.1752	exodus
exoespacio	nm	1.0913	outer space
exoneración	nf	0.2424	exoneration
exonerar	v	0.7755	exonerate
exoplaneta	nm	0.3119	exoplanet | extrasolar planet
exorable	adj	0.0000	exorable
exorcismo	nm	0.1738	exorcism
exorcista	nmf	0.2356	exorcist
exorcizar	v	0.4515	ban
exordio	nm	0.4255	exordium
expandir	v	0.6500	expand
expandirse	v	0.2298	expand
expansión	nf	0.5834	expansion
expansor	n	0.0182	expander
expatriar	v	0.2740	expatriate
expatriarse	v	0.2740	expatriate
expectación	nf	0.3801	expectation
expectante	adj	0.1395	expectant
expectativa	nf	0.3747	expectation
expedir	v	1.3730	send
experiencia	nf	1.4563	experience
experimentar	v	0.6215	experience
experimento	nm	0.4076	experiment
experto	adj	1.3406	expert
expiación	nf	0.3805	atonement | expiation
expiar	v	0.1603	atone
expiatorio	adj	0.0604	expiatory
expiración	nf	0.5560	end of a term | departure
expirar	v	0.5085	expire
explicación	nf	0.9748	explanation
explicar	v	2.4776	explain | elucidate | expound | explicate | clarify | construe
explicarse	v	0.2932	comprehend
explícitamente	adv	0.1007	explicitly
explícito	adj	0.5638	explicit
exploración	nf	0.4494	investigation
explorar	v	0.5595	explore
explosivo	adj	0.0000	explosible
explotación	nf	0.3368	exploitation
explotar	v	0.5210	explode
expolio	nm	0.5324	spoil
exponente	nm	0.2043	exponent
exponer	v	1.2477	expose | explicar | risk
exponerse	v	0.5881	expose
exportación	nf	0.6554	exportation | export
exportar	v	0.4885	export
exposición	nf	0.8032	exposure | exposition
expósito	adj	0.2563	foundling
expresable	adj	0.3085	expressible | expressable
expresar	v	1.1194	express
expresión	nf	1.3511	expression
expresionismo	nm	0.5354	expressionism
expresivo	adj	0.4256	expressive
exprimir	v	0.0000	press out
expugnar	v	0.0815	take by storm
expulsión	nf	0.4154	expulsion
exquisitamente	adv	0.0315	exquisitely
exquisito	adj	0.5611	excellent
éxtasis	nm	0.3645	ecstasy
extático	adj	0.1713	ecstatic
extender	v	0.7763	extend | enlarge
extenuación	nf	0.0564	extenuation
exterior	adj	0.3149	exterior
exteriormente	adv	0.1799	outwardly
exterminador	nf	0.0464	exterminator
exterminar	v	0.9214	destroy
extimidad	nf	0.0000	extimacy
extinción	nf	0.4583	extinction
extinguir	v	0.7537	extinguish
extintor	nm	0.5266	fire extinguisher
extirpar	v	0.6663	extirpate
extorsión	nf	0.4066	extortion
extra	adj	0.3526	additional
extracción	nf	0.3359	extraction
extracto	nm	0.0943	bank statement
extraer	v	0.5277	extract
extramental	adj	0.0000	extramental
extramentalidad	nf	0.0003	extramentality
extranjerismo	nm	0.0446	foreignism
extranjero	adj	3.5201	foreign | stranger
extrañar	v	0.5419	banish
extrañero	adj	0.3309	stranger
extrañeza	nf	0.3542	amazement | separation | admiration
extraño	adj	1.6268	stranger | foreigner
extraoficial	adj	0.1760	unofficial
extraordinariamente	adv	0.1338	extraordinarily
extraordinario	adj	1.5088	extraordinary
extrapolar	v	0.1338	extrapolate
extrapolítico	adj	0.0000	extrapolitical
extrasensorial	adj	0.0631	extrasensory
extrasensorio	adj	0.0631	extrasensory
extraterrestre	adj	1.3159	extraterrestrial | alien
extravagancia	nf	0.4395	extravagance
extravagante	adj	0.5826	extravagant
extravagantemente	adv	0.0258	extravagantly
extravagar	v	0.2906	rave | jabber
extravertido	adj	0.4008	extroverted | extrovert
extraviar	v	0.2328	astray
Extrema Unción	loc	0.0417	last rites
extremadamente	adv	0.4571	extremely
extremidad	nf	0.6362	extremity | limb
extremismo	nm	0.2639	extremism
extremista	adj	0.5028	extremist
Extremo Oriente	loc	0.6857	Far East
extrínseco	adj	0.1362	extrinsic
extrovertido	adj	0.3045	extroverted | extrovert
extruir	v	0.1212	extrude
exuberancia	nf	0.5892	enthusiasm
exuberantemente	adv	0.0223	exuberantly | lushly
exultante	adj	0.2092	elated
exultar	v	0.0946	exult
exvoto	nm	0.0315	ex-voto
eyaculación	nf	0.3091	ejaculation
eyacular	v	0.4321	ejaculate
eyección	nf	0.2045	ejection
eyectable	adj	0.0129	ejectable
Ezequiel	nm	1.1838	Ezekiel
fabácea	nf	0.0000	bean-like
Fabián	prop	0.1405	Fabian
Fabio	prop	0.1405	Fabian
Fabiola	prop	0.0004	Fabiola
fábrica	nf	0.7955	factory | plant
fabricación	nf	1.6730	make
fabricante	nm	0.3804	producer
fabricar	v	0.8967	manufacture | construct | fabricate
fabril	adj	0.5877	factory
fábula	nf	0.4995	fable
fabuloso	adj	0.8474	fabulous
facción	nf	0.4232	faction
faccioso	adj	0.1342	factious
faceruelo	nm	2.6063	pillow
faceta	nf	0.6247	facet
facha	adj	1.8511	look | fash
fachada	nf	0.3253	facade | façade
fachar	v	0.2253	flaunt | show off
fachenda	nf	0.2002	boasting | vanity
fachendear	v	0.3552	show
fachendoso	adj	0.3806	presumptuous
facies	nf	0.0000	facies
fácil	adj	1.3665	εύκολος | easy likely | easy
facilidad	nf	0.7227	facility | ease
facilísimo	adj	0.0004	very easy
facilitar	v	0.7327	enable | facilitate
fácilmente	adv	0.4088	easily
facoemulsificación	nf	0.0000	phacoemulsification
facoquero	nm	0.1363	warthog
factible	adj	0.2378	doable | feasible
factoraje	nm	0.1070	factoring
factorial	nf	0.6649	factorial
factorizar	v	0.1669	factorize
factótum	nmf	0.1142	factotum
factura	nf	3.2142	invoice | pastry | make
facturación	nf	0.0315	invoicing
facturar	v	0.1824	check in
facultad	nf	0.5870	faculty
facultativo	nmf	1.1686	physician
fado	nm	0.1347	fado
faena	nf	1.3375	faena | trick | task
faetón	nm	0.0000	phaeton
fagot	nm	0.4056	bassoon
faisán	nm	0.6606	pheasant
faisanera	nf	0.1609	pheasantry
faja	nf	0.5193	fess | sash | girdle
falacia	nf	0.1566	deceitfulness
falange	nf	0.3748	phalanx
falansterio	nm	0.0000	phalanstery
falaz	adj	0.4057	fallacious
falda	nf	2.0775	skirt | flank steak | navel | forequarter flank steak
falencia	nf	0.4266	blunder | bankruptcy
falible	adj	0.1487	fallible
fálico	adj	0.1272	phallic
fallido	adj	0.0955	unsuccessful
fallo	nm	1.0216	ruling | judgment | court decision
falo	nm	0.3167	phallus | penis
falocentrismo	nm	0.1093	phallocentrism
falopa	nf	0.7489	dope
falsedad	nf	0.5047	falsity | falsehood
falsificación	nf	0.7579	fake | forgery
falsificar	v	0.9417	falsify | counterfeit | fake | forge | adulterate
falso	adj	2.8087	wrong
falso amigo	loc	0.4110	false friend
falso plátano	loc	0.9002	sycamore | Scottish maple | great maple
falta	nf	2.3351	want | error
faltante	nm	0.1546	missing
faltante	adj	0.2993	absent
faltar	v	1.9292	miss
faltriquera	nf	1.0441	pocket
fama	nf	1.4913	fame
famélico	adj	0.3254	famished | starving
familia	nf	3.9550	family
familia nuclear	loc	0.0669	nuclear family
familiarmente	adv	0.0682	familiarly
famoso	adj	1.6316	famous | distinguished | reknowned
fámula	nf	0.1903	charwoman
fanático	adj	0.6916	fanatic
fanatismo	nm	0.2907	fanaticism
fanboy	nm	0.0556	fanboy
fandango	nm	0.2478	fandango
fanerita	nf	0.0000	phanerite
fanerítico	adj	0.0000	phaneritic
fanerófito	adj	0.0407	phanerophyte
fanerógamo	adj	0.3071	phanerogam | phanerogamic | phanerogamous
fanfarronería	nf	0.7313	boast | swagger
fango	nm	2.4683	mud
fangoso	adj	0.4366	muddy
fantasear	v	0.1524	fantasize
fantasma	nm	4.5515	ghost | phantom
fantasmón	adj	0.0609	blusterer
fantoche	nm	0.6041	marionette | puppet
fanzine	nm	0.0813	fanzine
faradio	nm	0.0964	farad
farallón	nm	0.3324	sea stack
farándula	nf	0.0000	show business
faraón	nm	0.2657	pharaoh
fardo	nm	0.5130	bale
Fares	prop	0.0315	Perez
farfolla	nf	0.5872	husk | corn
farfullar	v	0.3059	bungle
faringe	nf	0.3743	pharynx
farisaico	adj	0.1334	self-righteous | pharisaic
fariseo	nm	0.0005	pharisee
farmacéutico	nm	1.2783	pharmacist | apothecary
farmacéutico	adj	0.0986	pharmaceutic | pharmaceutical
farmacia	nf	1.1540	pharmacy | drugstore
fármaco	nm	0.6230	drug
farmacofobia	nf	0.0000	pharmacophobia
farmacología	nf	0.2702	pharmacology
farmacológicamente	adv	0.0515	pharmacologically
farmacológico	adj	0.0182	pharmacologic | pharmacological
faro	nm	1.3535	lighthouse | beacon
farol	nm	0.7564	lantern
farola	nf	0.4150	lamppost
farra	nf	0.5320	carouse
fárrago	nm	0.0864	farrago
farrear	v	0.6831	party | waste
farrero	adj	0.1967	reveller | party animal
farrista	adj	0.1967	reveller | party animal
farsálico	adj	0.0002	Farsalan
fasces	nm	0.1115	fasces
fascinante	adj	0.4672	fascinating
fascinar	v	0.6701	fascinate
fascismo	nm	1.3853	fascism
fascistoide	adj	0.0631	fascistoid
fase continua	loc	0.0000	continuous phase
fastidiar	v	0.8506	pester
fastidio	nm	0.5452	annoyance | irritation
fastuoso	adj	0.5138	lavish | sumptuous
fatalismo	nm	0.6055	fatalism | defeatism
fatalista	adj	0.2334	fatalist
fatalmente	adv	0.0129	fatally
fatídico	adj	0.0933	fatidic | fatidical
fatigar	v	0.7347	tire
fatigarse	v	0.0006	get tired
fatua	nf	0.4575	fatwa
fatuidad	nf	0.4381	conceit | fatuousness
fatuo	adj	0.9284	imaginary | arrogantly | crazy
fauna	nf	0.1746	fauna
fáunico	adj	0.0000	faunal
faunístico	adj	0.0000	faunal
fauno	nm	0.0644	faun
fausto	adj	0.3450	auspicious
favela	nf	0.0000	shanty town
favonio	nm	0.3359	zephyr
favor	nm	1.2161	favor | favour
favorable	adj	0.1890	favorable
favorablemente	adv	0.0258	favourably
favorecer	v	0.0000	favour
favorito	nm	0.0773	favorite
fax	nm	0.3349	fax
faz	nf	2.2298	face
fe	nf	1.7114	faith
fe de errata	loc	0.0182	erratum
fealdad	nf	0.1669	ugliness
febrero	nm	1.3622	February
febrícula	nf	0.2008	fever
febrífugo	adj	0.0440	febrifuge
febril	adj	0.2821	feverish | hectic
febrilmente	adv	0.0593	feverishly
fecal	adj	0.1722	fecal
fecha	nf	0.9407	date
fecha juliana	loc	0.0258	Julian day
fechar	v	0.5431	date
fécula	nf	0.5805	starch
fecundación	nf	0.0523	fecundation
fecundación in vitro	loc	0.1281	in vitro fertilization | in vitro fertilisation
fecundar	v	0.1621	fecundate
fecundo	adj	0.3675	fecund
fedayín	nm	0.0000	fedayee
federación	nf	0.6833	federation
federar	v	0.1031	federate
federico	adj	0.1137	chopped
Federico	prop	0.2140	Frederick | Frederic
feérico	adj	0.3161	fairy
felación	nf	0.6692	fellatio
feldespato	nm	0.2286	feldspar | feldspath
felicidad	nf	1.5859	happiness | joy
felicitación	nf	0.5141	congratulation
felicitar	v	0.4747	congratulate
félido	adj	0.1994	felid
feligrés	nmf	0.1438	parishioner
Felipe	prop	0.6072	Philip
Félix	prop	0.2275	Felix
feliz	adj	4.3964	happy | joyous
feliz año nuevo	loc	0.7641	happy New Year
feliz Navidad	interj	0.6325	merry Christmas
felizmente	adv	0.0978	blessedly | blissfully
felpa	nf	0.6056	plush | drubbing | dressing-down
félsico	adj	0.0315	felsic
femenino	adj	0.9367	female | feminine
fementido	adj	0.5523	perfidious
fémina	nf	1.1184	female
feminacionalismo	nm	0.1222	feminationalism
feminazi	n	0.1770	feminazi
feminazismo	nm	0.0604	feminazism
femineidad	nf	0.0258	femineity
feminidad	nf	0.3662	femininity | feminity
feminismo	nm	0.3358	feminism
feminismo cristiano	loc	0.0004	Christian feminism
feminismo gitano	loc	0.0004	gypsy feminism
feminismo islámico	loc	0.0004	Islamic feminism
feminismo lésbico	loc	0.0004	lesbian feminism
feminismo masculino	loc	0.0004	male feminism
feminismo negro	loc	0.0004	black feminism
feminismo radical	loc	0.0669	radical feminism
femonacionalismo	nm	0.1222	femonationalism
femtoamperio	nm	0.0000	femtoampere
femtocandela	nf	0.0000	femtocandela
femtofaradio	nm	0.0000	femtofarad
femtogramo	nm	0.0315	femtogram
femtohercio	nm	0.0003	femtohertz
femtojulio	nm	0.0000	femtojoule
femtokelvin	nm	0.0003	femtokelvin
femtolitro	nm	0.0000	femtolitre
femtómetro	nm	0.0657	femtometre
femtonewton	nm	0.0003	femtonewton
femtoohmio	nm	0.0003	femtoohm
femtosegundo	nm	0.0773	femtosecond
femtovatio	nm	0.0003	femtowatt
femtovoltio	nm	0.0003	femtovolt
fémur	nm	0.1058	femur
fenecer	v	2.1007	close | end | be gathered to one's fathers
fenicio	adj	0.1338	Phoenician
fenilalanina	nf	0.0815	phenylalanine
fénix	nm	0.4364	phoenix
Fénix	prop	0.0005	Firebird | Phoenix
fenol	nm	0.1893	phenol
fenológico	adj	0.0546	phenological
fenómeno	nm	0.0004	natural phenomenon
fenomenología	nf	0.1180	phenomenology
fenomenológico	adj	0.0631	phenomenological
fenotípico	adj	0.0664	phenotypic
feo	adj	1.1066	ugly
feral	adj	0.0006	féral
feria	nf	0.3573	trade fair | mess
Feria de Abril	loc	0.0003	Seville Fair | April Fair
ferino	adj	0.3228	feral
fermentación	nf	0.1513	fermentation
fermio	nm	0.5131	fermium
fermión	nm	0.1281	fermion
fermiónico	adj	0.0446	fermionic
Fernando	prop	0.5758	Ferdinand
ferocidad	nf	0.1885	ferocity
feroés	nm	0.8144	Faroese
feroz	adj	0.6140	ferocious
ferozmente	adv	0.0773	ferociously | fiercely
férreo	adj	1.1260	iron
ferretería	nf	0.2503	hardware store
ferri	nm	0.5195	ferry
férrico	adj	0.0784	ferric
ferritina	nf	0.0482	ferritin
ferroaleación	nf	0.0223	ferroalloy
ferrocarril	nm	2.3085	railway | railroad
ferrocarrilero	adj	0.6234	railway | railwayman
ferroso	adj	0.2408	ferrous
ferrotipo	nm	0.0315	ferrotype | tintype
ferroviario	nmf	0.0010	railroad worker
ferruginoso	adj	0.0835	ferruginous
fértil	adj	0.6663	fertile
fertilidad	nf	0.2916	fertility
fertilización	nf	0.1084	fertilization
fertilizante	nm	0.2464	fertilizer
fertilizar	v	0.2042	fertilize | fertilise
fertirrigación	nf	0.0000	fertigation | fertirrigation
férula	nf	0.1505	splint
fervoroso	adj	0.3508	fervent
festejar	v	1.0328	party | celebrate
festín	nm	0.6889	feast
festivamente	adv	0.0631	festively
festividad	nf	0.3998	festivity
festivo	adj	0.3177	festive
fetichismo	nm	0.2375	fetishism
fetidez	nf	0.4898	stench
fétido	adj	0.5271	fetid
feto	nm	0.1563	fetus
feudalismo	nm	0.1411	feudalism
fez	nm	0.4755	fez
fi	n	0.3756	phi
fianza	nf	1.3289	security | deposit | bail | surety
fiasco	nm	0.4350	fiasco
fibra	nf	0.3263	dietary fibre
fibra óptica	loc	0.0000	optical fiber | optical fibre
fibrilación	nf	0.2186	fibrillation
fibrilla	nf	0.0576	fibril
fibriloso	adj	0.0182	fibrillose
fibrinógeno	nm	0.0631	fibrinogen
fibroma	nm	0.0729	fibroma
fibromalgia	nf	0.0835	fibromyalgia
fibromialgia	nf	0.1524	fibromyalgia
ficción	nf	0.6954	fiction
ficcional	adj	0.1468	fictional
ficcionar	v	0.0000	fictionalize
ficha técnica	loc	0.0911	fact sheet
ficología	nf	0.2228	phycology
ficticio	adj	0.3970	fictitious
fidedigno	adj	0.3890	trustworthy | reliable
fideísmo	nm	0.0835	fideism
fidelidad	nf	0.3823	fidelity | faithfulness
fideo	nm	0.6341	noodle
fiebre	nf	2.3454	fever
fiel	adj	0.5299	accurate | believing
fieltro	nm	0.4135	felt
fiera	nf	0.3995	beast
fiesta	nf	2.1806	party | feast
figura	nf	2.1642	figure | shape | face
figura retórica	loc	0.3364	figure of speech
figurita	nf	0.3817	sticker
fijar	v	0.6664	fix
filacteria	nf	0.7217	phylactery | tefillin
filantropía	nf	0.2247	philanthropy
filantrópicamente	adv	0.0729	philanthropically
filantrópico	adj	0.1424	philanthropic
filántropo	nm	0.3103	philanthropist
filástica	nf	0.0005	rope-yarn
filatelia	nf	0.1049	philately
filatélico	adj	0.1221	philatelic
filatelista	n	0.2324	philatelist
filaucía	nf	0.0004	philauthia
Filemón	prop	0.8920	Philemon
filetear	v	0.2978	excoriate
filético	adj	0.0129	phyletic
filiación	nf	0.1219	parentage | filiation | personal details
filial	adj	0.3252	filial
filial	nf	0.4410	subsidiary
filialmente	adv	0.0000	filially
filibustero	nm	0.3099	filibuster
filiforme	adj	0.0446	filiform | threadlike
Filipenses	nmf	0.6125	Philippians
Filipinas	prop	1.2249	Philippines
filipino	adj	0.5462	Filipino
filisteo	adj	0.3186	philistine | Philistine
filmación fotograma a fotograma	loc	0.0000	stop motion
filmar	v	0.0005	shootfilm | film
fílmico	adj	0.3272	film
filo	nm	0.5724	phylum | edge hunger fold
filofobia	nf	0.0000	philophobia
filogenético	adj	0.0000	phylogenetic
filogenia	nf	0.1363	phylogenetics
filología	nf	0.8272	philology
filológicamente	adv	0.0657	philologically
filológico	adj	0.0315	philologic | philological
filón	nm	0.4285	seam
filoso	adj	1.4868	sharp
filosofía	nf	0.6594	philosophy
filosófico	adj	0.5067	philosophical | philosophic
filoxenia	nf	0.1786	xenophilia | philoxeny
filoxérico	adj	0.0000	phylloxeric
fimosis	nf	0.0892	phimosis
fin	nm	2.2578	end
fin de semana	loc	0.8762	weekend
finado	adj	0.8984	late
final	nm	1.7649	end | ending | finale
final	nf	0.3712	finals
finalidad	nf	1.2413	purpose
finamente	adv	0.0341	finely
financiación	nf	0.0826	backing
financiar	v	0.4557	finance
financiero	adj	0.2837	financial | financier
finanzas	nf	0.0182	finances
finca	nf	0.7297	estate
finde	nm	0.5736	weekend
finés	nm	1.2525	Finnish
finés	adj	0.8178	Finn
fingir	v	1.8938	feign | pretend
finial	nm	0.0998	finial
finito	adj	0.4549	finite
finlandés	adj	0.4371	Finn
Finlandia	n	1.3901	Finland
fiofío	nm	0.0005	white-crested elaenia
fiolo	nm	1.2219	pimp
fiordo	nm	0.4608	fjord | fiord
firma	nf	1.7465	signature
firmamento	nm	0.1669	firmament
firmar	v	1.3605	sign
firme	adj	1.2628	hard
firmeza	nf	0.0546	decidedness
fiscal	nmf	0.8281	prosecutor
fiscal	adj	0.4720	fiscal
fisco	nm	0.0631	exchequer | treasury
fisgón	adj	0.0773	browser
física	nf	0.7434	physics
físicamente	adv	0.2082	physically
físico	nmf	0.6756	physicist
físico	nm	0.3091	physique
fisicoculturismo	nm	0.2886	bodybuilding
fisiográfico	adj	0.0000	physiographic
fisiología	nf	0.2601	physiology
fisiológico	adj	0.1275	physiological
fisión	nf	0.4320	fission
fisioterapia	nf	0.2260	physiotherapy
fisonomía	nf	0.2360	physiognomy
fistear	v	0.4313	fist
fistular	adj	0.0000	fistular
fistuloso	adj	0.0000	fistulose
fitocromo	nm	0.0000	phytochrome
fitografía	nf	0.0000	phytography
fitolito	nm	0.0364	phytolith
fitopatología	nf	0.0561	phytopathology
fitoplancton	nm	0.0929	phytoplankton
fitosanitario	adj	0.0446	phytosanitary
fitotomía	nf	0.0315	phytotomy
fitozoogeográfico	adj	0.0002	phytozoogeographic
Fiyi	n	0.8653	Fiji
fiyiano	adj	0.1274	Fijian
flácido	adj	0.5318	flaccid | flabby | floppy
flaco	adj	2.6840	thin
flacuchento	adj	0.3290	skinny
flacucho	adj	0.1645	skinny
flacura	nf	0.2146	thinness
flagelación	nf	0.0258	flagellation
flagelar	v	0.1812	flagellate
flagelo	nm	1.2784	whip | scourge
flagrante	adj	0.1645	flagrant
flama	nf	0.4827	flame
flambear	v	1.0046	flambé | flame
flamenco	nm	0.6554	flamingo
flan	nm	0.2677	flan | crème caramel
flanco	nm	0.3663	flank
Flandes	prop	1.1975	Flanders
flap	nm	0.4425	flap
flaquear	v	0.6883	falter | flounder
flashing	nm	0.0427	flashing
flato	nm	0.4581	burp
flatulencia	nf	0.4379	flatulence
flauta	nf	1.1249	flute
flautín	nm	0.0182	octave flute
flavedo	nm	0.0129	flavedo
flebitis	nf	0.2518	phlebitis
flecha	nf	2.3404	arrow
flechadura	nf	0.0499	ratline
flechaste	nm	0.1728	ratline
fleje	nm	0.1388	strapping
flema	nf	0.4448	phlegm
flemático	adj	0.4178	phlegmatic
Flensburgo	prop	0.0364	Flensburg
flequillo	nm	1.4170	fringe | bangs
Flesinga	prop	0.0258	Flushing
fletán	nm	0.2157	halibut
fletán negro	loc	0.0008	black halibut | blue halibut | greenland halibut | greenland turbot | lesser halibut | newfoundland turbot
fletar	v	0.4170	charter
flexiblemente	adv	0.0129	flexibly
flexión	nf	0.9638	inflection | flexion
flexionar	v	0.1546	inflect
flexivo	adj	0.0311	flectional | inflectional
flipar	v	0.7807	crazy
flirtear	v	0.7735	flirt | fool around
flocoso	adj	0.0182	floccose
floema	nm	0.1524	phloem
flogosis	nf	0.0446	phlogosis
flojear	v	0.7097	tire
flojera	nf	0.5555	laziness
flojo	adj	1.9497	loose
flor	nf	1.2318	bloom | blossom | flower
flor de Jamaica	loc	0.1893	roselle
flor de lis	loc	0.2848	fleur-de-lis
flor del tren	loc	0.0007	Californian poppy
flora	nf	0.2217	flora
flora intestinal	loc	0.0003	gut flora
floral	adj	0.1771	floral
florar	v	0.6661	flower
florecedor	adj	0.1313	blooming
florecer	v	1.1092	flourish | prosper | bloom | blossom | flower
florecerse	v	0.0004	get mouldy
Florencia	n	0.4103	Florence
florería	nf	0.0004	flower shop
florero	nm	0.3320	vase
Florián	prop	0.0000	Florian
Floriano	prop	0.0000	Florian
Florida	n	0.1206	Florida
floridano	adj	0.0482	Floridian
florífero	adj	0.0498	floriferous
florígero	adj	0.0498	floriferous
florín	nm	0.1350	florin
florista	n	0.2800	florist
floristería	nf	0.0004	flower shop
florón	nm	0.0000	fleuron
flósculo	nm	0.0341	floret
flotar	v	1.5321	float
flotilla	nf	0.2563	flotilla
fluctuar	v	0.4375	fluctuate | swing | waver
fluidamente	adv	0.0288	fluidly
fluidez	nf	0.1673	fluency
fluidificante	adj	0.0000	fluidifying
fluido	adj	0.6631	fluid
fluir	v	1.8112	flow
flujo	nm	0.2757	flux
flúor	nm	1.0539	fluorine
FMI	nm	0.1380	IMF
fobia	nf	0.4026	phobia
fobia social	loc	0.1168	social anxiety disorder
fóbicamente	adv	0.0000	phobically
fóbico	adj	0.0786	phobic
Fobos	prop	0.1006	Phobos
foca	nf	1.3371	seal
focal	adj	0.1062	focal
fócido	adj	0.0444	phocine
foco	nm	1.5756	focus
fofoque	nm	0.0003	middle jib
fogosidad	nf	0.2780	animosity
foie gras	nm	0.6348	foie gras
folclor	nm	0.1893	folklore
folclore	nm	0.1893	folklore
fólder	nm	0.7231	folder
folículo	nm	0.1446	follicle
foliolo	nm	0.1937	leaflet
folíolo	nm	0.2739	leaflet
follamigo	nm	0.2985	friend with benefits
folleto	nm	0.5241	brochure
fomentar	v	0.4926	foment
fómite	nm	0.0874	fomite
FOMO	n	0.0129	FOMO
fonación	nf	0.0546	phonation
fondeadero	nm	0.5995	anchorage
fondear	v	0.8376	anchor
fondo	nm	1.6411	bottom | ground
fondo buitre	loc	0.0407	vulture fund
fondue	nf	0.3799	fondue
fonema	nm	0.9758	phoneme
fonética	nf	0.3799	phonetics | phonetic
fono	nm	0.6276	phone
fonología	nf	0.5372	phonology
fonológicamente	adv	0.0482	phonologically
fonológico	adj	0.2268	phonological | phonologic
fonón	nm	0.0998	phonon
foque	nm	0.2907	jib
foquista	n	0.0311	focus puller
forajido	nm	0.2923	outlaw
forastero	adj	1.3068	foreigner | foreign
fordismo	nm	0.1945	Fordism
forestación	nf	0.0746	afforestation
forfait	nm	0.0315	package deal
forja	nf	1.6825	forge | wrought iron
forjar	v	0.6266	coin
forma	nf	1.4409	form
forma canónica	loc	0.0752	canonical form
formación	nf	0.3663	formation
formador	adj	0.4454	former
formaldehído	nm	0.1840	formaldehyde
formalizar	v	0.2214	formalize
formalmente	adv	0.1212	formally
formar	v	1.5376	form
formativo	adj	0.3354	formative
formato	nm	0.3628	format
formidable	adj	0.9211	terrific | marvellous | enormous | formidable
formidablemente	adv	0.0482	formidably
fórmula química	loc	0.4303	chemical formula
formular	adj	0.3632	formulate
formulario	nm	0.6151	form
fornicación	n	0.2225	fornication
fornicar	v	0.4523	fornicate
foro	nm	0.1855	forum
forrajear	v	0.4028	forage
forro	nm	0.6257	lining
fortalecer	v	0.5229	strengthen
fortalecimiento	nm	0.1887	fortification
fortaleza	nf	2.7092	fortress | fortitude | strength
fortificación	nf	0.5108	fortification
fortificar	v	0.5348	fortify
fortuito	adj	0.7625	fortuitous
fortuna	nf	1.6257	fortune
forúnculo	nm	1.0853	boil | furuncle
forzar	v	2.0566	force | rape
forzudo	nm	0.3953	strongman
fosa	nf	1.1613	pit | grave
fosa común	loc	0.2057	mass grave
fosa nasal	loc	0.1411	nasal cavity | nasal fossa
fosfato	nm	0.1180	phosphate
fosfeno	nm	0.1457	phosphene
fosforescente	adj	0.1621	phosphorescent
fósforo	nm	3.3311	phosphorus | match
fósil	nm	0.2732	fossil
foso	nm	0.7686	ditch | trench | fosse | moat
foto	nf	1.6338	photo | photograph
fotocopia	nf	0.4011	photocopy
fotocopiadora	nf	0.2836	photocopier
fotocopiar	v	0.4206	photocopy
fotofija	loc	0.0006	action still | film still
fotograbado	nm	0.0000	photoengraving
fotografía	nf	0.6265	photography
fotografiar	v	0.0007	take photos | take a photo
fotográficamente	adv	0.0446	photographically
fotográfico	adj	0.1275	photographic
fotógrafo	nmf	0.3305	photographer
fotograma	nm	0.0004	film frame
fotolitografía	nf	0.0000	photolithography
fotolitógrafo	nmf	0.0000	photolithographer
fotolog	nm	0.0515	photoblog
fotomatón	nm	0.1375	photo booth
fotomultiplicador	nm	0.0407	photomultiplier
fotón	nm	0.2951	photon
fotosíntesis	nf	0.2976	photosynthesis
fototipia	nf	0.1493	collotype
fototóxico	adj	0.0515	phototoxic
FQDN	nm	0.0000	FQDN
fracasar	v	1.0296	fail
fracción	nf	1.1120	fraction
fracción común	loc	0.0864	common fraction
fractal	nm	0.1313	fractal
fracturar	v	0.5046	fracture
fragancia	nf	0.6323	fragrance
fragante	adj	0.7211	fragrant
fragata	nf	1.1441	frigatebird | frigate
frágil	adj	0.9724	fragile
fragmentarse	v	0.2318	crumble
fragmento	nm	1.3999	fragment | passage
fragor	nm	1.0271	din | uproar | clash
fraguar	v	1.5816	set
fraile	nm	1.4327	friar | fray
frailecillo	nm	0.4779	puffin
frailuno	adj	0.0864	monkish
frambuesa	nf	0.9622	raspberry
francamente	adv	0.7922	frankly | candidly
francés	adj	3.2329	French
francés	nm	3.2329	blowjob | French
francés antiguo	nm	0.1970	Old French
francés medio	nm	0.0751	Middle French
Fráncfort	prop	0.6033	Frankfurt | Frankfort
Francia	n	1.2436	France
francio	nm	0.5246	francium
Francisca	prop	0.1893	Frances
Francisco	prop	0.3163	Francis
francmasónico	adj	0.1319	masonic
franco	adj	0.4163	Frank | Frankish
franco	nm	0.3433	Frankish
franco francés	loc	0.0005	french franc
franco suizo	loc	0.0007	swiss franc | Swiss franc
francocanadiense	adj	0.1070	French Canadian
francófilo	adj	0.0000	francophile
francófono	adj	0.0000	francophone
francoparlante	adj	0.2518	Francophone
francotirador	nmf	0.3124	sniper
franela	nf	0.5465	flannel
franja	nf	0.4247	band | strip
franquear	v	0.3858	stamp | bring out
franqueo	nm	0.0729	postage
franqueza	nf	0.2318	openness
franquicia	nf	0.4935	franchise
franquismo	nm	0.1262	Francoism
franquista	adj	0.1475	Francoist | Franquist
frase	nf	1.1995	sentence
frasear	v	0.2342	phrase
fraseológico	adj	0.0000	phraseologic | phraseological
fraternal	adj	0.3396	fraternal
fraternidad	nf	0.5541	fraternity
fraterno	adj	0.2555	brotherly | fraternal
fraude	nm	1.9094	fraud | deceit
fray	nm	0.3233	bro
frazada	nf	0.8694	blanket
freaky	adj	0.0546	freaky
frecuencia	nf	0.5202	frequency | repetition
frecuencia respiratoria	loc	0.0515	respiratory rate
frecuentar	v	0.4689	frequent
frecuente	adj	0.6536	frequent
frecuentemente	adv	0.4124	frequently
fregar	v	1.0593	wash up | wash | scrub | annoy | mop
fregona	nf	0.9553	mop
freidora	nf	0.0223	frier
freír	v	1.5506	fry
freírse	v	0.2911	bake
frenar	v	1.0169	brake
freno	nm	0.9992	brake
frenología	nf	0.1609	phrenology
frenológico	adj	0.0854	phrenological | phrenologic
frente	nf	1.6685	forehead | front
frentear	v	0.0003	to face
fresa	adj	0.1382	preppie
fresa	nf	2.8888	strawberry
frescura	nf	0.2474	freshness
fresno	nm	0.9028	ash
friable	adj	0.2289	friable
frialdad	nf	0.6407	coldness
fríamente	adv	0.1432	coldly | icily
Friburgo	prop	0.4335	Fribourg | Freiburg
fricativización	nf	0.0000	fricativization
fricativo	adj	0.1673	fricative
fricción	nf	0.6894	friction
frigidez	nf	0.0705	frigidity
frígido	adj	1.5004	cold | frigid
frijol	nm	1.9130	bean
fríjol	nm	1.0517	bean
frimario	nm	0.0835	Frimaire
frío	adj	1.2746	chilly | cold
friolento	adj	0.2610	nesh
friolero	adj	0.2763	nesh
friquear	v	0.2017	freak out | to
friquearse	v	0.2017	freak out | to
frisio	nm	0.2484	Frisian
friso	nm	0.3665	frieze
frisón	nm	0.8424	Frisian
fritanga	nf	0.1586	fried | frying
fritar	v	1.3039	fry
fritura	nf	0.3133	fry
friulano	nm	0.3970	Friulian
frívolamente	adv	0.1056	lightheartedly
frivolidad	nf	0.4178	frivolity
frívolo	adj	0.6385	frivolous | flippant
frontera	nf	0.4880	frontier
fronterizo	adj	0.0364	bordered
frontero	adj	0.2433	opposite
frontispicio	nm	0.3825	frontispiece
frontón	nm	0.3032	gable
frotamiento	nm	0.1222	chafing | rubbing
frotar	v	1.8905	rub
frotismo	nm	0.1288	frotteurism
fructífero	adj	0.5418	fructiferous | fruitful
fructificar	v	0.2305	bear fruit
fructosa	nf	0.2340	fructose
fructuoso	adj	0.5340	fruitful
frugal	adj	0.7892	frugal
frugívoro	adj	0.1255	frugivorous
fruslería	nf	1.0776	trifle | trinket
frustración	nf	0.6000	frustration
frustrante	adj	0.0546	frustrating
frustrar	v	0.4335	frustrate
fruta	nf	3.6439	fruit
fruta del diablo	loc	0.2371	noni
frutería	nf	0.0000	fruitshop
frutero	nm	0.0004	fruit boll
frutero	nmf	0.0004	fruit seller
frutilla	nf	1.4367	strawberry
fruto	nm	2.6601	fruit
fruto seco	loc	0.7862	nut | dry fruit
fuagrás	nm	1.0095	block | foie gras
fucoxantina	nf	0.0000	fucoxanthin
fuego	nm	4.0762	fire
fuego amigo	loc	0.1593	friendly fire
fuego bacteriano	loc	0.0669	fire blight | fireblight
fuego cruzado	loc	0.0682	crossfire
fuego forestal	loc	0.2155	forest fire
fuegos artificiales	loc	0.3765	fireworks
fuelle	nm	0.7277	bellows | breath
fuente	nf	1.0644	fountain
fuera de juego	loc	0.0000	off-side | offside
fuertemente	adv	0.2488	strongly
fuerza	nf	2.5574	force
fuerza aérea	loc	0.3156	air force
fuga	nf	1.0352	escape | flight | leak | fugue
fugarse	v	1.4640	escape | flee
fugaz	adj	0.6948	fleeting
fulano	nmf	0.6328	so-and-so
fulcro	nm	0.2504	fulcrum
fulgente	adj	0.2714	glittering | shining
fulgir	v	0.6905	glitter
fulgor	nm	0.1336	fulgor
fulgurante	adj	0.2224	blazing
fulgurar	v	0.0223	fulgurate | glow
fulgurita	nf	0.1363	fulgurite | fossilized lightning
fuliginoso	adj	0.1555	fuliginous
fulminar	v	1.0960	race
fulmíneo	adj	0.0000	fulmineous
fumador	adj	0.2119	smoker | smoking
fumar	v	3.1098	smoke
fumarola	nf	0.1093	fumarole
fumigar	v	0.1466	fumigate | 2 | spray
fumoso	adj	0.0364	fumous | smonky
funámbulo	adj	0.3065	tightrope walker
función	nf	1.7517	function
función analítica	nf	0.0929	analytic function
función biyectiva	loc	0.2431	bijection | bijective function
función continua	nf	0.0946	continuous function
función holomorfa	nf	0.0003	holomorphic function
funcionalidad	nf	0.1014	functionality
funcionamiento	nm	0.6708	operation | running
funcionar	v	1.3638	function | work
funcionario	nm	0.3853	civil servant | public official
fundación	nf	0.7191	foundation
fundamental	adj	0.8248	fundamental
fundamento	nm	0.9376	foundation
fundar	v	0.7382	found | establish
fundíbulo	nm	0.4347	trebuchet
fundición	nf	0.2562	foundry
fundillo	nm	0.4309	fly
fundirse	v	0.4106	melt
fúnebre	adj	0.2888	funereal
funeraria	nf	0.1760	funeral home
fungible	adj	0.1785	fungible
fungicida	adj	0.1609	fungicide
fungistático	adj	0.0000	fungistatic
fungistático	nm	0.0000	fungistat
fuñir	v	0.3244	screw
furaré	nm	0.0002	Austral Blackbird
furcia	nf	1.1398	prostitute
furgón	nm	0.0315	baggage car
furgoneta	nf	0.0000	delivery van
furia	nf	0.6828	fury
furibundo	adj	0.1825	furibund
furioso	adj	1.5543	furious | angry | mad
furor	nm	0.2147	furor
furrusca	nf	0.1669	wrangle
fursona	nf	0.1972	fursona
furular	v	0.6708	work
fusa	nf	0.1595	demisemiquaver | thirty-second note
fusayola	nf	0.0011	spindle whorl
fuselaje	nm	0.2253	fuselage
fusible	nm	0.5352	fuse
fusible	adj	0.1517	fusible
fusiforme	adj	0.0813	fusiform
fusil	nm	0.6659	gun
fusión	nf	0.4411	fusion | merger | melting
fusión de núcleo	nm	0.0364	nuclear meltdown
fusión nuclear	loc	0.1704	nuclear fusion
fusionar	v	0.4348	fusion
fusta	nf	1.1767	crop
fuste	nm	1.1808	shaft
fútbol	nm	1.8692	football | soccer
fútbol base	loc	0.0002	youth football
futbolista	n	0.5279	footballer | soccer player
futhark	nm	0.0000	futhark
fútil	adj	0.9548	futile
futilidad	nf	0.2846	triviality
futurición	nf	0.0182	futurition | futurity
futurismo	nm	0.1338	futurism
futurista	adj	0.1452	futurist | futuristic
futuro	nm	1.2672	future | simple future
futuro	adj	0.0010	future, coming
futuro	nmf	1.8465	bird
futuro compuesto	loc	0.0964	future perfect
futuro imperfecto	loc	0.0729	simple future
futuro perfecto	loc	0.1163	future perfect
futuro simple	loc	0.0995	simple future
futurología	nf	0.1699	futurology
futurólogo	nmf	0.1803	futurologist
fynbos	nm	0.0815	fynbos
gabacho	adj	0.8176	frog
gabán	nm	0.8170	overcoat | greatcoat | topcoat | Maguari stork
gabardina	nf	0.1180	gabardine
Gabón	n	0.4665	Gabon
gabonés	adj	0.1928	Gabonese
Gabriela	prop	0.0288	Gabrielle
gacela	nf	0.7180	gazelle
Gacentina	prop	0.1423	Constantine
gachas	nf	0.5880	porridge
gachupín	adj	0.3800	Spaniard
gadolinio	nm	0.5043	gadolinium
gaélico	nm	0.3915	Gaelic
gaélico escocés	nm	0.3173	Scottish Gaelic
gafas	nf	0.1022	eyeglasses
gafas de sol	loc	0.4136	sunglasses
gafe	adj	0.0000	jinxed
gafete	nm	0.1717	badge
Gafsa	prop	0.2627	Gafsa
gaga	nf	0.1686	stutterer | stammerer
gagá	adj	0.0000	doddering
gago	adj	0.1686	stutterer | stammerer
gaita	nf	0.3147	bagpipes
gajo	nm	0.2688	segment | section
gal	nm	0.0705	gal
galáctico	adj	0.0972	galactic
galactorrea	nf	0.0546	galactorrhea
galantería	nf	0.4551	gallantry
galardón	nm	2.0405	award | prize | reward | wages
galardonar	v	0.7199	award
Gálatas	nmf	0.6384	Galatians
galaxia	nf	0.8794	galaxy
galega	nm	0.0006	French lilac | goat's rue
galénico	adj	0.0446	Galenic
Galeno	prop	0.0835	Galen
galeón	nm	0.1866	galleon
galera	nf	0.5757	galley
galería	nf	0.6476	gallery
galería abierta	loc	0.1115	loggia
galería porticada	loc	0.4599	gallery
Gales	n	0.7190	Wales
galés	nm	1.2594	Welsh | Cymric
galguería	nf	0.8416	snack
Galicia	n	0.8811	Galicia
galicismo	nm	0.0000	gallicism
Galilea	prop	0.1556	Galilee
galimatías	nm	0.5495	gobbledygook
galio	nm	0.5477	gallium
gallardía	nm	0.0005	chivarly
gallego	nm	0.9537	Galician
galleta	nf	1.2854	cookie | biscuit
gallina	nf	1.3728	hen
gallina	n	2.0221	chicken
gallina ciega	nf	0.5616	blind man's buff
gallineta nórdica	loc	0.0315	Norway haddock
gallo	nm	3.0592	cock | rooster | button | clit | false note | gladiolus | squawk | four-spot megrim
galón	nm	0.9193	gallon | galloon
galopar	v	0.3228	gallop
galpón	nm	0.8029	shed
galpón de esquila	loc	0.0000	shearing shed
galvanizar	v	0.2392	galvanize
galvanotaxis	nf	0.0000	galvanotaxis
gama	nf	1.0389	scale | range | doe
Gamaliel	prop	0.0129	Gamaliel
gamba	nf	1.7795	shrimp | prawn
gamberro	adj	0.6109	thug
gambeta	nf	0.6889	dodge | courbette
Gambia	n	0.5630	Gambia | The Gambia
gambiano	adj	0.1457	Gambian
gambito	nm	0.3162	gambit
gamborimbo	nm	0.1627	dingleberry
gameto	nm	0.2097	gamete
gametogénesis	nf	0.0000	gametogenesis
gamín	nmf	0.2504	street urchin | gamin
gamma	nf	0.4641	gamma
gamo	nmf	0.4310	fallow deer
gamofobia	nf	0.0258	gamophobia
gamomanía	nf	0.0000	gamomania
gamuza	nf	1.0362	chamois
gana	nf	0.3684	wish | will
ganadería	nf	0.1928	animal husbandry | stockbreeding
ganado	nm	0.3923	livestock
ganador	adj	0.6899	winner
ganancia	nf	1.1965	gain | harvest
ganar	v	1.7571	win | earn | conquer
ganarse	v	0.6110	place | earn
ganchito	nm	0.4874	staple | cheese curl
gancho	nm	1.1012	hook
gandalla	n	1.3112	bully
gandul	adj	0.7803	indolent | lazy | slothful
ganga	nf	1.6958	sandgrouse | gangue | bargain | snip
ganglio	nm	0.3091	ganglion
gangrena	nf	0.4319	gangrene
gángster	nm	0.2496	gangster
ganguear	v	0.1803	twang
gansarón	nm	0.3702	baby
ganso	nm	3.4045	goose
Gante	prop	0.5493	Ghent
gañafote	nm	0.2022	grasshopper
gañir	v	0.4571	snort | caw | yelp
garabato	nm	0.6025	doodle
garage	nm	0.9102	garage
garaje	nm	1.1518	garage
garantía	nf	1.1059	guarantee
garantizar	v	0.9892	guarantee | warrant
garañón	nm	0.9609	stallion | stud
garbanzo	nm	1.0433	chickpea | garbanzo bean | garbanzo
garbanzo negro	loc	0.3980	black sheep | bad apple
garbo	nm	0.7120	grace
garboso	adj	0.3854	graceful
gardenia	nf	0.2524	gardenia
gardí	nm	0.0005	common rudd | rudd
garfio	nm	1.0117	hook
garganta	nf	1.2772	throat
gárgara	nf	0.1480	gargle
gargarizar	v	0.3588	rinse
gárgola	nf	0.2124	gargoyle
gargolismo	nm	0.0000	gargoylism
gari	nm	0.0364	gari
garita	nf	0.0000	guerite
garito	nm	0.0006	gambling den, dive
garra	nf	1.2011	claw | talon
garrafa	nf	0.7508	carafe
garrapata	nf	1.4517	tick
garrapatoso	adj	0.0000	scribbly
garrobo	nm	0.1957	iguana
garrocha	nf	1.8642	pole
garrochista	adj	0.0618	pole vaulter
garrotazo	nm	0.0002	blow (with a club)
garrote	nm	0.0000	garrotte
garúa	nf	1.7753	drizzle
garuar	v	1.1515	drizzle
garufa	nf	0.1288	reveller
garza	nf	0.7581	heron
gas natural	loc	0.2089	natural gas
gasa	nf	0.4588	gauze
gasificar	v	0.1669	gasify
gaslighting	nm	0.0539	gaslighting
gasoducto	nm	0.1228	gas pipeline
gasolina	nf	0.1077	petrol | gasoline
gasolinera	nf	1.9256	gas station | filling station | petrol station
gastar	v	0.8584	spend
gasterópodo	nm	0.0888	gastropod
gasto	nm	0.4375	expense | spend
gastrobar	nm	0.0182	gastropub
gastroesofágico	adj	0.0341	gastroesophageal
gastronomía	nf	0.3233	gastronomy
gastronómico	adj	0.0955	gastronomic | gastronomical
gatera	nf	0.2093	cat flap | cat door
gatito	nmf	0.6461	kitten
gato	nmf	5.2764	cat | tomcat
gato	nm	3.1894	jack | john | noughts and crosses | tic-tac-toe
gato andino	loc	0.1030	Andean cat
gato escaldado del agua fría huye	saying	0.0004	once bittentwice shy
gato montés	loc	0.5355	wildcat | bobcat
gatuno	adj	0.1021	catlike
gaucho	nm	0.4112	gaucho
gauda	nf	0.9952	night heron | black-crowned night heron
gaur	nm	0.0905	gaur
gaveta	nf	0.4061	drawer
gavilán	n	0.0000	sparrow hawk
gavilla	nf	0.8851	sheaf
gaviota	nf	0.6221	gull | seagull | mew
gay	adj	2.6333	gay
gayo	adj	1.8484	gay
gayomba	nf	0.0007	Spanish Broom
gaypitalismo	nm	0.0004	gaypitalism | homocapitalism
gayumbo	nm	0.2677	Spanish broom | weaver's broom
gaza	nf	0.8387	magpie
gazapo	nm	2.7861	kit | bunny | kitten | lie | blunder | slip
gazpacho	nm	0.1679	gazpacho
Gdansk	prop	0.1785	Gdańsk
Gehena	n	0.1521	Gehenna
géiser	nm	0.4279	geyser
geisha	nf	0.2868	geisha
gel	nm	1.1675	gel
gelatina	nf	0.1577	gelatin
gélido	adj	0.3764	gelid | icy
gematría	nf	0.0000	gematria
gemebundo	adj	0.1070	groaning | moaning | wailing
gemelo	adj	0.8192	twin
geminación	nf	0.1137	gemination
geminar	v	1.2874	double | geminate
Géminis	prop	0.9897	Gemini
gemir	v	0.5025	groan | moan
gemología	nf	0.1598	gemology | gemmology
gemológico	adj	0.0003	gemologic | gemological
gen	nm	0.9893	gene
genealogía	nf	0.4241	genealogy
genealógico	adj	0.0899	genealogical
generación	nf	0.5802	generation
general	nm	1.0091	general | classroom
generalidad	nf	0.0997	generality
generalidades	nf	0.0705	generality
generalización	nm	0.2195	generalization
generalmente	adv	1.4245	generally
generar	v	0.4402	generate
genérico	adj	0.9182	generic
género	nm	1.9249	gender | genus | cloth | genre
género neutro	loc	0.0669	neuter gender
generosidad	nf	0.6551	generosity
generoso	adj	1.3076	generous
génesis	nf	0.1727	genesis
genética	nf	0.0006	Genetics | genetics
genetista	nm	0.1674	geneticist
genialidad	nf	0.0386	geniality
genio y figura hasta la sepultura	saying	0.4910	a leopard cannot change its spots | the wolf must die in his own skin
genital	nm	0.3472	genitalia
genital	adj	0.1737	genital
genitivo	nm	0.5065	genitive
genitourinario	adj	0.0644	genitourinary
genocidio	nm	0.5069	genocide
genoma	nm	0.4326	genome
genometástasis	nf	0.0000	genometastasis
Génova	prop	0.8980	Genoa
Genoveva	prop	0.2412	Genevieve
gente	nf	1.5856	people
gentil	adj	0.9152	gentile | gentle
gentileza	nf	0.3146	gentleness
gentilhombre	nm	0.7293	gentleman
gentilicio	adj	0.4795	demonym | gentilic
gentilmente	adv	0.1780	kindly
gentío	nm	0.6516	crowd
gentrificación	nf	0.1668	gentrification
gentrificar	v	0.1030	gentrify
gentuza	nf	0.3792	rabble
genuidad	nf	0.0004	genuity
genuino	adj	0.7606	genuine
geocéntrico	adj	0.0004	geoocentric
geocentrismo	nm	0.0964	geocentrism
geocíclico	adj	0.0000	geocyclic
geoda	nf	0.1301	geode
geodesia	nf	0.1249	geodesy
geodésica	nf	0.0998	geodesic
geodésico	adj	0.1728	geodesic
geodesta	nmf	0.0773	geodesist
geodinámica	nf	0.0892	geodynamics
geoglifo	nm	0.1152	geoglyph
geografía	nf	0.9213	geography
geográficamente	adv	0.0464	geographically
geográfico	adj	0.2576	geographic | geographical
geógrafo	nmf	0.3475	geographer
geoingeniería	nf	0.0008	climate engineering
geología	nf	0.5254	geology
geológico	adj	0.0499	geological | geologic
geólogo	nmf	0.4320	geologist
geomancia	nf	0.1585	geomancy
geomancía	nf	0.0929	geomancy
geómetra	nmf	0.3764	surveyor | Geometer | geometrician
geometría	nf	0.6150	geometry
geometría cartesiana	loc	0.0835	analytic geometry
geométrico	adj	0.1513	geometric
geomorfología	nm	0.1577	geomorphology
geopónica	nf	0.0622	geoponics
geopónico	adj	0.0000	geoponic
Georgia	n	0.7228	Georgia
georgiano	adj	0.0009	georgian
georgiano	nm	1.2486	Georgian
geranio	nm	0.3002	cranesbill
Gerardo	prop	0.2909	Gerard
gerente	nmf	1.1689	manager
gerente de cuentas estratégicas	loc	0.0002	key account manager
geriatría	nf	0.1704	geriatrics
gerifalte	nm	0.5001	gyrfalcon
Germán	prop	0.1338	Herman
germanía	nf	0.3760	slang
germánico	adj	0.7358	Germanic
germanio	nm	0.2289	germanium
germanística	nf	0.0003	germanistics
germano	adj	1.2389	German | Germanic
germicida	adj	0.1113	germicide | germicidal
germinación	nf	0.0892	germination
germinador	nm	0.0000	germinator
germinar	v	0.1262	germinate
germinativo	adj	0.0729	germinative
germoplasma	nm	0.0258	germplasm
gerontocracia	nf	0.1588	gerontocracy
gerontofobia	nf	0.0804	gerontophobia
Gersón	n	0.0000	Gershon
Gertrudis	prop	0.0717	Gertrude
gerundio	nm	0.4061	gerund
gerundivo	nm	0.2455	gerundive
gestación	nf	0.3679	gestation
gestar	v	0.0515	gestate
gesticulación	nf	0.2186	gesticulation
gesticular	v	0.4657	gesticulate
gesto	nm	1.2591	gesture | deed
gestual	adj	0.0815	gestural
Ghana	n	0.5568	Ghana
ghanés	adj	0.1866	Ghanaian | Ghanian
giba	nf	1.1255	hump
gibón	nm	0.1709	gibbon
Gibraltar	prop	0.4229	Gibraltar | Rock of Gibraltar
gibraltareño	adj	0.2550	Gibraltarian
gigaamperio	nm	0.0182	gigaampere
gigabyte	nm	0.1513	gigabyte
gigacandela	nm	0.0000	gigacandela
gigafaradio	nm	0.0003	gigafarad
gigagramo	nm	0.0000	gigagram | gigagramme
gigahercio	nm	0.0657	gigahertz
gigajulio	nm	0.0258	gigajoule
gigakelvin	nm	0.0003	gigakelvin
gigalitro	nm	0.0546	gigalitre
gigámetro	nm	0.0546	gigametre
giganewton	nm	0.0000	giganewton
gigante	adj	0.1926	gargantuan
gigante gaseoso	loc	0.1598	gas giant | gas giant planet | jovian planet
gigantesco	adj	0.9827	gigantic | gigantesque
gigaohmio	nm	0.0000	gigaohm
gigasegundo	nm	0.0258	gigasecond
gigavatio	nm	0.0682	gigawatt
gigavoltio	nm	0.0000	gigavolt
gilipollas	adj	0.3509	arsehole
gimnasia	nf	0.1840	gymnastics
gimnasio	nm	0.4779	gymnasium | gym
gimnasta	nmf	0.1137	gymnast
gimnástico	adj	0.0933	gymnastic
gimnofobia	nf	0.0609	gymnophobia
gimnoto	nm	0.0751	electric eel
gimotear	v	0.5186	whine
Gina	prop	0.0000	Geena | Gena | Jeena | Gina
Ginebra	prop	0.5626	Geneva
ginebrés	adj	0.3048	Genevan
ginebrino	adj	0.3048	Genevan
ginecología	nf	0.2186	gynecology
ginecólogo	nmf	0.0000	gynecologist | gynaecologist
Ginés	prop	0.0007	Genesius
gineta	nf	0.0004	European genet | small-spotted genet
gingivitis	nm	0.1760	gingivitis
gira	nf	0.4625	tour
girasol	nm	1.3946	sunflower
gírgola	nf	0.4349	oyster mushroom
giro	nm	1.4122	turn
girola	nf	0.4786	ambulatory
giroplano	nm	0.1970	autogyro | gyrocopter | gyroplane | rotaplane
giroscopio	nm	0.5438	gyroscope
giróscopo	nm	0.5438	gyroscope
gis	nm	0.6536	chalk
Gisel	prop	0.1078	Giselle
gitanear	v	0.1613	convince
Gizeh	prop	0.1524	Giza
glabro	adj	0.2571	glabrous
glaciación	nf	0.0223	glaciation
glacial	adj	0.6349	glacial
glaciológico	adj	0.0223	glaciologic | glaciological
gladiador	nm	0.3090	gladiator
gladiolo	nm	0.2531	gladiolus
glamoroso	adj	0.1222	glamorous | glamourous
glamouroso	adj	0.1222	glamorous | glamourous
glamuroso	adj	0.1222	glamorous | glamourous
glándula	nf	1.3241	gland
glándula endocrina	loc	0.1242	endocrine gland
glándula exocrina	loc	0.0515	exocrine gland
glándula sebácea	loc	0.0003	sabaceous gland
glándula suprarrenal	loc	0.3456	adrenal gland
glaseado	nm	0.3993	bukskin | glaze
glásnost	nf	0.1428	glasnost
glauco	adj	0.1588	glaucous
glaucoma	nm	0.1334	glaucoma
gleba	nf	0.0223	gleba
glicina	nf	0.1555	glycine
gliptodón	nm	0.0000	glyptodon
gliptodonte	nm	0.0000	glyptodon
global	adj	0.6824	global
globalización	nf	0.0000	globalization
globo	nm	3.4513	balloon | globe | sphere | earth | lampshade
globo terráqueo	loc	0.0005	earth globe | terrestrial globe
glóbulo	nm	0.1235	blood cell
glóbulo blanco	loc	0.4677	white blood cell
glóbulo rojo	loc	0.7091	red blood cell | erythrocyte
glorieta	nf	0.9545	summerhouse | roundabout | rotary | traffic circle
glorificar	v	0.2458	glorify
glosario	nm	0.5237	glossary
glosolalia	nf	0.3157	glossolalia | glossolaly | speaking in tongues
glosónimo	nm	0.1920	glossonym | glottonym
glosopeda	nf	0.2583	foot-and-mouth disease
glótico	adj	0.0976	glottal
glotis	nf	0.1692	glottis
glotón	nm	0.1468	carcajou | wolverine
glotonería	nf	0.0005	glutonny
glotónimo	nm	0.0664	glottonym
glotoplastia	nm	0.0004	glottoplasty
glucógeno	nm	0.0981	glycogen
glucoproteína	n	0.0499	glycoprotein
glucosa	nf	0.4292	glucose | dextrose
glucósido	nm	0.0722	glucoside
glucosuria	nf	0.0546	glycosuria | glucosuria
glucosuria renal	loc	0.0003	renal glycosuria
gluon	nm	0.1669	gluon
glutamina	nf	0.0874	glutamine
gluten	nm	0.4690	gluten
glúteo mayor	loc	0.1660	gluteus maximus
glutinoso	adj	0.1395	glutinous
gnomo	nmf	0.7610	gnome
gnomónica	nf	0.0864	gnomonics
gnomónico	adj	0.0576	gnomonic
gnoseología	nf	0.1987	gnoseology
gnoseológico	adj	0.0705	gnoseological | gnosiological
gnóstico	adj	0.0000	gnostic
go	nm	3.5639	go
gobierno	nm	2.7458	government | administration
gobio	nm	0.4032	gudgeon
godo	adj	0.2815	Goth
Godofredo	prop	0.3902	Godfrey | Geoffrey | Jeffrey
godolla	nf	0.3501	cleaver
godoya	nf	0.2220	cleaver
gol	nm	1.1173	goal
gola	nf	0.2715	ruff
goldeno	nm	0.0000	goldene
golem	nm	0.3258	golem
gólem	nm	0.3176	golem
golfo	nm	0.9628	gulf
golfo de México	prop	0.2371	Gulf of Mexico
golfo Pérsico	loc	0.3220	Persian Gulf
goliardo	nm	0.0604	goliard
golilla	nf	0.8152	washer
golondrina	nf	1.8864	swallow
golosina	nf	3.0174	sweet | lolly | candy
golpe	nm	1.8408	blow
golpe militar	loc	0.0003	blow of state | strike of state
golpear	v	5.5349	hit | beat | strike | knock | attain | catch
golpista	adj	0.2789	coupist | putschist
golpiza	nf	1.6852	beat
goma	nf	1.9322	eraser | rubber | condom | gum | tire | elastic band
góming	nm	0.1645	bungee jumping | bungy jumping
gomoso	adj	0.4526	dandy | gummy
gónada	nf	0.4862	gonad | sex gland
góndola	nf	0.4417	gondola
gondolero	nmf	0.2318	gondolier
gonorrea	nf	0.3755	gonorrhea
Gonzalo	prop	0.0000	Gonzalo
googlear	v	0.4032	google
gordiflón	adj	1.2257	fat | fatty
gordiflón	nm	0.4598	fatso
gordinflón	adj	1.3398	fat | fatty
gordinflón	nm	0.5026	fatso
gordo	adj	3.8325	fat
gordofobia	nf	0.1457	fatphobia
gordolobo	n	0.4284	common mullein | great mullein | woolly mullein
gorgoteo	nm	0.0000	bubbling | gurgling
gorila	nmf	1.0379	gorilla | bouncer
gorjal	nm	0.0740	gorget
gorjeador	adj	0.0000	chirping | warbling
gorjear	v	0.7194	chat
gorra	nf	1.1016	beanie | cap
gorrión	nm	1.3357	sparrow
gorro	nm	0.6551	cap
gorrón	nmf	0.7386	freeloader
gota	nf	3.0886	drop | gout
gotcha	nm	0.1180	paintball
goteado	adj	0.0000	dripped
gotear	v	0.9804	drip
Gotemburgo	prop	0.3582	Gothenburg
goteo	nm	0.1338	dripping
gotera	nf	0.3400	leak
goterear	v	0.4645	drip
gotero	nm	0.1728	dropper
gótico	nm	0.4869	Gothic
Gotinga	prop	0.0002	Goettingen
gotoso	adj	0.0364	gouty
gourmet	nmf	0.7555	gourmet
goyesco	adj	0.0258	Goyaesque
gozne	nm	0.4795	hinge
grabado	nm	0.1401	burning
grabador	nm	0.1442	recorder
grabadora	nf	0.3482	recorder
grabar	v	1.3004	record
gracia	nf	1.3684	grace
Gracia	prop	0.1070	Grace
gracias	interj	3.3304	thanks | thank you | cheers
grácil	adj	0.1128	gracile
gracioso	adj	1.4209	funny
gradería	nf	0.0000	terraces
gradiente	nm	0.2330	gradient
gradiente geotérmico	loc	0.0003	geothermal gradient
grado	nm	1.7504	step | degree | level | graduation
grado del polinomio	loc	0.0003	degree polynomial
graduable	adj	0.0773	adjustable
graduación	nf	0.3258	graduation
gradualidad	nf	0.0590	gradation
graduarse	v	0.1619	graduate
grafema	nm	0.1208	grapheme
grafeno	nm	0.1945	graphene
gráfica	nf	0.4588	graph
grafitero	nmf	0.0129	graffitist
grafiti	nm	0.3405	graffiti
grafito	nm	0.7764	graphite
grafológico	adj	0.0446	graphological
grajilla	nf	0.5252	jackdaw
grajo	nm	1.0470	rook
grama	nf	0.0011	bermuda grass | chiendent pied de poule | scutch grass
gramaje	nm	0.0315	grammage
gramática	nf	1.2317	grammar
gramatical	adj	0.7427	grammatical | grammatic
gramaticalidad	nf	0.0464	grammaticality
gramaticalmente	adv	0.0576	grammatically
gramático	adj	0.2959	grammatical
gramático	nmf	0.2204	grammarian
gramema	nm	0.0000	grammeme
gramínea	nf	0.0006	true grass
gramo	nm	0.7133	gram | gramme
gramófono	nm	0.2637	phonograph
grampa	nf	0.4160	staple
Gran Bretaña	n	0.9568	Great Britain
granada	nf	0.8192	pomegranate | grenade
Granada	n	0.2093	Grenada
granate	nm	0.4125	garnet
grancolombiano	adj	0.0000	Gran Colombian
grande	adj	2.3152	big | large | great
grandemente	adv	0.1044	greatly
grandeza	nf	0.5571	greatness | size | bigness
grandor	nm	0.6900	size
grandura	nf	0.5295	size
granero	nm	0.7975	granary
granete	nm	0.0000	center punch
granévano	nm	0.3707	milkvetch
granito	nm	0.2032	granite
granizo	nm	1.7322	hailstone | hail
granja	nf	1.0091	farm
granjear	v	0.8890	beat | acquire
granjero	nmf	0.5512	farmer
grano	nm	1.2028	grain
granola	nf	0.1405	granola
granular	adj	0.2149	granular | grainy
granular	v	0.2092	granulate
gránulo	nm	0.3197	granule
granuloma	nm	0.0590	granuloma
granulométrico	adj	0.0315	granulometric
granuloso	adj	0.1534	granular | grainy
granza	nf	0.9962	madder
grapa	nf	0.7667	staple
grapadora	nf	0.6895	stapler
grasiento	adj	0.9808	fat
graso	adj	0.7785	fatty
gratamente	adv	0.2421	agreeably | pleasingly
gratificación	nf	0.3022	stipend | gratuity | gratification
gratificante	adj	0.0831	gratifying
gratificar	v	0.3351	gratify
gratinado	adj	0.0002	baked pudding
gratinar	v	0.0000	gratiné
gratis	adj	2.4653	free
gratitud	nf	1.4116	gratitude | thankfulness
grato	adj	0.9486	pleasant | agreeable | nice | pleasing
gratuitamente	adv	0.4923	gratuitously | freely
gratuito	adj	1.7954	free | gratuitous
gravar	v	0.1681	assess
grave	adj	1.1116	serious
gravedad	nf	0.7109	gravity
gravilla	nf	0.8466	gravel
gravisfera	nf	0.0005	gravisphere
gravitación	nf	0.5925	gravitation | gravity
gravitacional	adj	0.2770	gravitational
gravitacionalmente	adv	0.0258	gravitationally
gravitar	v	0.1030	gravitate
gravitatorio	adj	0.2770	gravitational
gravitón	nm	0.1897	graviton
Graz	prop	0.1513	Graz
graznador	adj	0.0288	cawing
graznido	nm	0.3091	caw
Grecia	n	1.3143	Greece
grecismo	nm	0.0804	Grecism
gregario	adj	0.2966	gregarious
gregüesco	nm	0.0003	Spanish breeches
gremio	nm	0.4178	guild | corporation
grey	nf	0.7343	herd
grial	nm	0.0000	grail
griego	nm	3.6772	Greek
griego	adj	3.6772	Greek
griego antiguo	loc	0.2216	Ancient Greek
grieta	nf	3.3416	crack | fissure | crevice | chap
grifo	nm	0.6919	griffin
grillar	v	0.3176	chirp | chirr
grillo	nmf	0.9976	cricket
grillo	nm	0.8314	shackle
grillo topo	loc	0.2468	mole cricket | European mole cricket
grillos	nm	0.1697	shackle
grimorio	nm	0.1196	grimoire
gripe	nf	1.0311	flu | influenza | grippe | grip
gripe española	nf	0.1480	Spanish influenza
gripe porcina	loc	0.2799	swine flu | swine influenza
grisáceo	adj	0.3641	grayish | greyish
grisalla	nf	0.0000	grisaille
Grisones	prop	0.2135	Grisons
grisú	nm	0.2909	firedamp
gritar	v	2.5171	shout | scream | cry | cry out | call | roar
griterío	nm	0.1103	shouting
grito	nm	1.2931	cry | scream
groenlandés	adj	0.1893	Greenlander
Groenlandia	n	0.4810	Greenland
grosella	nf	0.4089	currant
grosso modo	loc	0.0892	grosso modo | roughly
grotesco	adj	0.1454	grotesque
grúa	nf	2.3958	crane | wrecker | tow truck
gruesa	nf	0.3200	gross
grueso	adj	3.1934	thick | corpulent
grueso	nm	1.5589	bulk
grulla	nf	0.6817	crane
Grulla	prop	0.0003	The Crane
grumete	nm	0.0006	ship's boy
grumo	nm	0.5458	lump
grumoso	adj	0.1596	lumpy
gruñir	v	0.8760	howl | grumble | grunt | growl
gruñón	adj	0.3568	grouch | grouchy | growler | grumbler | grump | grumpy
grupa	nf	0.8290	rump | croup | haunch
grupo	nm	1.4164	group
grupo social	loc	0.0854	social group
gruta	nf	0.6344	grotto | cavern | cave
guacamaya	nf	0.3150	macaw
guacamayo	nm	0.2796	macaw
guacamole	nm	0.1338	guacamole
guache	nm	0.1991	gouache
guaco	nm	1.0409	night heron | black-crowned night heron
Guadalupe	prop	0.2108	Guadeloupe
guadaña	nf	0.5510	scythe
guaguancó	nm	0.0003	guaguancó
guaina	nm	1.1091	boy
guaina	nf	0.9597	girl
guajiro	adj	0.4862	rural
guajolote	nm	2.6789	turkey | ninny
gualda	nf	0.3940	weld
gualeta	nf	0.0000	swimfin
guampear	v	1.4077	cheat | cuckold
guanaco	nm	0.4209	guanaco | water cannon
guanajo	adj	2.4616	turkey
guanay	nm	0.0007	guanay cormorant | shag
guano	nm	0.1562	guano
guante	nm	0.7335	glove
guantera	nf	0.0628	glove box | glove compartment
guapo	adj	1.7309	brave | attractive | beautiful | handsome
guaracha	nf	0.0000	guaracha
guarache	nm	0.0005	leather sandal
guaraguao	nm	0.1180	red-tailed hawk
guaraná	nm	0.0729	guarana
guaraní	nm	0.2891	Guaraní
guarda de seguridad	loc	0.9439	guard
guardaagujas	nm	0.0722	signalman
guardabarro	nm	0.1720	mudguard
guardabarros	nm	0.3123	mudguard
guardacabras	nmf	0.1143	goatherd
guardaespaldas	nmf	0.4185	bodyguard
guardameta	n	1.6514	goalkeeper | goalie
guardar	v	1.4502	keep | save
guardería	nf	0.0006	day-nursery
guardia civil	loc	0.0006	civil guard
Guardia Civil	n	0.0000	Civil Guard
guarén	nm	0.0002	Norway Rat
guarida	nf	1.7943	lair | den
guarismo	nm	0.8170	digit
guarnecedor	adj	0.0000	garnisher | garnishing
guarnición	nf	0.2204	garniture
guarro	nm	0.0016	black-chested buzzard-eagle | crested caracara
guasap	nm	0.0762	WhatsApp
guásap	nm	0.0762	WhatsApp
guasuncho	nf	0.0007	gray brocket deer
guata	nf	2.9675	belly | tummy | wadding
Guatemala	n	0.8100	Guatemala
guatemalteco	adj	0.3147	Guatemalan
guateque	nm	0.8672	bang
guau		0.9634	woof
guau	interj	1.1756	wow
guayaba	nf	1.0824	guava
guayabo	nm	1.3752	guava | hangover
Guayana Francesa	loc	0.2786	French Guiana
guayanés	adj	0.0000	Guianan | Guianes
guazu virá	loc	0.0005	gray brocket deer
guazú virá	loc	0.0006	gray brocket deer
guazuncho	nf	0.0007	gray brocket deer
gubernamental	adj	0.1491	governmental
guei	adj	0.7394	gay
guepardo	nm	0.3906	cheetah
güero	adj	0.9075	hollow
guerra	nf	1.7430	war
guerra civil	loc	0.2474	civil war
guerra subsidiaria	nm	0.1301	proxy war
guerrero	adj	0.8431	warrior | warlike
gueto	nm	0.2591	ghetto
guglear	v	0.3408	google
gúgol	nm	0.5982	googol
guía	nm	0.8619	steering wheel | handlebars
guía	nf	1.4952	guide
güija	nf	0.0182	ouija
guijarro	nm	0.8026	pebble
guillame	nm	1.1479	plane
Guillermo	prop	0.9316	William | Bill
guillotinar	v	0.3420	guillotine
guinche	nm	1.2256	crane
güinche	nm	1.2256	crane
guinda	nf	0.8258	sour cherry
Guinea	n	0.2471	Guinea
Guinea Ecuatorial	n	0.8403	Equatorial Guinea
Guinea-Bisáu	n	0.2186	Guinea-Bissau
guineano	adj	0.4073	Guinean
guiñador	adj	0.0864	blinking | squinter | squinting | winker | winking
guiñaposo	adj	0.3841	ragged | tatty
guiñar	v	0.3980	wink
guiño	nm	0.7896	wink
guion	nm	0.6335	hyphen
guionista	n	0.2936	screenwriter | scenarist
güira	nf	0.0729	güira | Calabash Tree
guirigay	nm	0.2944	hubbub
guirnalda	nf	0.8438	garland | everlasting
güiro	nm	0.0695	guiro
guirre	nm	0.0008	egyptian vulture
guisado	nm	0.4792	stew
guisante	nm	1.9160	pea
guisarse	v	0.1233	contrive
guiso	nm	0.7236	stew | dish
guitarra	nf	1.0144	guitar
guitarrista	nm	0.3786	guitarist
guiverno	nm	0.0000	wivern | wyvern
Guiza	prop	0.1524	Giza
gula	nf	0.3436	gluttony
gulag	nm	0.6975	gulag
gules	nm	0.2202	gules
gurruño	nm	0.0002	wrinkled up ball
gurú	nmf	1.0202	guru
gusanito	nm	0.1288	cheese curl
gusano	nm	3.5809	worm | maggot
gusano de seda	loc	0.1446	silkworm
gustar	v	1.8719	like
gustativo	adj	0.8529	gustatory | taste
gustaviano	adj	0.0003	gustavian
Gustavo	prop	0.1281	Gustav
gusto	nm	1.9695	taste
gustoso	adj	1.0978	glad | tasty | enjoyable
Guyana	prop	1.6289	Guyana
guyanés	adj	0.0000	Guyanan | Guyanese
guyaratí	nm	0.4938	Gujarati
Guyena	prop	0.0932	Guyenne
haba	nmf	0.4634	broad bean
Habacuque	prop	1.0463	Habakkuk
habanera	nf	0.0729	habanera
habanero	adj	0.2144	Havanan
habano	nm	0.5181	Havana
haber	v	1.6682	there is | have
había una vez	loc	0.9325	once upon a time
habichuela	nf	1.2351	bean
hábil	adj	0.6771	deft | skillful | abile
habilidad	nf	1.3433	ability
habilidosamente	adv	0.1577	ably
habilitar	v	0.9557	sanction | enable
habilitarse	v	0.1832	enable
hábilmente	adv	0.0945	adroitly | skillfully | deftly
habitable	adj	0.1361	habitable | inhabitable
habitación	nf	2.6482	room
habitáculo	nm	0.5633	cabin
habitado	adj	0.1093	inhabited
habitante	adj	1.6481	inhabitant | dweller
hábito	nm	1.4154	habit
habituación	nf	0.6013	habit
habitual	adj	0.9191	habitual
habitualmente	adv	0.5927	usually | normally
habituar	v	0.4633	get used
habituarse	v	0.0011	to accustom
habla	nf	0.7469	speech
hablando del rey de Roma	saying	0.1062	speak of the devil
hablante	adj	0.8009	speaker
hablantinoso	adj	0.3743	talkative
hablar	v	1.6712	speak
hablar de broma	loc	0.0129	joke around
hablar de bueyes perdidos	loc	0.0129	joke around
hablar de burlas	loc	0.0311	joke around
hablar de la mar	loc	0.0129	joke around
hablar en broma	loc	0.0311	joke around
hacer bulto	loc	0.0223	make up the numbers
hacer calceta	loc	0.4261	knit
hacer caso	loc	0.9999	to | pay attention | pay heed
hacer caso omiso	loc	0.0005	to ignore
hacer del baño	loc	0.0002	go number two
hacer del dos	loc	0.0002	go number two
hacer del uno	loc	0.0002	go number one
hacer el pino	loc	0.0002	do a handstand
hacer falta	loc	0.7461	miss
hacer fotos	loc	0.0007	take photos | take a photo
hacer la tijera	loc	0.0493	scissoring
hacer la tijereta	loc	0.0493	scissoring
hacer luz de gas	loc	0.0539	gaslighting
hacer novillos	loc	0.6164	play truant | cut a class
hacer pellas	loc	0.5620	play truant | Skip the class
hacer perro muerto	loc	0.1668	dine and dash
hacer piecito	loc	0.0258	bunk-up | get a leg up
hacer pirola	loc	0.0920	play truant
hacer pucheros	loc	0.3209	pout
hacer punto	loc	0.4261	knit
hacer trizas	loc	1.0304	crush | smash
hacer un simpa	loc	0.1668	dine and dash
hacerse trizas	loc	0.4782	crush | smash
hacerse un ovillo	loc	0.0604	curl up
hacha	nf	3.7081	axe | hatchet | ax
hache	nf	0.2661	aitch
hachís	nm	0.2872	hashish
hacho	interj	1.6082	man | dude
hacia		2.3984	to
hacienda	nf	0.5128	ranch | hacienda
hackatón	nf	0.0946	hackathon
hacker	nm	0.8714	hacker | cracker
hada	nf	0.6705	fairy | fay
hadiz	nm	0.8044	hadith
hadrón	nm	0.1502	hadron
hafiz	nm	0.5449	guard
hafnio	nm	0.4973	hafnium
hágase la luz	loc	0.4233	let there be light
hagiografía	nf	0.2750	hagiography
haiku	nm	0.2504	haiku
Haití	n	0.4206	Haiti
haitiano	adj	0.2269	Haitian
halagador	adj	0.1626	flattering
halagar	v	0.5698	flatter
halcón de Eleonor	loc	0.0003	eleonora's falcon
halcón gerifalte	loc	0.4549	gyrfalcon
halifa	nm	0.9513	caliph
halita	nf	0.3453	halite
hálito	nm	0.9847	breath | whiff
halitosis	nf	0.4150	halitosis
hallador	adj	0.0258	finder
hallar	v	1.4853	find
hallazgo	nm	0.6343	find
Halloween	prop	0.0000	Hallowe'en | Halloween
halógeno	nm	0.1899	halogen
haloterapia	nf	0.0705	halotherapy
hamaca	nf	2.0518	hammock | swing | rocking chair
hamacar	v	0.9523	rock | swing
hambre	nf	1.3356	hunger
hambriento	adj	0.2173	hungry
hambruna	nf	0.6011	famine
Hamburgo	prop	0.3456	Hamburg
hamburgués	adj	0.1244	Hamburger
hamburguesa	nf	0.0003	hamburguer
hámster	nm	0.3020	hamster
handball	nm	0.5399	handball
hándicap	nm	0.3884	handicap
hangar	nm	0.3519	hangar
hanguear	v	0.5773	to | around | hang
hanoveriano	adj	0.0364	Hanoverian
Hans Wurst	nm	0.0000	Hans Wurst
hanseático	adj	0.0590	Hanseatic
hápax	nm	0.1062	hapax legomenon | hapax
haplología	nf	0.0929	haplology
haptofita	nf	0.1030	haptophyte
haragán	adj	1.7090	idle | lazy
harapiento	adj	0.7783	ragged | tatty
haraposo	adj	0.3841	ragged | tatty
Harbin	prop	0.1316	Harbin
hardware	nm	0.0020	computer hardware | hardware
harén	nm	0.4545	harem
harina	nf	1.2083	flour | meal
harinoso	adj	0.1212	floury
harmatán	nm	0.0004	Harmattan | harmattan
harquilla	nf	0.2231	safety pin
Hartlepool	prop	0.0000	Hartlepool
harto	adj	0.9060	tired | stuffed
hasio	nm	0.6828	hassium
hasta la vista	loc	0.0810	hasta la vista | see you later
hasta los tequeteques	loc	0.0311	to the nines | to the teeth
hasta luego	loc	0.8288	see you later | so long
hasta mañana	loc	0.1546	see you tomorrow
hastiar	v	0.8156	bore
hatchback	nm	0.0499	hatchback
hato	nm	0.0009	herd of cattle
hausa	nm	0.3786	Hausa
Havre	prop	0.2116	Le Havre
Hawái	n	0.7574	Hawaii
hawaiano	nm	0.7939	Hawaiian
haya	nf	0.5978	beech
Haya	prop	0.8232	The Hague
hayedo	nm	0.0008	beech grove
haz	nm	1.2102	bundle | beam
hazaña	nf	0.6337	deed
he aquí	loc	0.4020	behold
hebdómada	nf	0.0258	hebdomad
hebilla	nf	0.4218	buckle
hebraico	adj	0.2431	Hebraic
hebreo	nm	1.9095	Hebrew
Hebreos	n	0.6534	Hebrews
hecatombe	nf	0.3102	hecatomb
heces	n	0.7908	feces | faeces
hechicero	nmf	0.6647	conjurer | enchantress | magician | spellcaster | wizard | witchdoctor
hechizar	v	0.9746	bewitch
hechizo	nm	1.1988	charm | enchantment
hechizo	adj	1.0621	craft | homemade | locally produced
hecho	nm	1.0677	fact
hecho	adj	0.6646	done
hectágono	nm	0.0751	hectogon
hectárea	nf	0.8672	hectare
hectoamperio	nm	0.0258	hectoampere
hectocandela	nm	0.0003	hectocandela
hectofaradio	nm	0.0003	hectofarad
hectogramo	nm	0.1208	hectogram
hectohercio	nm	0.0003	hectohertz
hectojulio	nm	0.0003	hectojoule
hectokelvin	nm	0.0003	hectokelvin
hectolitro	nm	0.2361	hectolitre
hectómetro	nm	0.1334	hectometre
hectonewton	nm	0.0003	hectonewton
hectoohmio	nm	0.0003	hectoohm
Héctor	prop	0.3975	Hector
hectosegundo	nm	0.0315	hectosecond
hectovatio	nm	0.0315	hectowatt
hectovoltio	nm	0.0003	hectovolt
Hécuba	prop	0.0515	Hecuba
heder	v	0.8779	stink
hedonismo	nm	0.2116	hedonism
hedor	nm	1.3633	stink
hegeliano	adj	0.1446	Hegelian
hegemonía	nf	0.5213	hegemony
hegemónicamente	adv	0.0000	hegemonically
hégira	nf	0.6407	Hijra | Hegira
Hegoalde	prop	0.0004	Southern Basque Country
heladera	nf	0.1610	fridge
helado	nm	1.3764	ice cream
helecho	nm	0.4608	fern | bracken
Helena	prop	0.3320	Helen
helénico	adj	0.3243	Hellenic
helenio	nm	0.1502	elecampane
helenismo	nm	0.1990	Hellenism
helenista	adj	0.0005	hellenistic
helenístico	adj	0.2816	Hellenistic
helenización	nf	0.0631	Hellenization | Hellenisation
helenizante	adj	0.0000	Helleniser | Hellenizer
helenizar	v	0.1279	Hellenize
helenizarse	v	0.0905	Hellenize
heleno	adj	0.4052	Hellenic
hélice	nf	0.7358	propeller | helix
helicóptero	nm	1.2321	helicopter | chopper | whirlybird
helio	nm	1.1680	helium
heliocéntrico	adj	0.2382	heliocentric
heliocentrismo	nm	0.2116	heliocentrism | heliocentricism
heliofanía	nf	0.0004	heliophany
heliofobia	nf	0.0000	heliophobia
heliograbado	nm	0.0000	heliogravure
helipuerto	nm	0.1708	heliport
helmíntico	adj	0.0258	helminthic
helminto	nm	2.7210	worm | maggot
helmintofobia	nf	0.0000	helminthophobia | vermiphobia
helmintología	nf	0.0705	helminthology
helmintológico	adj	0.0000	helminthologic | helminthological
Helsinki	prop	0.3609	Helsinki
hematidrosis	nf	0.0000	hematidrosis
hematíe	nm	0.7135	red blood cell | erythrocyte
hematocito	nm	0.6998	red blood cell | erythrocyte
hematofagia	nf	0.0258	hematophagia | hematophagy | haematophagy
hematología	nf	0.0000	hematology | haematology
hematológico	adj	0.0000	hematological
hematoma	nm	0.9188	bruise | hematoma
hembra	nf	1.3698	female
hembrismo	nm	0.0482	female chauvinism
hemerálope	adj	0.0258	hemeralopic
hemeroteca	nf	0.0006	newspaper archive | newspaper library | periodicals archive | periodicals library
hemicránea	nf	0.6277	migraine
hemiélitro	nm	0.0000	hemelytron
hemión	nm	0.4745	onager
hemiparesia	nf	0.0446	hemiparesis
hemiplejia	nf	0.0973	palsy
hemíptero	nm	0.0440	hemipteran
hemisferio	nm	0.6654	hemisphere
hemocromatosis	nf	0.1152	hemochromatosis | haemochromatosis
hemofilia	nf	0.0000	hemophilia
hemólisis	nf	0.0000	haemolysis | hemolysis
hemoptisis	nf	0.0690	hemoptysis
hemorragia	nf	0.1577	hemorrhage
henchir	v	0.3641	fill up
hendedura	nf	0.2965	fissure | split | cleft
hender	v	1.0577	cleave
henderse	v	0.3761	burst
hendidura	nf	0.6946	fissure | cleft
henequén	nm	0.0000	henequen | henequin | sisal
heno	nm	0.9306	hay
henoteísmo	nm	0.1301	henotheism
hentai	nm	0.2111	hentai
hepatalgia	nf	0.0000	hepatalgia
hepático	adj	0.1577	hepatic
hepatitis	nf	0.2042	hepatitis
hepatitis A	loc	0.0946	hepatitis A
hepatitis B	loc	0.0946	hepatitis B
hepatitis C	loc	0.1159	hepatitis C
hepatocito	nm	0.1093	hepatocyte | hepatic cell | liver cell
hepatología	nf	0.0364	hepatology
hepatomegalia	nf	0.0576	hepatomegaly
hepatosis	nf	0.0000	hepatosis
heptadecágono	nm	0.1919	heptadecagon
heptagonal	adj	0.2487	heptagonal
heptágono	adj	0.1703	heptagon
heptasilábico	adj	0.0493	heptasyllabic
heptasílabo	adj	0.1479	heptasyllabic
heráldica	nf	0.7597	heraldry
heráldico	adj	0.0705	heraldic | heraldric
heraldo	nm	0.5053	herald
herbácea	adj	0.0705	herbal
herbáceo	adj	0.0657	herbaceous
herbicida	nm	0.2672	herbicide
herbívoro	adj	0.2311	herbivorous
herboso	adj	0.2711	grassy
hercio	nm	0.2529	hertz
heredable	adj	0.0611	inheritable
heredar	v	0.4321	inherit
heredero	adj	0.0315	inheritor
hereje	n	0.3549	heretic
herejía	nf	0.5913	heresy
herencia	nf	0.5331	inheritance
herético	adj	0.2424	heretical
herida	nf	2.1447	wound | injury
herir	v	1.8907	hurt | wound
hermafrodita	adj	0.4684	hermaphrodite
hermafroditismo	nm	0.1962	hermaphroditism
hermanastro	n	0.1524	stepbrother | stepsibling
hermandad	nf	1.0579	brotherhood | siblinghood
hermano	nmf	2.1212	sibling | friar | brother
hermeneuta	n	0.2551	hermeneut | hermeneuticist
hermoso	adj	1.9891	beautiful
hermosura	nf	0.6889	beauty
hernia	nf	0.2396	hernia
heroicamente	adv	0.1609	heroically | heroicly
heroicidad	nf	0.0004	herociness
heroico	adj	0.3059	heroic
heroificar	v	0.1281	heroize
heroína	nf	0.4914	heroin
heroísmo	nm	0.7088	heroism
heroizar	v	0.1281	heroize
herpes	nm	0.0963	herpes simplex
herpes zóster	nm	0.6834	zoster | shingles
herpetológico	adj	0.0182	herpetologic | herpetological
herpetólogo	nm	0.1046	herpetologist
herradura	nf	1.0736	horseshoe
herramienta	nf	3.4234	tool | implement | instrument | utensil
herrar	v	1.5241	iron | brand | horseshoe
herrería	nf	0.0005	blacksmith's | blacksmith's shop
herrero	nmf	1.1234	blacksmith | smith
herrumbrar	v	0.9390	rust
herrumbre	nf	0.8143	rust
herrumbroso	adj	0.3888	rusty
hervidor	nm	0.5278	kettle | boiler
hervidor	adj	0.3263	boiling
hervir	v	2.4781	boil
hesperidio	nm	0.0729	hesperidium
Hesse	prop	0.3009	Hesse
heterocedasticidad	nf	0.0364	heteroscedastic | heteroskedasticity)
heterocentrismo	nm	0.1395	heterocentrism
heteróclito	adj	0.3751	heteroclite | heteroclitous
heterocromía	nf	0.1857	heterochromia
heterocurioso	adj	0.0004	heterocurious
heterodoxo	adj	0.2463	heterodox
heteroflexible	adj	0.0000	heteroflexible
heterogeneidad	nf	0.1621	heterogeneity
heterogéneo	adj	0.6127	heterogeneous
heteronacionalismo	nm	0.1288	heteronationalism
heteronorma	nf	0.0005	heteronorm
heteronormatividad	nf	0.4352	heteronormativity
heteropatriarcado	nm	0.2101	heteropatriarchy
heteropatriarcal	adj	0.0546	heteropatriarchal
heterosexismo	nm	0.2258	heterosexism
heterosexual	adj	2.4306	heterosexual | straight
heterosexualizar	v	0.0364	heterosexualize
heterótrofo	adj	0.1152	heterotroph | heterotrophic
heurística	nf	0.2012	heuristic | heuristics
heurísticamente	adv	0.0000	heuristically
heurístico	adj	0.2249	heuristic
hevea	nm	0.1534	rubber tree
hexadecimal	adj	0.1928	hexadecimal
hexaedro	nm	0.1222	hexahedron
hexagonal	adj	0.3655	hexagonal
hexágono	nm	0.5761	hexagon
hexakosioihexekontahexafobia	nf	0.0499	hexakosioihexekontahexaphobia
hexeno	nm	0.0705	hexene
hez	nf	0.8004	rabble | lees
hiato	nm	0.6641	hiatus
hibernación	nf	0.9807	hibernation
hibernar	v	0.2550	hibernate
híbrido	adj	0.7024	hybrid
hidra	nf	0.1180	hydra
Hidra	prop	0.0005	Sea Serpent
Hidra Hembra	prop	0.0006	Sea Serpent | hydra
Hidra Macho	prop	0.0005	Water Snak
hidrácido	nm	0.0729	hydracid
hidrargirio	nm	1.3182	mercury | quicksilver
hidratación	nf	0.0729	hydration | moisturizing
hidratante	adj	0.2136	moisturizing
hidráulico	adj	0.2093	hydraulic
hidroala	nf	0.2260	hydrofoil
hidroavión	nm	0.2580	seaplane
hidrocarburo	nm	0.2174	hydrocarbon
hidroclórico	adj	0.1113	hydrochloric | chlorhydric
hidrocortisona	nf	0.1474	cortisol | hidrocortisone
hidroeléctrico	adj	0.0981	hydroelectric
hidrofobia	nf	0.9537	rabies
hidrofóbico	adj	0.1163	hydrophobic
hidrógeno	nm	1.4322	hydrogen
hidrogeología	nf	0.1093	hydrogeology
hidrografía	nf	0.6230	hydrography
hidrólisis	nf	0.1014	hydrolysis
hidrología	nf	0.2937	hydrology
hidromiel	nm	0.1295	mead
hidroplano	nm	0.1338	hydroplane
hidroponía	nf	0.1208	hydroponics
hidropónico	adj	0.0364	hydroponic
hidrosfera	nf	0.1186	hydrosphere
hidrosol	nm	0.0223	hydrosol
hidróxido	nm	0.2116	hydroxide
hidroxilo	nm	0.2529	hydroxyl
hiedra	nf	0.6825	ivy
Hiedra	prop	0.0000	Ivy
hiel	nf	0.8940	gall | bile
hielo	nm	2.5228	ice
hielo seco	nm	0.2360	dry ice
hiena	nf	0.5819	hyena
hierba	nf	4.0193	grass | herb
hierba azul	loc	0.1288	viper's bugloss | brooklime
hierba del chancho	loc	0.1667	cat's ear | catsear | false dandelion
hierba del paño	loc	0.3650	common mullein | great mullein | woolly mullein
hierba del platero	loc	0.0005	Andean horsetail
hierba loca	loc	0.0772	black henbane
hierba mora	loc	0.4007	black nightshade | common selfheal | sunberry | wonderberry
hierbabuena	nf	0.2999	spearmint
hierro	nm	0.4888	horseshoe
hietograma	nm	0.0446	hyetograph
hifa	nf	0.0669	hypha
hígado	nm	2.9876	liver
higiene	nf	0.2807	hygiene
higiénico	adj	0.1078	hygienic
higo	nm	1.0315	fig
higroelectricidad	nf	0.0002	hygroelectricity
higrómetro	nm	0.9299	hygrometer
higroscopia	nf	0.1022	hygroscopy
higuera	nf	0.0000	fig tree
higuera africana	loc	0.6738	sycamore | mulberry fig | sycamore fig
higuera egipcia	loc	0.6738	sycamore | mulberry fig | sycamore fig
hijastro	nmf	0.8958	stepchild | stepson
hijo de la chingada	loc	1.0510	son of a bitch | son of a whore
hijo de puta	loc	1.6754	son of a bitch | whoreson
hijo natural	loc	1.1489	bastard
hijo político	loc	0.3299	son-in-law
híjole	interj	0.9311	wow | whoa
hijue	interj	1.1005	crap | whoa
hijuelo	nm	0.7365	shoot
hilandero	nmf	0.1158	spinner
hilarante	adj	0.5722	hilarious
hilaridad	nf	0.2294	hilarity
hilera	nf	1.0575	row | spinneret
hilo	nm	0.9621	thread
Himalaya	prop	0.2658	Himalayas
himeneo	nm	0.2224	epithalamium | hymeneal | nuptials
himeniífero	adj	0.0002	hymeniiferous
himenio	n	0.0705	hymenium
himenóforo	adj	0.0258	hymenophore
himno	nm	0.5294	hymn
himpar	v	0.6839	sob
hincapié	nm	0.2634	emphasis
hincar los codos	loc	0.0650	nose to the grindstone
hincarse	v	0.2689	kneel
hincha	n	0.7339	hooligan
hinchado	adj	0.2034	puffy
hinchar	v	1.3861	inflate | support
hincharse	v	0.2550	inflate
hinchazón	nf	0.3073	swelling
hindi	nm	0.7730	Hindi
hindú	adj	0.6482	Hindu | Indian
hiniesta	nf	1.5394	broom
hinojo	nm	1.3661	fennel
hioides	nm	0.2543	hyoid bone
hip-hop	nm	0.1030	hip-hop | hip hop
hipar	v	1.2615	hiccup | sob
hiperalgesia	nf	0.0482	hyperalgesia
hipérbaton	nm	0.0729	hyperbaton
hipérbola	nf	0.3923	hyperbola
hipérbole	nm	0.2535	hyperbole
hiperboloide	nm	0.1046	hyperboloid
hiperbóreo	adj	0.1598	hyperborean | hyperboreal
hiperclorhidria	nf	0.0258	hyperchlorhydria
hipercromía	nf	0.0000	hyperchromia
hipercromía de piel	loc	0.0003	cutaneous hyperchromia
hiperenlace	nm	0.5763	hyperlink
hiperespacio	nm	0.1212	hyperspace
hiperferremia	nf	0.0311	hyperferremia
hiperferritinemia	nf	0.0129	hyperferritinemia
hipergamia	nm	0.0705	hypergamy
hipergastrinemia	nm	0.0000	hypergastrinaemia | hypergastrinemia
hiperhidrosis	nf	0.0831	hyperhidrosis
hiperinflación	nf	0.2234	hyperinflation
hipermercado	nm	0.1070	hypermarket
hipermetropía	nf	0.0000	far-sightedness | hypermetropia
hipermnesia	nf	0.0729	hyperthymesia
hipernocicepción	nf	0.0000	hypernociception
hiperónimo	nm	0.2515	hypernym
hiperrealismo	nm	0.0515	hyperrealism
hipersensible	adj	0.1150	hypersensitive
hipersomnia	nf	0.0729	hypersomnia
hipersomnio	nm	0.0515	hypersomnia
hipersónico	adj	0.1812	hypersonic
hipertensión	nf	0.0182	high blood pressure
hipertexto	nm	0.5266	hypertext
hipertrofia	nf	0.2208	hypertrophy
hiperventilación	nf	0.0003	hiperventilation
hipervínculo	nm	0.4991	hyperlink
hipervisor	nm	0.0364	hypervisor
hipervisor de almacenamiento	nm	0.0223	storage hypervisor
hipnagógico	adj	0.0631	hypnagogic
hipnofobia	nf	0.0000	hypnophobia
hipnosis	nf	0.2375	hypnosis
hipnotismo	nm	0.1513	hypnotism
hipnotizador	adj	0.2208	hypnotist | hypnotizer | hypnotizing | mesmerizer | enthralling | spellbinding
hipnotizar	v	0.0000	hypnotise
hipo	nm	0.8602	hiccup | hiccough
hipoclorhidria	nf	0.0000	hypochlorhydria
hipocondría	nf	0.4448	hypochondria | hypochondriasis
hipocondrio	nm	0.0576	hypochondrium
hipocono	nm	0.0000	hypocone
hipocorístico	nm	0.1519	hypocoristic
hipocresía	nf	0.0000	hipocrisy | hypocrisy
hipócrita	adj	1.0452	hypocrite
hipódromo	nm	0.9721	hippodrome
hipofonía	nf	0.0000	hypophonia
hipogeo	adj	0.0515	hypogeal
hipogonadismo	nm	0.0258	hypogonadism
hipónimo	nm	0.2361	hyponym
hipopótamo	nm	1.0130	hippopotamus | hippo
hipopotasemia	nf	0.2045	hypokalemia
hipoteca	nf	1.0274	mortgage
hipotecar	v	0.6166	mortgage | jeopardize
hipotenusa	nf	0.1313	hypotenuse
hipótesis	nf	1.2689	hypothesis
hipotético	adj	0.2073	hypothetical
hipsofilo	nm	0.0822	bract
hiragana	nm	0.1893	hiragana
hiriente	adj	0.0129	hurting
hirsutismo	nm	0.0561	hirsutism
hirsuto	adj	0.3459	bristly | bushy
hisopo	nm	0.3636	hyssop | aspergillus | aspersorium
hispanismo	nm	0.0182	Hispanism
hispano	adj	0.2025	Hispanic
hispanófilo	adj	0.0000	hispanophile
hispir	v	0.0003	become spongy | make spongy
hispirse	v	0.2703	swell
histamina	nf	0.1208	histamine
histerectomía	nf	0.0815	hysterectomy
histidina	nf	0.0854	histidine
histología	nf	0.1629	histology
historia	nf	4.4432	history | story
historiador	nmf	1.0500	historian
historial web	nm	0.0004	web history
historiar	v	0.6410	history
históricamente	adv	0.3246	historically
historicidad	nf	0.0531	historicity
historicismo	nm	0.0835	historicism
historicista	adj	0.0000	historicist
histórico	adj	0.0009	historicalhistoric | historical
historieta	nf	0.7225	comic
historiografía	nf	0.2786	historiography
historiográficamente	adv	0.0000	historiographically | historiographiquement
historiográfico	adj	0.0258	historiographic | historiographical
historiógrafo	nmf	0.0929	historiographer
hitar	v	1.1545	to | milestone
hitbodedut	nf	0.0003	hitbodedut
hitita	adj	0.2576	Hittite
hitita	nm	0.0004	Hittite language
hiyab	nm	0.1851	hijab
hocicar	v	0.9516	pitch
hocico	nm	0.8518	snout
hocico de tenca	loc	0.0005	ostium of uterus
hodofobia	nf	0.0000	hodophobia
hogar	nm	1.2426	fireplace | home | hearth | household
hogaza	nf	0.4040	loaf
hoguera	nf	0.4397	bonfire
hoja	nf	3.1097	leaf | sheet | blade
hoja bloque	loc	0.0315	minisheet
hoja de cálculo	loc	0.2022	spreadsheet
hojalata	nf	0.9611	tin | tinplate
hojaldre	nmf	0.0223	flaky pastry
hojarasca	nf	0.4895	chaff | fallen leaves
hojas	n	0.0000	leaves
hola	interj	4.6227	hello | hi
holá	interj	1.2601	hello
holanda	nf	0.1244	holland | Holland cloth
Holanda	n	1.2139	Holland
holgar	v	0.6995	rest | idle
holgazán	adj	1.0606	lazy | loafing
holgazanear	v	1.3208	idle | lounge
holismo	nm	0.1070	holism
holístico	adj	0.1634	holistic
hollar	v	0.7982	press
hollejo	nm	0.3786	skin
hollín	nm	0.5965	soot
holmio	nm	0.5077	holmium
holocausto	nm	0.3826	Holocaust | holocaust
Holocausto	prop	0.7157	Holocaust
holoceno	adj	0.0004	holocene
holograma	nm	0.1201	hologram
holónimo	nm	0.0003	Holonym
hombre	nm	4.4261	man | husband
hombre	interj	1.3996	bro
hombre cis	loc	0.1261	cis man
hombre de la calle	loc	0.3265	homeless
hombre lobo	loc	0.8291	lycanthrope | werewolf
hombre medicina	loc	0.0854	medicine man
hombre trans	loc	0.1824	trans man
hombrecillo	nf	0.0005	homullus | homunculus | la
hombro	nm	2.4048	shoulder
homenaje	nm	0.5272	homage | tribute
homeomorfismo	nm	0.1222	homeomorphism
homeopatía	nf	0.1123	homeopathy
homeoplasia	nf	0.0002	homeoplasia
homeóptote	nf	0.0006	homeoptoton
homeóptoton	nm	0.0006	homeoptoton
homeostasia	nf	0.2816	homeostasis
homeostasis	nf	0.2333	homeostasis
homeóstasis	nf	0.1166	homeostasis
homer	nm	0.0680	homer
homérico	adj	0.0000	homeric
homicida	adj	0.5593	assassin | hitman
homínido	nm	0.1453	hominid
homocedasticidad	nf	0.0546	homoscedasticity
homocurioso	adj	0.0000	homocurious
homoflexible	adj	0.0000	homoflexible
homofobia	nm	0.3326	homophobia
homofóbico	adj	0.1186	homophobic
homofonía	nf	0.0705	homophony
homófono	adj	0.2185	homophone
homogeneidad	nf	0.1395	homogeneity
homogéneo	adj	0.4051	homogeneous
homógrafo	adj	0.1093	homograph
homolateral	adj	0.0622	homolateral | ipsilateral
homologar	v	0.0546	homologate
homólogo	adj	0.3295	homologous
homomorfismo	nm	0.0705	homomorphism
homonacionalismo	nm	0.1411	homonationalism
homonegatividad	nf	0.0000	homonegativity
homonimia	nf	0.1521	homonymy
homonormatividad	nf	0.0631	homonormativity
homopatriarcado	nm	0.1030	homopatriarchy
homoquiralidad	nf	0.0000	homochirality
homosexual	adj	1.7026	homosexual | gay
homosexualidad	nf	1.8417	homosexuality
homosexualizar	v	0.0986	homosexualize
honda	nf	1.0469	sling
hondamente	adv	0.3148	deep
hondo	adj	0.8328	deep
Honduras	prop	1.5260	Honduras
hondureño	adj	0.2993	Honduran
honestamente	adv	0.2884	honestly
honestidad	nf	0.7838	honesty
honesto	adj	0.8654	honest
Hong Kong	n	1.2947	Hong Kong
hongo	nm	1.1559	fungus | mushroom
Honolulú	prop	0.2457	Honolulu
honor	nm	1.2949	honor | honour
honorabilidad	nf	0.0000	honorability
honradez	nf	0.2265	honesty
honrar	v	1.2949	honor
hoplita	nm	0.1022	hoplite
hora	nf	1.2280	hour
hora pico	loc	0.5024	rush hour
hora punta	loc	0.5024	rush hour
Horacio	prop	0.1995	Horace
horadable	adj	0.0000	drillable
horario	adj	0.4661	timetable
horario de verano	loc	0.1108	daylight saving time
Horas	n	0.0407	Horae
horca	nf	0.7006	gallows | gibbet
horda	nf	0.9416	horde
horita	adv	0.1457	right now
horizontal	adj	0.2950	horizontal
horizonte	nm	1.0792	horizon | skyline
horma	nf	0.4669	last
hormiga	nf	2.9085	ant | pismire | emmet
hormigón	nm	0.8774	concrete
hormigón armado	loc	0.1275	ferroconcrete | reinforced concrete
hormigonera	nf	0.2524	cement mixer | concrete mixer | concrete mixer truck
hormiguero	nm	0.3368	anthill | ant-hill | swarming
hormillón	nm	0.0182	hat block
hormona	nf	1.1389	hormone
hormona estimulante del tiroides	loc	0.0546	TSH | thyroid-stimulating hormone
hormona tirotrópica	loc	0.0546	TSH | thyroid-stimulating hormone
hormonal	adj	0.1519	hormonal
hormonarse	v	0.1717	hormone
hornablenda	nf	0.1113	hornblende
hornacina	nf	0.2187	recess
hornear	v	0.5823	bake
Hornillo	prop	0.0005	The Laboratory Furnace
horno	nm	0.7304	oven | furnace | kiln
Horno	prop	0.0005	The Laboratory Furnace
Horno Químico	prop	0.0005	The Laboratory Furnace
horómetro	nm	0.0000	horometer
horóscopo	nm	0.1785	horoscope
horqueta	nf	0.5428	pitchfork
horquillo	nm	1.1328	pitchfork
horrible	adj	1.0823	horrible
horriblemente	adv	0.2907	horribly
horror	nm	0.6756	horror
horrorizar	v	0.2656	horrify
horroroso	adj	0.9355	horrible
hortaliza	nf	0.0000	big fish
hosanna	interj	0.1524	hosanna | hosana
hosco	adj	0.8075	gloomy | sullen
hospedador	adj	0.5624	host
hospedaje	nm	0.5492	hostel | lodging
hospedarse	v	0.4422	stay
hospicio	nm	0.1652	poorhouse
hospital	nm	1.0468	hospital
hospitalidad	nf	0.5294	hospitality
hosquedad	nf	0.0315	surliness
hostal	nm	0.5863	hostel | lodging house | guest house
hostería	nf	0.0000	guest house | lodging house
hostia	nf	2.4863	host | communion wafer
hostigamiento	nm	0.3455	harassment
hostil	adj	0.6216	hostile
hostilidad	nf	0.7755	hostility
hostilizar	v	0.1509	harass
hotel	nm	1.8027	hotel
hoy	adv	3.1773	today
hoya	nf	1.7362	hole | grave
hoyo	nm	2.3558	hole | grave | dimple
hoyo negro	loc	0.5383	black hole
hoyuela	nf	0.0427	jugular notch | suprasternal notch
hoyuelo	nm	0.3940	dimple
hoz	nf	1.1536	sickle
HTML	nm	0.0892	HTML
huácala	interj	0.3340	ew | ick
huaico	nm	0.1620	landslide
huairavo	nm	1.1179	black-crowned night heron
huala	nm	0.0009	great grebe
huapango	nm	0.0000	huapango
huarache	nm	0.0005	leather sandal
huasteco	nm	0.0005	Wastek language
huasteco	adj	0.0000	Huastec
huave	nm	0.0003	Huave language
huave	adj	0.0000	Huave
hucha	nf	0.7112	piggy bank | money box
hueco	adj	1.7943	deep | hollow | spongy
Huejutla de Reyes	prop	0.0546	Huejutla
huele	adj	0.5390	left-handed
hueledenoche	nm	0.0010	hasna hena | lady of the night | night-blooming cestrum | night-blooming jasmine | night-blooming jessamine | queen of the night
huelga	nf	2.3496	strike | industrial action | job action
huelga de hambre	loc	0.2340	hunger strike
huelga general	loc	0.3217	general strike
huella	nf	1.2042	footprint | trace
Huelva	prop	0.1387	Huelva
huemul	nm	0.0003	South Andean deer
huerfanidad	nf	0.1208	orphanhood | orphandom | orphanity
huérfano	adj	1.4157	orphan
huero	adj	0.7295	hollow
huerta	nf	0.4654	vegetable garden
huerto	nm	0.7653	orchard
huesa	nf	0.4465	marriage
huesillo	nm	0.0003	dried peach
hueso	nm	4.4225	bone | pit
hueso cigomático	loc	0.3568	cheekbone
huésped	nm	1.7003	guest | host
hueste	nf	0.2848	troop | army
huesudo	adj	0.2382	bony
hueva	nf	0.4747	spawn | roe
huevear	v	0.8636	childish | annoy
huevo	nm	5.0815	egg | ball
huevo de Colón	loc	0.1363	egg of Columbus
huevón	nm	1.1374	dude
Hugo	prop	0.1046	Hugh
huida	nf	1.0413	flight
huidizo	adj	0.4309	fleeting | elusive
huilco	nm	0.0005	Chiloe fire-eyed diucon
huillo	nm	0.2750	spout
huincha aisladora	loc	0.0644	electrical tape
huío	nm	0.0005	white-crested elaenia
huipil	nm	0.0000	huipil
huir	v	1.4498	flee
hule	nm	0.3121	rubber
hulla	nf	0.0000	bituminous coal | soft coal
humanidad	nf	1.5479	humanity | mankind
humanismo	nm	0.2329	humanism
humanista	n	0.1756	humanist
humano	adj	2.0274	human | humane
Humberto	prop	0.0576	Humbert
humectante	adj	0.1635	moisturizing
humedad	nf	0.6965	humidity | wetness | air humidity
húmedo	adj	0.9560	humid | moist | damp
húmero	nm	0.3299	humerus
humidificador	nm	0.1242	humidifier
humidificar	v	0.1112	humidify
humildad	nf	0.1521	humbleness | humility
humilde	adj	0.8660	humble
humillación	nf	0.7031	humiliation
humillante	adj	0.3048	humiliating
humillar	v	1.3278	humiliate
humita	nf	0.8422	bowtie
hummus	nm	0.5279	hummus
humo	nm	3.0463	smoke | fume | fog | mist
humo de segunda mano	loc	0.0000	secondhand smoke
humor	nm	0.1523	humor | humour
humor negro	nm	0.1170	black humor | black humour
humus	nm	0.8938	humus
hundirse	v	0.6534	collapse
húngaro	adj	0.0014	hungarian
húngaro	nm	1.7173	Hungarian
Hungría	n	1.0828	Hungary
huracán	nm	0.9321	hurricane
hurco	nm	0.0005	Chiloe fire-eyed diucon
hurgar	v	0.6792	frisk | blow the fire
hurí	nf	0.1760	houri
hurón	nmf	1.0581	ferret
hurón menor	loc	0.2935	ferret
hurra	interj	0.4077	hooray | hurrah
hurtar	v	2.7394	steal | purloin
hurto	nm	0.6367	theft
húsar	nm	0.2726	hussar
husita	adj	0.0946	Hussite
husmeador	adj	0.1214	sniffer | sniffing | snoop | snooper | snooping | snoopy
husmear	v	0.8230	sniff
huso	nm	0.8909	spindle
huso horario	loc	0.2357	time zone
hutia	nm	0.0762	hutia
huy	interj	0.4017	oh | ouch | argh
Hydra	prop	0.0005	Sea Serpent
Hydrus	prop	0.0006	Water Snak
Hyla	n	0.1166	tree frog
i		0.2891	i
iatrofobia	nf	0.0546	iatrophobia
iatrogénico	adj	0.1747	iatrogenic
iberoamericano	adj	0.0004	iberoamerican
íbice	nm	0.3821	ibex
ibídem	adv	0.0622	ibidem
ibis	nm	0.2637	ibis
icaco	nm	0.0311	cocoplum
Ícaro	prop	0.1093	Icarus
ichthys	nm	0.0000	ichthus | ichthys
icnográfico	adj	0.0000	ichnographic | ichnographical
icónico	adj	0.1027	iconic
ícono	nm	0.3114	icon
iconográfico	adj	0.0705	iconographic | iconographical
iconología	nf	0.0892	iconology
icor	nm	0.0929	ichor
icosaedro	nm	0.1014	icosahedron
ictericia	nf	0.3998	jaundice | icterus
íctico	adj	0.0315	ichthyic
ictiología	nf	0.1728	ichthyology
ictiológico	adj	0.0000	ichthyologic | ichthyological
ictiosaurio	nm	0.1242	ichthyosaur
ictus	nm	0.5777	stroke
ida	nf	0.1485	going | leaving
idea	nf	3.8786	idea
idea fija	loc	0.3236	idée fixe
idealismo	nm	0.3717	idealism
idealista	adj	0.4073	idealist
idealizador	adj	0.0000	idealising | idealizing
idealizar	v	0.0997	idealize
idealmente	adv	0.0482	ideally
idear	v	0.6949	devise
idempotente	adj	0.0561	idempotent
idénticamente	adv	0.0740	identically
idéntico	adj	0.9410	identical | identic
identidad	nf	1.2283	identity | sameness
identidad de género	loc	0.4764	gender identity
identidad sexual	loc	0.0705	sexual identity
identificación	nf	0.4338	identification
identificador	nm	0.3381	identifier
identificar	v	0.5448	identify
identificarse	v	0.2013	identify
ideófono	nm	0.1109	ideophone
ideología	nf	0.5522	ideology
ideológico	adj	0.2220	ideological | ideologic
idílico	adj	0.0751	idyllic
idilio	nm	0.1093	idyll
idiófono	adj	0.0705	idiophone
idiolecto	nm	0.1411	idiolect
idioma	nm	5.1149	language
idiosincrasia	nf	0.3162	idiosyncrasy
idiota	adj	3.1708	idiot | idiotic
idiotez	nf	0.9379	idiocy | bullshit | foolishness
idiotismo	nm	0.3768	idiom
idólatra	adj	0.3950	idolatrous
idolatrar	v	0.1426	idolize
idolatría	nf	0.2890	idolatry
idolátrico	adj	0.0682	idolatrous
idolopeya	nf	0.0000	eidolopeia | eidolopoeia | idolopeia | idolopoeia
idóneo	adj	1.8286	fit | suitable | able | capable | competent
idos	nm	0.1627	ides
idus	nm	0.1180	ides
igbo	nm	0.2524	Igbo
iglesia	nf	4.5769	church | kirk
iglú	nm	0.5349	igloo
Ignacio	prop	0.1709	Ignatius
ígneo	adj	0.1679	igneous
ignición	nf	0.1651	ignition
ignominia	nf	0.4738	ignominy
ignorancia	nf	0.9295	ignorance
ignorante	adj	1.0025	ignorant
ignorar	v	1.0973	ignore
igual	adj	1.2563	equal
igualar	v	1.3202	level
igualdad	nf	0.5778	equality
igualitario	adj	0.0003	egalitaria
igualitarismo	nm	0.1313	egalitarianism
igualitico	adj	0.2436	identical
igualmente	adv	1.1481	likewise | equally
iguana	nf	1.0669	iguana
ijar	nm	0.7906	flank
ikastola	nf	0.0003	ikastola
ikebana	nm	0.2275	ikebana
ilación	nf	0.2879	illation
ilativo	adj	0.0839	illative
ilegal	adj	1.1487	illegal
ilegalidad	nf	0.1245	illegality
ilegalmente	adv	0.2377	illegally | unlawfully
ilegible	adj	0.2153	unreadable | illegible
ilegiblemente	adv	0.0000	illegibly
ileso	adj	0.4491	unharmed | unscathed
iletrado	adj	0.5308	illiterate
ilíaco	adj	0.0834	iliac
iliberal	adj	0.1378	illiberal
iliberalismo	nm	0.0946	illiberalism
ilimitado	adj	0.2947	unlimited | limitless
Illinois	n	0.1260	Illinois
illo	nm	0.9100	dude
ilocano	adj	0.0004	ilokano
ilota	nm	0.1644	helot
iluminación	nf	0.6720	illumination
iluminado	adj	0.0223	illuminated
iluminar	v	0.6905	illuminate
ilusión	nf	1.9303	illusion
ilusión óptica	loc	0.0003	visual illusion
ilustración	nf	0.6762	diagram
ilustrar	v	0.4120	illustrate
ilustre	adj	1.1582	illustrious
imagen	nf	1.6631	image | picture
imaginación	nf	1.0539	imagination
imaginaria	nm	0.0864	night watch
imán	nm	0.3726	imam
imbécil	adj	0.9411	imbecile
imberbe	adj	0.4468	beardless | callow
imbricar	v	0.2443	overlap | interweave
IMC	nm	0.0914	BMI
ime	nm	0.1731	chaff
imitación	nf	0.4196	imitation
imitar	v	0.5518	imitate
impaciente	adj	0.3412	impatient
impactar	v	0.6145	impact
impacto	nm	0.5877	crash
imparable	adj	0.2406	unstoppable
imparcial	adj	0.5212	impartial | unbiased | fairminded
imparcialidad	nf	0.3698	impartiality
impartir	v	0.4964	give
impasibilidad	nf	0.0446	impassibility | impassiveness | impassivity
impasible	adj	0.2187	impassible
impedimento	nm	0.9307	impediment
impedir	v	0.0013	prevent from | stop
impeler	v	0.8220	chase
impenetrable	adj	0.1995	impenetrable
impensable	adj	0.3464	unthinkable
imperar	v	0.4358	rage
imperativo	nm	0.3100	imperative
imperceptible	adj	0.2516	imperceptible
imperceptiblemente	adv	0.0628	imperceptibly
imperdible	nm	0.3847	safety pin
imperdonable	adj	0.2615	unforgivable
imperfección	nf	0.5344	imperfection
imperfecto	adj	0.9060	imperfect
imperialismo	nm	0.2361	imperialism
imperialista	adj	0.3263	imperialist | imperialistic
imperio	nm	1.0731	empire
Imperio Bizantino	loc	0.2382	Byzantine Empire
Imperio Romano	prop	0.2655	Roman Empire
imperioso	adj	0.1457	imperious
imperito	adj	0.3252	inexperienced | inexpert | unskilled
impermeabilidad	nf	0.0939	impermeability
impermeable	adj	0.5910	waterproof | impervious
impermeable	nm	0.5680	raincoat
impersonal	adj	0.2056	impersonal
imperturbable	adj	0.1598	unflappable
impétigo	nm	0.1062	impetigo
ímpetu	nm	1.6802	force | impetus | momentum | vigor
impetuoso	adj	0.4600	impetuous
implacable	adj	0.5498	implacable | relentless | unrelenting
implacablemente	adv	0.0794	ruthlessly
implementar	v	0.3086	implement
implemento	nm	0.3086	implement
implicar	v	0.4664	implicate
implícitamente	adv	0.1152	implicitly
implícito	adj	0.5992	implicit
implorar	v	0.4805	implore
implosión	nf	0.1639	implosion
implosionar	v	0.1832	implode
implosivo	adj	0.0000	implosive | implodent
impoluto	adj	0.2199	spotless
imponer	v	0.7833	deposit | burden | bring out
impopular	adj	0.1651	unpopular
importancia	nf	0.7754	importance
importante	adj	0.8870	important
importar	v	1.8608	import | get | matter
importar un pito	loc	0.0007	not give a tinker's damn | not give a damn
imposibilidad	nf	0.2652	impossibility
imposiblemente	adv	0.0929	impossibly
impostor	adj	0.4001	impostor
impostura	nf	0.1444	imposture
impotencia	nf	0.2093	impotency | impotence | powerlessness
imprecación	nf	0.3551	imprecation
imprecar	v	0.2274	imprecate
impreciso	adj	0.2796	inaccurate | unprecise
imprenta	nf	0.3567	air
imprescindible	adj	0.5705	indispensable
impresionable	adj	0.1411	impressionable
impresionante	adj	0.4105	impressive
impresionar	v	0.4732	captivate
impresionismo	nm	0.1577	impressionism
impresionista	adj	0.1433	impressionist | impressionistic
impresora	nf	0.6636	printer
imprevisible	adj	0.2701	unforeseeable
imprevisión	nf	0.4384	lack | foresight | of
imprevisor	adj	0.1407	improvident
imprevisto	adj	0.5001	unexpected | unforeseen
imprimar	v	0.2746	prime
imprimir	v	0.6677	print
improbabilidad	nf	0.0682	improbability
improbable	adj	0.3385	unlikely
improbablemente	adv	0.0705	improbably | unprobably
improbidad	nf	0.2321	dishonesty
improcedente	adj	0.5031	inappropriate | inadmissible
improductivo	adj	0.1238	unproductive
impromptu	nm	0.1626	impromptu
impronta	nf	0.5387	imprint | impression
impronunciable	adj	0.2634	indescribable | unspeakable | unpronounceable | ofensive
improperio	nm	0.3578	expletive
impropiamente	adv	0.2361	improperly | unsuitably | inappropriately
impropiedad	nf	0.2656	impropriety | inappropriateness | unsuitability
impropio	adj	0.8009	incorrect | unsuitable | inappropriate | improper
impropriamente	adv	0.2150	improperly | inappropriately
impropriedad	nf	0.1540	impropriety | unsuitability | inappropriateness
improvisadamente	adv	0.2300	impromptu
improvisamente	adv	0.2300	impromptu
improvisar	v	0.3438	improvise
improvisto	adj	0.4143	unexpected
imprudencia	nf	0.3509	imprudence
imprudente	adj	0.5067	imprudent | foolhardy | rash | reckless
imprudentemente	adv	0.0998	recklessly
impúber	adj	0.1087	prepubescent
impugnación	nf	0.4307	appeal
impugnar	v	0.0008	to dispute | to contest
impulsivo	adj	0.6855	impulsive
impulso	nm	0.6881	impulse
impune	adj	0.1180	unpunished
impunidad	nf	0.3069	impunity
impuntual	adj	0.0669	unpunctual
impureza	nf	0.4946	impurity
impuro	adj	0.4265	impure
imputación	nf	0.2792	imputation
imputar	v	0.6078	impute
inaceptable	adj	0.3271	unacceptable
inadaptable	adj	0.0000	inadaptable
inagotable	adj	0.1082	indefatigable
inalámbrico	adj	0.3541	wireless
inalcanzable	adj	0.1319	unreachable
inalienable	adj	0.3657	inalienable
inalterable	adj	0.3290	unalterable | inalterable
inane	adj	0.9449	pointless | inane
inanición	nf	0.3743	starvation | inanition
inanidad	nf	0.1449	idleness
inapelable	adj	0.2174	definitive | unappealable
inapetencia	nf	0.0005	lack of apetite
inapropiado	adj	0.3557	inappropriate
inaudible	adj	0.1482	inaudible
inaudito	adj	0.3312	outrageous
inaugural	adj	0.1468	inaugural | opening
inaugurar	v	0.4231	consecrate
incaico	adj	0.0933	Incan
incandescente	adj	0.1084	incandescent
incapacidad	nf	0.3652	incapacity
incapacidad laboral	loc	0.0669	sick leave
incapacitar	v	0.1423	incapacitate
incapaz	adj	0.3288	unable
incásico	adj	0.0933	Incan
incautación	nf	0.5195	seizure | confiscation
incautarse	v	0.4207	confiscate | seize
incauto	adj	0.0000	naïve
incendiar	v	0.4602	set on fire
incendiario	adj	0.3519	incendiary
incendio	nm	2.6324	fire
incentivo	adj	0.4103	incentive
incerteza	nf	0.3620	uncertainty
incertidumbre	nf	0.5352	uncertainty
incesto	nm	1.0278	incest
incesto	adj	0.3686	incestuous
incienso	nm	0.8022	incense
incierto	adj	0.8740	uncertain
incinerar	v	0.2766	cremate
incitar	v	0.8795	incite
inclinación	nf	0.4685	slant
incluir	v	0.6149	include
inclusionista	nm	0.0000	inclusionist
incoar	v	0.5893	institute | inchoate
incobrable	adj	0.9752	bad
incognoscible	adj	0.2385	unknowable
incoherencia	nf	0.0822	incoherence
incoherente	adj	0.2738	incoherent
incoloro	adj	0.0546	colorless
incólume	adj	0.2413	undamaged
incombinable	adj	0.0288	incombinable
incombustible	adj	0.1858	incombustible
incomible	adj	0.1366	inedible
incomodar	v	1.1950	bother | annoy
incomodidad	nf	0.4866	discomfort
incómodo	adj	0.4026	uncomfortable
incomparable	adj	0.4066	incomparable | uncomparable
incomparablemente	adv	0.0446	incomparably
incomparecencia	nf	0.4551	absence | nonappearance
incompatibilidad	nf	0.2184	incompatibility
incompatible	adj	0.2262	incompatible
incompetencia	nf	0.4992	incompetence
incompleto	adj	0.5432	incomplete
incomprensible	adj	0.5071	incomprehensible
incomprobable	adj	0.0427	unprovable
inconcebible	adj	0.3192	inconceivable
inconexo	adj	0.0804	disjointed | unconnected
inconformismo	nm	0.0739	nonconformism
incongruente	adj	0.0515	incongruent
inconsciente	adj	0.2504	irresponsible
inconsciente colectivo	nm	0.1046	collective unconscious
inconscientemente	adv	0.1282	unconsciously
inconstitucional	adj	0.1598	unconstitutional
inconstitucionalmente	adv	0.0341	unconstitutionally
incontinencia	nf	0.1380	incontinence
incontinente	adj	0.2281	incontinent
incontrolable	adj	0.2341	uncontrollable
incoordinación	nf	0.0000	incoordination
incorporar	v	0.5765	incorporate
incorporarse	v	0.5907	establish
incorpóreo	adj	0.2465	incorporeal
incorrección	nf	0.2941	incorrectness
incorrectamente	adv	0.3510	incorrectly
incorrecto	adj	0.6062	incorrect
incorruptible	adj	0.1985	incorruptible
incorrupto	adj	0.0440	uncorrupted | incorrupt
incoterm	nm	0.0000	incoterm
incredulidad	nf	0.2774	incredulity
increencia	nf	0.0911	unbelief
increíble	adj	0.9750	incredible
increíblemente	adv	0.1002	unbelievably
increpar	v	0.0002	rebuke chastise
incriminación	nf	0.4832	accusation
incruento	adj	0.3192	bloodless
incrustar	v	0.3494	impress
incrustarse	v	0.3558	rust
incubadora	nf	0.2487	incubator
incuestionablemente	adv	0.1551	unquestionably
inculcar	v	0.3915	inculcate
inculpación	nf	0.0000	inculpation
inculpado	adj	0.4386	accused | innocent
inculpar	v	0.0005	accuse (of)
inculturación	nf	0.0315	inculturation
inculturización	nf	0.0315	inculturation
incumbir	v	0.1330	fall upon
incumplimiento de contrato	loc	0.2093	breach of contract
incunable	adj	0.0644	incunable | incunabulum
incurable	adj	0.5365	incurable | hopeless
incuria	nf	0.1775	carelessness
incursión	nf	0.2793	incursion
indagación	nf	0.7822	examination
indagador	adj	0.3040	examiner | inquirer | inquiring | interrogator | investigating | investigator
indagar	v	0.5702	inquire | investigate
indecidible	adj	0.0364	undecidable
indeciso	adj	1.4758	draw
indecoroso	adj	0.5165	improper | indecent | indecorous
indefenso	adj	0.4068	helpless
indeleble	adj	0.1221	indelible
indemne	adj	0.3539	undamaged
indemnización	nf	0.9625	indemnity | indemnification
independencia	nf	1.0750	independence
independentista	adj	0.1473	independentist
independientemente	adv	0.2124	independently
independientemente de	loc	0.1177	regardless of
indeseable	adj	0.3110	undesirable
indeseado	adj	0.1572	unwanted
indeterminado	adj	0.2005	indeterminate | undeterminate
indexar	v	0.3670	index | to
India	n	1.3795	India
Indiana	n	0.0997	Indiana
indias	nf	0.2520	Peru
indicación	nf	0.6569	indication
indicado	nm	0.1616	suitable
indicador	adj	0.0000	indicating
indicar	v	0.5542	indicate
indicativo	adj	0.2555	indicative
índice	nm	1.3215	index | forefinger | index finger
indiciado	adj	0.2116	defendant
indicio	nm	0.7753	clue
indiferencia	nf	0.7643	indifference
indígena	adj	0.6935	indigenous | native
indigencia	nf	0.3308	indigence
indigente	adj	0.5023	indigent
indignación	nf	0.2779	indignation
indignamente	adv	0.0364	unworthily
indignidad	nf	0.1380	indignity
indigno	adj	0.3970	unworthy
índigo	nm	0.0010	true indigo
indio	nm	1.0621	indium
indio	adj	2.7982	Indian
Indio	prop	0.0003	The American Indian
indirectamente	adv	0.1030	indirectly
indiscreción	nf	0.5431	indiscretion | gaffe
indiscreto	adj	0.3876	indiscreet
indiscutible	adj	0.8235	indisputable
indisponerse	v	0.0005	get indisposed
indisponible	adj	0.2550	unavailable
indistinción	nf	0.0000	indistinctness
individual	adj	0.0311	Hausdorff
individualidad	nf	0.3712	individuality
individualmente	adv	0.1925	individually
individuo	nm	1.0677	individual
indiviso	adj	0.1300	undivided
indoeuropeo	adj	0.1733	Indo-European
índole	nf	0.8094	nature
indomable	adj	0.2498	indomitable
indomeñable	adj	0.0000	untamable | undomitable | unruly
indoméstico	adj	0.1030	untamed
Indonesia	n	0.8808	Indonesia
indonesio	nm	0.6737	Indonesian
indonesio	adj	0.0008	indonesian
indri	nm	0.1428	indri
inductivo	adj	0.0556	inductive
indudablemente	adv	0.3015	undoubtedly
indulgente	adj	0.1830	forgiving
indultar	v	0.3075	commute
indulto	nm	0.0000	indult
indumentaria	nf	0.8480	clothing
indumento	nm	0.0000	indumentum
indusio	nm	0.0000	indusium
industria	nf	0.4445	industry
industrial	adj	0.7177	industrial
industrialización	nf	0.2726	industrialization
inédito	adj	0.1313	unpublished
inefable	adj	0.4758	ineffable | indescribable
ineluctable	adj	0.1865	ineluctable
ineludible	adj	0.6551	inevitable
inenarrable	adj	0.3843	extraordinary
ineptitud	nf	0.2457	inadequacy
ineptocracia	nf	0.0000	ineptocracy
inercia	nf	0.4310	inertia
inerme	adj	0.1801	unarmed
inertancia	nf	0.0000	inertance
inerte	adj	0.4206	inert
Inés	prop	0.6220	Agnes
inescrutable	adj	0.1770	inscrutable
inesivo	adj	0.1093	inessive
inesperado	adj	0.6550	unexpected
inestable	adj	0.5402	unstable
inevitable	adj	0.6551	inevitable
inexistencia	nf	0.1992	inexistence | nonexistence
inexistente	adj	0.6077	nonexistent | unexistent | inexistent
inexorable	adj	0.3360	inexorable
inexorablemente	adv	0.0917	inexorably
inexperto	adj	0.5441	inexperienced
inexplicablemente	adv	0.1111	inexplicably | unexplainably
inexpresable	adj	0.2274	inexpressible | inexpressable | unexpressible
infalible	adj	0.3232	infallible
infaliblemente	adv	0.0669	infallibly | unfailingly
infamar	v	1.2660	gossip
infancia	nf	0.4897	infancy | childhood
infante	nmf	1.1386	prince
infantería	nf	0.2238	infantry
infantil	adj	0.6599	infantile | childish
infarto	nm	0.3973	heart attack
infatigable	adj	0.1082	indefatigable
infatigablemente	adv	0.0258	indefatigably
infausto	adj	0.4778	ill-fated | doomed
infección	nf	0.7487	infection
infeccioso	adj	0.3762	infectious
infectar	v	0.5629	infect
infecundidad	nf	0.0000	infecundity | infertility
infecundo	adj	0.4220	infertile | unfruitful
infelicidad	nf	0.4560	unhappiness
infeliz	adj	1.0582	unhappy | unsuccessful
inferencia	nf	0.4589	conclusion
inferioridad	nf	0.2061	inferiority
inferir	v	0.9622	infer | deduce | inflict | cause
infestación	nf	0.0631	infestation
infestar	v	0.4907	imp
infidelidad	nf	0.4652	infidelity
infiel	adj	0.4759	unfaithful
infierno	nm	3.1555	hell | inferno
infijo	adj	0.1056	infix
infiltrar	v	0.0005	inflitrate | infiltrate
ínfimo	adj	0.3663	negligible
infinidad	nf	0.5155	infinity
infinitesimal	adj	0.1457	infinitesimal
infinitivo	nm	0.3706	infinitive
inflación	nf	0.8080	inflation
inflamable	adj	0.4379	flammable | inflammable
inflamación	nf	0.5566	inflammation
inflamar	v	0.5243	excite
inflexión	nf	0.3406	inflection
influenza	nf	1.0799	influenza | grippe | flu | grip
influenza porcina	loc	0.2283	swine flu | swine influenza
influyente	adj	0.2917	influential
infográfico	adj	0.0482	infographic
información	nf	0.8128	information
informado	adj	0.2950	informed
informador	nmf	0.2803	informant
informador	adj	0.2183	informative
informática	nf	0.7846	computer science | informatics | information technology | data processing | IT
infortunadamente	adv	0.1645	unfortunately
infortunado	adj	0.6815	unfortunate | unlucky
infortunio	nm	1.2594	misfortune
infoxicación	nf	0.0440	infobesity | infoglut | information overload | infoxication
infracción	nf	0.3788	infringement
inframaxilar	adj	0.0002	inframaxilary
infrangible	adj	0.2063	unwavering
infrecuente	adj	0.2912	infrequent
infuncional	adj	0.1523	nonfunctional
infusión	nf	0.0006	infusión
infusorio	nm	0.0000	infusoria
ingeniería	nf	0.5274	engineering
ingeniería política	loc	0.0006	political engineering
ingeniero	nm	0.7588	engineer
ingenio	nm	0.2559	ingeniousness | ingeniosity
ingeniosidad	nf	0.2815	ingenuity
ingénito	adj	0.3549	inborn
ingente	adj	0.5368	enormous | huge
ingenuidad	nf	0.0631	naivety
ingenuo	adj	1.1412	naive
ingerir	v	0.3223	ingest
ingestión	nf	0.1778	ingestion
Inglaterra	n	0.9717	England
ingle	nf	0.3454	groin
inglés	adj	2.2402	English
inglés antiguo	nm	0.3089	Anglo-Saxon | Old English
inglés medio	loc	0.1123	Middle English
inglete	nm	0.0000	miter | mitre
ingratamente	adv	0.0539	ungratefully
ingratitud	nf	0.3819	ingratitude | unthankfulness | ungratefulness
ingrato	adj	0.5003	ungrateful | unthankful
ingravidez	nf	0.1861	weightlessness
ingrávido	adj	0.0835	weightless
ingrediente	nm	0.2911	ingredient
ingresar	v	0.5154	join | deposit
inhabilidad	nf	0.2807	inability
inhabitable	adj	0.1093	uninhabitable
inhabitado	adj	0.2433	uninhabited
inhalar	v	0.4400	inhale
inherente	adj	0.4486	inherent
inherir	v	0.0576	inhere
inhibir	v	0.3729	inhibit
inhóspito	adj	0.2186	inhospitable
inhumano	adj	0.4669	inhuman
iniciación	nf	0.2515	initiation
inicialismo	nm	0.0618	initialism
iniciar	v	2.2936	start | begin | initiate
inicio	nm	1.0535	beginning
inicuo	adj	0.3713	iniquitous
inigualable	adj	0.0311	unmatchable
ininteligible	adj	0.6711	unintelligible
inintencionalmente	adv	0.0804	unintentionally
ininterrumpido	adj	0.2110	uninterrupted
iniquidad	nf	0.3236	iniquity
injera	nm	0.0892	injera
injerencia	nf	0.1504	interference
injertar	v	0.7872	graft
injusticia	nf	0.6732	injustice
injustificadamente	adv	0.0223	unjustifiably
injustificado	adj	0.2562	unjustified
injusto	adj	0.5244	unfair
inllevable	adj	0.1586	unbearable
inmaduro	adj	0.5207	unripe
inmarcesible	adj	0.0000	immarcescible
inmediatamente	adv	0.8510	immediately | directly
inmediato	adj	0.6849	immediate
inmensamente	adv	0.1964	immensely | hugely | vastly
inmensidad	nf	0.2006	immensity | immenseness
inmenso	adj	0.7215	immense
inmerecidamente	adv	0.0129	undeservedly
inmerecido	adj	0.1244	undeserved
inmérito	adj	0.1030	undeserved
inmigración	nf	0.5192	immigration
inmigrante	adj	0.4161	immigrant
inmigrar	v	0.1152	immigrate
inmiscuirse	v	0.5399	interfere
inmódico	adj	0.0917	immoderate
inmolación	nf	0.1480	immolation
inmolador	adj	0.0000	immolator
inmolar	v	0.1728	immolate
inmoral	adj	0.5986	immoral
inmoralmente	adv	0.0702	immorally
inmortalizar	v	0.0352	immortalize
inmortalmente	adv	0.0000	immortally
inmóvil	adj	0.3627	immovable | motionless
inmovilidad	nf	0.1878	immobility | stillness
inmovilizar	v	0.0631	shut off
inmueble	nm	0.9095	property
inmune	adj	0.1545	immune
inmunizador	adj	0.0000	immunizing
inmunizar	v	0.0000	immunise
inmunodeficiencia severa combinada	loc	0.0000	severe combined immunodeficiency
inmunodepresión	nf	0.1408	immunodeficiency
inmunodepresor	adj	0.0003	immuno-suppressive
inmunológico	adj	0.0644	immunological
inmunoma	nm	0.0000	immunome
inmutar	v	1.0817	change
innatismo	nm	0.0000	innatism
innato	adj	0.3030	innate
innecesario	adj	0.3738	unnecessary
innegable	adj	0.2842	undeniable
innoble	adj	0.4932	ignoble | mean
innocuo	adj	0.3539	innocuous
innovación	nf	0.4011	innovation
innovador	adj	0.4126	innovator | innovative
innovar	v	0.2666	innovate
innumerable	adj	0.0682	innumerable
inocencia	nf	0.6322	innocence
inocente	adj	1.4209	innocent | naive | gullible
inocentón	adj	0.5194	gullible
inocular	v	0.1979	inoculate
inocuo	adj	0.5351	innocuous
inodoro	adj	0.0589	odourless
inodoro	nm	0.1864	lavatory
inofensivo	adj	0.1757	harmless
inolvidable	adj	0.1253	unforgettable
inopinado	adj	0.2929	unexpected
inoportuno	adj	0.7193	ill-timed | inappropriate
inoxidable	adj	0.0946	inoxidizable | stainless
inquietante	adj	0.2392	worrying
inquietar	v	0.9778	upset
inquietud	nf	0.5595	restlessness | disquiet
inquilino	adj	0.0000	lesse | renter | tenant
inquirir	v	0.3815	inquire
Inquisición	n	0.0657	Inquisition
insaciable	adj	0.2183	insatiable
insalubridad	nf	0.0000	insalubrity
insano	adj	0.7043	insane
inscribir	v	0.3175	inscribe
inscripción	nf	0.5903	inscription | registration
insectario	nm	0.0576	insectarium
insecticida	adj	0.0804	insecticide
insecto	nm	1.8950	insect | bug
inseguridad	nf	0.0407	unreliability
inseguro	adj	0.3597	insecure | unsure
insensatamente	adv	0.0862	senselessly | unsensibly
insensato	adj	0.9523	foolish
insensibilidad	nf	0.4062	insensitiveness | indifference
insensible	adj	0.0958	insensible
inseparable	nm	0.2461	lovebird
inserción	nf	0.0746	insertion
insertar	v	0.3154	engrave
inservible	adj	0.7015	useless
insidiador	adj	0.1021	insidious
insidioso	adj	0.2513	scheming | insidious
insigne	adj	0.6615	eminent
insinuación	nf	0.1986	insinuation | innuendo
insinuar	v	0.9832	insinuate | hint | imply
insípido	adj	0.9406	insipid | bland
insistencia	nf	0.3703	insistence
insistente	adj	0.1749	insistent
insistentemente	adv	0.0546	insistently
insistir	v	0.7231	insist
insolación	nf	0.1985	insolation | sunstroke
insolar	v	0.1390	sunbathe
insolencia	nf	0.7065	insolence | cheek
insolente	nm	1.0003	insolent
insólito	adj	0.9073	unusual
insolvencia	nf	0.1208	insolvency
insomne	adj	0.1821	insomniac
insomnio	nm	0.8577	insomnia
inspiración	nf	0.5515	inspiration
inspiracional	adj	0.0589	inspirational
inspirar	v	1.1772	influence | inspire | arouse | inhale | enlighten
instalación	nf	0.5023	facility | installation
instalar	v	0.4473	install
instanciación	nf	0.0444	instantiation
instaurar	v	0.8915	establish | set up
instigar	v	1.1073	encourage
instintivo	adj	0.0004	instinctif
instinto	nm	2.0648	instinct | drive
institución	nf	0.6443	institution | institute
institucional	adj	0.1093	institutional
instituir	v	0.6478	erect
instituto	nm	0.7374	institute | high school
instrucción	nf	0.8808	instruction
instruir	v	0.7230	instruct
instrumento	nm	3.3283	instrument | implement | utensil | tool
instrumento de teclados	loc	0.0515	keyboard instrument
instrumento de viento	loc	0.1301	wind instrument
insuficiencia	nf	0.7536	failure | shortage | insufficiency
insuficiente	adj	0.6965	insufficient | unsufficient
insufrible	adj	0.2243	unbearable | insufferable | intolerable
insulina	nf	0.3048	insulin
insulso	adj	1.1253	insipid | bland
insultador	adj	0.0997	insulting
insultar	v	2.4508	insult | offend | curse
insulto	nm	1.3304	insult
insuperablemente	adv	0.0000	insuperably
insurgente	adj	0.3703	insurgent
insurreccionarse	v	0.0003	be cooking
insurrecto	adj	0.2717	insurrectionist | rebel | rebellious | seditious | subversive
intangible	adj	0.3393	intangible
integración sensorial	loc	0.0006	sensory integration
integral	adj	0.4730	integral
integral	nf	0.4730	integral
integrar	v	0.3781	integrate
integrarse	v	0.1168	integrate
íntegro	adj	1.5807	complete | unabridged | upright
intelectual	adj	0.3381	intellectual
inteligencia	nf	1.5317	intelligence
inteligencia artificial	loc	0.9391	artificial intelligence
inteligencia emocional	loc	0.0003	emotional Intelligence
inteligente	adj	0.7788	intelligent | smart
inteligible	adj	0.5787	audible | intelligible | understandable
intemperancia	nf	0.0955	inebriation
intención	nf	0.8827	intention
intencional	adj	1.6215	on | purpose | purposely
intensidad	nf	0.4125	intensity
intensificar	v	0.2302	intensify
intensivo	adj	0.2894	intensive
intentar	v	0.8433	attempt
intento	nm	0.4940	attempt
interacción	nf	0.3441	interaction
interamericano	adj	0.0288	Interamerican
intercambiable	adj	0.0939	exchangeable
intercambio	nm	1.0277	exchange
interceptar	v	2.2917	bar
intercesión	nf	0.1046	intercession
intercinesis	nf	0.0000	interkinesis
intercontinental	adj	0.2488	intercontinental
interdependencia	nf	0.1967	interdependence | interdependency
interdicción	nf	0.0983	interdiction
interés	nm	1.2923	interest
interés devengado	loc	0.0002	accrued interest
interesado	adj	0.2305	interested
interesante	adj	0.6644	interesting
interfase	nf	0.0705	interphase
interfaz	nf	0.5247	interface
interfecto	adj	0.1733	casualty
interferencia	nf	0.2127	interference
interferómetro	nm	0.0682	interferometer
interfijo	adj	0.2078	interfix
intergaláctico	adj	0.0705	intergalactic
ínterin	nm	0.1441	interim
interino	adj	0.2662	acting
interiorizar	v	0.0000	interiorize
interjección	nf	0.8209	interjection
interlingua	nm	0.4052	Interlingua
interlocutor	nmf	0.3062	interlocutor
interludio	nm	0.1564	interlude
intermediario	adj	0.2013	middleman
intermitente	nm	0.4084	blinker
internacional	adj	0.7981	international
internacionalidad	nf	0.0813	internationality
internacionalismo	nm	0.3160	internationalism
internacionalización	nf	0.1062	internationalization
internacionalmente	adv	0.0746	internationally
internet	nmf	2.5913	Internet | internet
Internet	n	2.6034	Internet
interoceánico	adj	0.0499	interoceanic | interocéanique
interpolación	nf	0.2231	interpolation
interpretación	nf	0.7685	interpretation
interpretar	v	1.0076	interpret
intérprete	n	0.9508	interpreter
interracial	adj	0.0681	interracial
interrogación	nf	0.6250	interrogation
interrogado	adj	0.0000	interrogated | interrogatee
interrogador	adj	0.1893	interrogator
interrogar	v	0.7939	interrogate | question | quiz
interrogativo	adj	0.2097	interrogative
interrogatorio	nm	0.3171	interrogation
interrupción	nf	0.4444	interruption
interruptor	nm	0.8556	switch
intersecarse	v	0.1166	intersect
intersección	nf	0.2576	intersection
interseccionalidad	nf	0.2093	intersectionality
intersexual	adj	0.1457	intersexual
intersexualidad	nf	0.2526	intersexuality
intersticio	nm	0.0876	interstice
intervalo	nm	0.8668	interval
intervención	nf	0.5235	intervention
intestinal	adj	0.2755	intestinal
intestino	nm	1.0381	intestine
intestino delgado	loc	0.0004	small intestíne
intestino grueso	loc	0.4443	large intestine
intimar	v	0.1471	call on
intimidación	nf	0.3779	intimidation
intimista	adj	0.0446	intimist
íntimo	adj	1.0835	intimate
intocable	adj	0.4194	untouchable
intolerancia	nf	0.3195	intolerance
intolerante	adj	0.3091	intolerant
intonso	adj	1.0232	stupid
intracelular	adj	0.0815	intracellular
intradía	adj	0.0223	intraday
intraducibilidad	nm	0.0498	intranslatability
intranquilidad	nf	0.6119	worry
intranquilizador	adj	0.1665	disquieting | worrying
intransitivo	adj	0.3329	intransitive
intratable	adj	0.3203	unsociable
intrépidamente	adv	0.0364	intrepidly | pluckily
intrepidez	nf	0.2145	intrepidity | intrepidness
intrépido	adj	0.6575	intrepid
intriga	nf	0.5958	intrigue
intrínsecamente	adv	0.1052	intrinsically
intrínseco	adj	0.4082	intrinsic
introducción	nf	0.8608	introduction
introducir	v	0.7869	bring | in | introduce
introspección	nf	0.1444	introspection
introspectivo	adj	0.0920	introspective
intrusión	nf	0.1720	intrusion
intruso	adj	0.3320	intruder | intrusive
intubar	v	0.1152	intubate
intuición	nf	0.5453	intuition
intuicionismo	nm	0.1523	intuitionism
intuir	v	0.2090	intuit
intuitivamente	adv	0.0631	intuitively
intuitivo	adj	0.2920	intuitive
intuito	nm	1.3080	look | glance
intumescente	adj	0.0000	intumescent
inuktitut	nm	0.3121	Inuktitut
inulto	adj	0.0631	unavenged | unpunished
inundación	nf	0.9316	flood | inundation
inútil	adj	1.2251	useless | pointless | handicapped
inutilidad	nf	0.0786	uselessness
inutilizable	adj	0.4742	unusable | unitilizable
inútilmente	adv	0.1288	uselessly
invadir	v	0.8711	invade
inválido	adj	0.5537	disabled | invalid
invar	nm	0.0000	invar
invariable	adj	0.4088	invariable
invariablemente	adv	0.1523	invariably
invasión	nf	0.4491	invasion
invasor	adj	0.1417	invader
invención	nf	0.8075	invention
inventario	nm	0.2405	inventory
inventivo	adj	0.2431	inventive
invento	nm	0.7661	invention
inventor	nmf	0.6283	inventor
invernadero	nm	1.4431	greenhouse
inverosímil	adj	0.4431	unlikely | implausible
inversión	nf	0.4305	investment
invertir	v	0.4007	invest | invert | turn inside out | turn upside down
investigación	nf	1.8058	research | exploration | investigation | study | quest
investigador	adj	0.6274	researcher
investigador privado	loc	0.2097	private detective
investigar	v	0.7134	investigate
investir	v	0.2535	invest
invicto	adj	0.2524	unbeaten | undefeated
ínvido	adj	0.5183	jealous
invierno	nm	1.9151	winter
invisible	adj	0.3257	invisible
invitación	nf	0.3183	invitation
invitar	v	0.7696	invite
invocación	nf	0.0864	invocation
involucionar	v	0.0660	devolve
involucración	nf	0.1731	involvement
involucramiento	nm	0.1434	involvement
involucrar	v	0.6853	involve
involucrarse	v	0.2655	involve
involuntario	adj	0.3766	involuntary
invulnerabilidad	nf	0.1330	invulnerability
invulnerable	adj	0.3183	invulnerable
inyección	nf	0.4209	injection | shot
inyectar	v	0.1434	inject
iotacismo	nm	0.0000	iotacism
Iowa	n	0.1390	Iowa
Iparralde	prop	0.0006	Northern Basque Country
ipsilateral	adj	0.0000	ipselateral | ipsilateral
IPv6	nm	0.0000	IPv6
ir	v	0.0008	be going to | let 's
ir de empalmada	loc	0.0352	all-nighter
ira	nf	0.8163	ire
iracundia	nf	0.8454	anger
Irak	n	1.1198	Iraq
Irán	n	1.3529	Iran
iraquí	adj	0.1803	Iraqi
irascible	adj	0.5729	irascible
Irene	prop	0.1593	Irene | Ирина
iridio	nm	0.9086	iridium
iridiscente	adj	0.1952	iridescent
iris	nm	4.0057	iris | rainbow
Irlanda	n	1.2154	Ireland
Irlanda del Norte	n	0.2836	Northern Ireland
irlandés	adj	0.6544	Irishman | Irish
irlandés	nm	0.0010	irish | Irish
irlandés antiguo	loc	0.1375	Old Irish
Irma	prop	0.0000	Irma
ironía	nf	0.4917	irony
irracional	adj	0.6154	irrational | non-rational
irracionalidad	nf	0.2305	irrationality
irracionalmente	adv	0.1519	irrationally
irradiador	adj	0.1288	radiator
irradiar	v	0.1608	emit
irrazonable	adj	0.1428	unreasonable
irreal	adj	0.4319	unreal
irrealidad	nf	0.0515	unreality
irreconocible	adj	0.3384	unrecognizable | unrecognisable
irrefutable	adj	0.4346	irrefutable
irregularidad	nf	0.4942	irregularity | incorrectness | deviation
irregularmente	adv	0.1257	irregularly
irrelevante	adj	0.4967	irrelevant
irreligión	nf	0.3417	irreligion
irresistible	adj	0.4057	irresistible
irrespetar	v	0.4424	disrespect
irrespeto	nm	0.6044	disrespect
irrespetuosamente	adv	0.0697	disrespectfully
irrespetuosidad	nf	0.4273	disrespect | disrespectfulness
irrespetuoso	adj	0.5391	disrespectful
irresponsabilidad	nf	0.2467	irresponsibility
irresponsable	adj	0.6260	irresponsible
irresponsablemente	adv	0.0786	irresponsibly
irrigación	nf	0.4706	irrigation
irrigar	v	0.0911	irrigate
irrisorio	adj	0.1844	derisive
irritabilidad	nf	0.1674	irritability
irritación	nf	0.5198	irritation
irritante	adj	0.3399	abrasive
irritar	v	0.9050	irritate
irritativo	adj	0.0000	irritative
irrompible	adj	0.1658	unbreakable
irrumación	nf	0.1758	irrumation
irrumpir	v	0.0352	burst in
irrupción	nf	0.2046	irruption
irse	v	2.1213	leave
irse a la verga	loc	0.1134	fly the coop | take it on the lam | take to one's heels
irse de pinta	loc	0.0011	cut a class | play hookey | play truant
irse uno al sobre	loc	0.0515	hit the sack
Isabel	prop	0.8859	Elizabeth | Isabel | Elisabeth | Ysobel
Isaías	prop	1.1779	Isaiah
isentrópico	adj	0.0773	isentropic
Iska	nf	0.0002	Iska
isla	nf	3.2499	island | isle
Isla de Man	prop	0.2193	Isle of Man
Isla de Pascua	prop	0.4719	Easter Island
islam	nm	0.7816	Islam
islámico	adj	0.0258	Islamite
islamización	nf	0.2111	Islamization
islamofobia	nf	0.2820	Islamophobia
islamofobia de género	loc	0.0005	gendered Islamophobia
islandés	nm	0.9365	Icelandic
Islandia	n	1.1829	Iceland
islas Baleares	n	0.1699	Balearic Islands
Islas Baleares	prop	0.1387	Balearic Islands
Islas Canarias	prop	0.1524	Canary Islands
Islas Salomón	prop	0.3726	Solomon Islands
Islas Vírgenes	prop	0.2208	Virgin Islands
Islas Vírgenes Británicas	n	0.2057	British Virgin Islands
Islas Vírgenes de los Estados Unidos	prop	0.2649	United States Virgin Islands
isleño	adj	0.4770	insular | islander
islote	nm	0.4481	islet
ismo	n	0.0531	ism
isobara	nf	0.1588	isobar
isodecágono	nm	0.1078	icosagon
isoglosa	nf	0.0902	isogloss
isoinjerto	nm	0.0000	isograft
Isolda	prop	0.1987	Iseult | Isolde
isoleucina	nf	0.0794	isoleucine
isologo	nm	0.0002	isologo
isomorfismo	nm	0.1242	isomorphism
isonomía	nf	0.0546	isonomia
isósceles	adj	0.1457	isosceles
isotaca	nf	0.0258	isotach
isotaquia	nf	0.0258	isotach
isotónico	adj	0.0892	isotonic
isótopo	nm	0.4454	isotope
isotropía	nf	0.1180	isotropy
isotrópico	adj	0.1137	isotropic
isquemia	nf	0.0000	ischaemia | ischemia
isquémico	adj	0.1208	ischemic
Israel	n	0.6886	Israel
israelí	adj	1.0723	Israeli
israelita	adj	0.6421	Israelite
Istambul	prop	0.2982	Istanbul
istmo	nm	0.8742	isthmus
Ítaca	prop	0.1393	Ithaca
Italia	n	0.9901	Italy
italiano	adj	1.5764	Italian
iterativo	adj	0.1737	iterative
iterbio	nm	0.5111	ytterbium
iteróparo	adj	0.0000	iteroparous
itrio	nm	0.2533	yttrium
Iván	prop	0.1615	Ivan
Ivón	prop	0.0604	Yvonne
izar	v	0.6433	hoist | haul up
izquierda	nf	1.6992	left
izquierdista	adj	0.5068	leftist | left-wing
izquierdo	adj	1.5029	left
jabalí	nmf	0.9264	wild boar | boar
jabato	nm	0.0007	wild boar piglet
Jabes	prop	0.0000	Jabez
jabirú	nm	0.0998	jabiru
jabón	nm	2.5274	soap
jabonera	nf	0.2543	soapwort | soapbox | soaper
jacal	nm	0.5207	hovel | hut
jácena	nf	0.2428	beam
jacinto	nm	0.4440	hyacinth
Jacob	n	1.3092	Jacob
Jacobo	prop	1.3479	Jacob
jactancia	nf	0.3997	boastfulness
jada	nf	0.8483	hoe | Krampen
jade	nm	0.4745	jade
jadear	v	0.1737	gasp
jadiz	nm	0.7965	hadith
Jaén	prop	0.0499	Jaén
jaguar	nm	1.8190	jaguar
jaguarundi	nm	0.1457	jaguarundi
Jaime	prop	1.4794	James
jainismo	nm	0.0003	jainism
Jakasia	prop	0.3004	Khakassia
jalá	nf	0.1771	challah
jalapa	nf	0.0751	jalap
jalapeño	adj	0.0794	jalapeño
jalapeño	nm	0.0000	jalapeno
jalea	nf	0.5451	jelly
jalisciense	adj	0.0003	Jaliscan
Jalisco	prop	0.0446	Jalisco
Jamaica	n	0.4750	Jamaica
jamaicano	adj	0.4585	Jamaican
jamaiquino	adj	0.4585	Jamaican
jamás	adv	0.8577	never
jamba	nf	0.2352	jamb
jambalaya	nf	0.1222	jambalaya
jambia	nf	0.0315	jambiya | jambia
jamón	nm	0.9236	ham
janguear	v	0.5773	to | around | hang
Janucá	prop	0.2186	Hanukkah
Jápeto	prop	0.1959	Iapetus | Japetus
Japón	n	1.0968	Japan
japonés	nm	1.7442	Japanese
japonés	adj	1.7442	Japanese
japuta	nf	0.2061	Atlantic pomfret
jaquear	v	0.5242	check
jaqueca	nf	0.6157	migraine
jáquer	nm	0.5524	hacker | cracker
jáquima	nf	0.1468	hackamore
jaquir	v	0.3007	forsake
jara	nf	0.1180	rockrose
jaranero	adj	0.1967	reveller | party animal
jarcha	nf	0.0258	kharja
jardín	nm	3.1551	garden
jardín de infancia	loc	0.8057	kindergarten
jardín infantil	loc	0.6942	kindergarten
jardinería	nf	0.1235	gardening
jaredí	adj	0.0804	Haredi | Haredim
jarioso	adj	0.8580	horny
jarra	nf	0.5957	pitcher
jarrete	nm	0.5605	hock
jarro	nm	0.9451	jug
jarrón	nm	0.9740	vase
jarto	adj	0.4463	tired | stuffed | fed up | sated
jasidismo	nm	0.0003	hasidic
jaspe	nm	0.1798	jasper
jaula	nf	1.0943	cage
jauría	nf	0.7572	pack
Java	prop	0.2223	Java
javanés	nm	0.5279	Javanese
javanés	adj	0.0010	javanese
Javier	prop	0.3821	Xavier
jazmín	nm	0.4217	jasmine
jazz	nm	0.3381	jazz
jefatura	nf	0.4255	leadership
Jehová	n	0.4106	Jehovah
jengibre	nm	2.4551	ginger
jenkem	nm	0.1639	thermos
jeque	nm	0.0000	sheikh | sheik
jerarquía	nf	0.6720	hierarchy
jerárquicamente	adv	0.0773	hierarchically
jerárquico	adj	0.2283	hierarchical
jerarquizar	v	0.0003	to arrange hierarchically
jerbo	nm	0.0003	lesser jerboa
jeremiada	nf	0.0660	jeremiad
jeremías	nmf	0.3898	Jeremiah
Jeremías	prop	1.3074	Jeremiah | Jeremy
jerez	nm	0.3606	sherry
jerga	nf	0.5278	jargon
jergal	adj	0.0000	slangy
Jericó	prop	0.1945	Jericho
jerife	nm	0.0618	sharif
jeringa	nf	0.3176	syringe
Jero	prop	0.0288	Jerry
Jerónimo	prop	0.3321	Jerome
jerséi	nm	0.2790	jersey
jersey	nm	0.7108	jersey
Jersey	prop	0.2539	Jersey
Jersón	prop	0.1803	Kherson
Jerusalén	prop	0.5037	Jerusalem
jesuita	adj	0.6430	Jesuit
Jesús	prop	1.1393	Jesus
jet lag	nm	0.2455	jet lag
jeta	nf	2.6499	face | mug | cheeky
ji	nf	0.2586	chi
ji	interj	0.0000	hee
jibia	nf	0.4765	cuttlefish | Humboldt squid | jumbo squid | cuttlebone
jícama	n	0.1046	jicama | yam bean
jícuri	nm	0.0874	peyote
jidaigeki	nm	0.0000	jidaigeki
jilguero	nm	0.9083	goldfinch | European goldfinch | American goldfinch
jilote	adj	0.1457	teen
jimio	nmf	0.7616	monkey | simian | ape
jineta	nf	0.0005	European genet | small-spotted genet
jinete	nmf	0.4066	horseman
jiñar	v	0.4404	shit
jira	nf	0.3166	shred | strip
jirafa	nf	1.5395	giraffe
jirón	nm	1.1166	gyron | rag
jitomate	nm	1.1011	tomato
Joaquín	prop	0.2868	Joachim
Job	n	1.1594	Job
jobo	nm	0.2755	hog plum | yellow mombin
jocoso	adj	0.5541	jocular | humorous
joder	v	3.5899	fuck up | fuck | fuck with
jodidamente	adv	0.2443	fucking
jodido	adj	1.6496	fucked | screwed | damn
jofaina	nf	0.3838	washbowl
jogging	nm	0.1077	sweatsuit
jolgorio	nm	0.3211	merrymaking
Jonás	prop	1.1315	Jonah
Jonatán	prop	0.4952	Jonathan
jonjolear	v	0.2103	pamper
jonrón	nm	0.1962	home run
Jordán	prop	0.2851	Jordan
Jordania	n	0.6375	Jordan
jordano	adj	0.2361	Jordanian
Jorge	prop	2.6309	George | Geordi | Geordie | Georgie | Jorin | Yorick
jornada	nf	1.2574	day | journey
jornalero	nmf	0.0000	labourer
joroba	nf	1.2922	hump
joropo	nm	0.0005	Joropo
José	prop	1.5171	Joseph | Joe
Josefina	prop	0.1262	Josephine
Josué	prop	1.1204	Joshua
jote	nm	0.6967	black vulture
joven	adj	3.1139	young | youth
jovencísimo	adj	0.0854	youngest
jovencito	adj	0.8977	girl | little woman
jovial	adj	0.2466	jovial
jovialidad	nf	0.0813	jollity | jolliness
jovialmente	adv	0.0929	jovially
joyería	nf	0.2151	jewellery
Juan	prop	2.3509	John | Jack
Juanita	n	0.0000	Janet | Jenny
Juanito	n	0.3676	Jack | Johnnie | Johnny
jubilación	nf	0.6948	retirement
jubilar	v	0.4346	retire
jubilarse	v	0.4346	retire
jubileo	nm	0.0000	Jubilee
jubiloso	adj	0.2323	gleeful | jubilant
jubón	nm	0.2930	doublet
judaico	adj	0.3004	Judaic
judaísmo	nm	0.0008	judaism | Judaism
Judas	n	0.8696	Judas
Judea	prop	0.1738	Judea
judicial	adj	0.2800	judicial
judío	adj	1.5485	Jewish | Jew
Jueces	prop	0.5989	Judges
juego	nm	2.1824	game | play
juego de manos	loc	0.2937	sleight of hand
juego de palabras	loc	0.2918	pun | play on words | wordplay
juegos olímpicos	loc	0.0024	olympic games
Juegos Olímpicos	prop	0.2193	Olympic Games
Juegos Olímpicos de Invierno	prop	0.0576	Winter Olympic Games | Olympic Winter Games
juepa	interj	0.1197	whee
juepa je	loc	0.0780	whoopee
juerguista	adj	0.3491	reveller | party animal
jueves	nm	2.1459	Thursday
jueves gordo	loc	0.1333	Fat Thursday
jueves lardero	loc	0.1333	Fat Thursday
Jueves Santo	prop	0.0315	Holy Thursday | Covenant Thursday
juez	nmf	2.3202	judge | referee
juez de paz	loc	0.0883	Justice of the Peace
jugable	adj	0.1093	playable
jugar	v	1.1907	finalize | finish | mock | copulate
jugar con fuego	loc	0.1301	play with fire
juglar	nm	0.1580	minstrel
juglaresco	adj	0.0005	troubadouresque | jongleuresque
jugo	nm	1.8763	juice
jugosidad	nf	0.0223	juiciness
jugoso	adj	0.4950	juicy
juguete	nm	1.1754	toy
juguetería	nf	0.0005	toy trade | toy shop
juicio	nm	1.3965	judgment | sober
Julia	prop	0.0000	Julie | Julia
Julián	prop	0.2318	Julian
juliana	nf	0.0854	julienne
Juliano	prop	0.2116	Julian
Julieta	prop	0.1480	Juliet
julio	nm	1.4319	July | joule
Julio	prop	0.1377	Julius
junciana	nf	0.0002	fallen leaves
junco	nm	0.2974	junk
jungla	nf	1.5996	jungle
junio	nm	1.2023	June
junta	nf	1.2782	board | meeting
juntaletras	nmf	0.5572	hack
juntamente	adv	0.6243	collective | at the same time
juntar	v	1.5586	connect | collect
Júpiter	n	1.8964	Jupiter | Jove
juramentar	v	0.0002	put under oath
juramento	nm	1.1983	oath
jurásico	adj	0.0004	jurassic
Jurásico	n	0.1766	Jurassic
jurídico	adj	0.1677	juridical | legal | juridic
jurisconsulto	nm	0.0546	jurisconsult
jurisdicción	nf	0.5256	jurisdiction
jurisprudencia	nf	0.4539	jurisprudence | case law
justicia	nf	1.1772	justice
justificar	v	0.5304	justify
justo	adj	0.5504	equitable
juventud	nf	2.0577	adolescence | youth
juzgado	nm	1.1421	court
juzgar	v	3.3646	judge
kabuki	nm	0.2831	kabuki
Kabul	n	0.4620	Kabul
kafkiano	adj	0.0009	kafkaesque | kafkaian | kafkian
kaftán	nm	0.5815	kaftan
káiser	nm	0.0000	kaiser
kaki	nm	0.9512	persimmon
kalimba	nf	0.0407	thumb piano | kalimba
Kalmukia	prop	0.5013	Kalmykia
Kansas	n	0.0902	Kansas
karaoke	nm	0.1173	karaoke
karate	nm	0.7203	karate
karma	nm	0.2106	karma
karoshi	n	0.0008	karōshi
kárstico	adj	0.0315	karstic
kart	nm	0.0981	go-cart | kart
katakana	n	0.6134	katakana
katana	nf	0.1150	katana
katiusha	nf	0.0000	katyusha
katiuska	nf	0.0515	Wellington boot
katyusha	nf	0.0000	katyusha
Kazajistán	n	1.6044	Kazakhstan
kebab	nm	0.3166	kebab
kéfir	nm	0.3047	kefir
kelvin	nm	0.1222	kelvin
Kenia	n	0.8871	Kenya
keniano	adj	0.2917	Kenyan
Kentucky	n	0.1065	Kentucky
kermés	nf	0.0464	kermesse | kermis
keroseno	nm	0.5918	kerosene | kerosine
ketamina	nf	0.0546	ketamine
kétchup	nm	0.5614	ketchup
keynesianismo	nm	0.0815	Keynesianism
keynesiano	adj	0.0929	Keynesian
kibutz	nm	0.1301	kibbutz
Kiev	n	0.0682	Kiev
kif	nm	0.1569	kif | keef
kikapú	adj	0.0002	kickapoo
kilo	nm	0.3638	kilo
kiloamperio	nm	0.0000	kiloampere
kilobyte	nm	0.1046	kilobyte
kilocandela	nm	0.0407	kilocandela
kilofaradio	nm	0.0003	kilofarad
kilogramo	nm	1.1502	kilogram | kilogramme
kilohercio	nm	0.0003	kilomhertz
kilojulio	nm	0.0835	kilojoule
kilokelvin	nm	0.0000	kilokelvin
kilolitro	nm	0.0000	kiloliter
kilómetro	nm	0.4697	kilometre | kilometer
kilonewton	nm	0.0364	kilonewton
kiloohmio	nm	0.0364	kiloohm
kilosegundo	nm	0.0315	kilosecond
kilotón	nm	0.0000	TNT equivalent
kilovatio	nm	0.1242	kilowatt
kilovoltio	nm	0.0515	kilovolt
kimono	nm	0.2947	kimono
kínder	nm	0.7098	kindergarten
kinescopio	nm	0.0000	kinescope
kinesiología	nf	0.1411	kinesiology
kinestesia	nf	0.0888	kinesthesia
kinkajú	nm	0.2382	kinkajou
kion	nm	0.7241	ginger
kipá	nf	0.0002	hech cap
kirchnerismo	nm	0.0223	Kirchnerism
Kirguistán	prop	1.2013	Kyrgyzstan
Kirguizistán	prop	1.3590	Kyrgyzstan
kirigami	nm	0.0835	kirigami
kitsch	adj	0.4469	tacky
kiwi	nm	0.2376	kiwi | little spotted kiwi | kiwifruit
Knesset	nm	0.0590	Knesset
knut	nm	0.3186	knout
koala	nm	1.3866	koala
Kol	prop	0.0129	Kol
koljós	nm	0.6650	kolkhoz
Kolkata	prop	0.7873	Kolkata | Calcutta
Konstantínovka	prop	0.0546	Kostiantynivka
kosher	adj	0.1641	kosher
Kosovo	prop	0.6109	Kosovo
kotava	nm	0.0000	Kotava
Kotel	prop	0.0315	Kotel | Western Wall
krav magá	nm	0.0000	krav maga
krill	nm	0.3885	krill
kriptón	nm	0.2786	krypton
kriptonita	nm	0.0826	kryptonite
kuchen	nm	0.2492	cake
kümmel	nf	1.1830	caraway | carvies | wild cumin
kumquat	nm	0.4933	kumquat
Kurdistán	n	0.1957	Kurdistan
kurdo	adj	0.0000	Kurdistani
kurdo	nm	0.5136	Kurdish
Kuwait	n	0.3541	Kuwait
kuwaití	adj	0.1457	Kuwaiti
kvas	nm	0.4755	kvass
la		1.5769	her | the | it
la	nm	0.6180	la
la cabra siempre tira al monte	saying	0.2221	a leopard cannot change its spots
la curiosidad mató al gato	loc	0.1123	curiosity killed the cat
La Española	prop	0.1539	Hispaniola
La Guajira	n	0.0003	Guajira desert | La Guajira
La Habana	prop	0.3186	Havana
La Haya	prop	0.8135	The Hague | Hague
La Libertad	prop	0.0364	La Libertad
la madre del cordero	loc	0.0002	nub of the matter
la necesidad tiene cara de perro	saying	0.0996	beggars can't be choosers
La Niña	prop	0.0682	La Niña
La Palma	prop	0.0000	La Palma
la pregunta del millón	loc	0.0364	million-dollar question
la unión hace la fuerza	saying	0.0006	united we stand divided we fall
laberintitis	nf	0.1180	labyrinthitis
laberinto	nm	0.7681	maze | labyrinth
labialización	nf	0.1030	labialization
labializar	v	0.1030	labialize
lábil	adj	0.1170	labile
labio	nm	2.0831	lip | labium
labiodental	adj	0.1609	labiodental
labor	nf	0.3386	labor | ploughing | plowing
laboral	adj	0.1201	labor | labour
laboratorio	nm	0.5716	laboratory | lab
laboriosidad	nf	0.1128	industriousness | laboriousness
laborioso	adj	0.2336	toilsome
laborista	adj	0.0000	laborist
labranza	nf	0.1110	cultivation
laca	nf	0.2507	lacquer
lacandón	adj	0.0003	lacandon
lacandón	nm	0.0003	Lacandon language
lacio	adj	0.5575	languid | withered | lank
lacolito	nm	0.0000	laccolith
lacónicamente	adv	0.0499	laconically
lacónico	adj	0.2653	laconic
lacrar	v	0.6303	seal
lacre	nm	0.0669	sealing wax
lactancia	nf	0.1970	breast feeding | lactation
lácteo	adj	0.2620	milky
láctico	adj	0.0694	lactic
lactífero	adj	0.0539	lactiferous
lactobacilo	nm	0.0000	lactobacillus
lacustre	adj	0.0000	lacustrian | lacustrine
ladearse	v	0.3167	tend
ladera	nf	0.9973	slope
ladino	nm	0.3824	Ladin
lado	nm	2.3650	side | place
lado aire	loc	0.0003	air-side
lado tierra	loc	0.0003	land-side
ladrador	adj	0.1288	barking | barky
ladrar	v	1.9977	bark
ladrido	nm	1.0793	bark | barking
ladrillo	nm	1.8798	brick
ladrón	adj	1.7264	thief
lagaña	nf	2.2641	sleep | gound
lagartija	nf	1.1474	lizard | push-up
lagarto	nmf	1.6812	lizard
lagarto del Gila	nm	0.0892	Gila monster
lago	nm	3.5094	lake | loch
Lagos	n	0.0773	Lagos
lagotería	nf	0.5615	flattery
lagrangiano	nm	0.0000	lagrangian
lágrima	nf	2.1319	tear | teardrop
lágrimas de cocodrilo	loc	0.0000	crocodile tears
lagrimoso	adj	0.1055	lachrymose
laguna	nf	0.3062	lagoon
laico	adj	2.1902	lay
laissez faire	loc	0.1316	laissez faire
lalopatía	nf	0.0315	lalopathy
lama	nm	0.3554	lama
lambel	nm	0.4768	label
lamber	v	2.6564	lick | lap
lambiar	v	2.2591	lick | lap
lambiscón	adj	0.2393	adulator
lamé	nm	0.1219	lamé
Lamec	nm	0.1022	Lamech
lameculos	nmf	0.4016	ass-kisser | ass-licker | brown noser | toady
Lamentaciones	n	0.6808	Lamentations
lamer	v	1.5478	lick
lamer el culo	loc	0.0182	brown-nose | kiss ass
lámina	nf	0.4806	illustration
laminina	nf	0.0000	laminin
lampacear	v	0.1745	mop
lámpara	nf	1.5158	lamp
lamparilla	nf	0.0009	aspen trembling aspen
lampiño	adj	0.2790	hairless
lamprea	nf	0.1995	lamprey
lana	nf	1.7924	wool
lanceolado	adj	0.2124	lanceolate
lancinar	v	0.3519	pierce
landa	nf	0.1316	heath
lande	nf	0.3047	glans
langosta	nf	0.8970	lobster | spiny lobster | locust
langostino	nm	0.3980	shrimp
Languedoc	prop	0.1853	Languedoc
languidecer	v	0.3597	languish
languidez	nf	0.2391	languor
lánguido	adj	0.8185	languid | languishing
langur	nm	0.0697	langur
lanífero	adj	0.0129	laniferous
lanoso	adj	0.2686	woolly | wooly
lantánido	adj	0.5401	lanthanide | lanthanoid
lantano	nm	0.5769	lanthanum | lanthanium
lanuginoso	adj	0.1350	downy
lanza	nf	1.2690	spear | lance
lanzadera	nf	0.8609	shuttle | marquise
lanzallamas	nm	0.2140	flamethrower
lanzar	v	1.3122	throw
Laos	n	1.6358	Laos
lapa	nf	0.4226	limpet
laparostomía	nf	0.0007	laparastomy
laparotomía	nf	0.0000	laparatomy | laparotomy
lápida	nf	0.9277	headstone | tombstone
lapidación	nf	0.0000	stoning | lapidation
lapislázuli	nm	0.3399	lapis lazuli
lápiz	nm	1.6758	pencil
lápiz de carbón	loc	1.5670	pencil
lápiz de pasta	loc	0.9537	ballpoint pen
lápiz labial	loc	0.5936	lipstick
lápiz pastel	loc	0.3121	pastel
lapso	nm	0.3604	lapse
lapsus	nm	0.3063	slip of the tongue
laptop	nmf	0.6841	laptop
lardoso	adj	0.8667	fat | fatty
largar	v	0.4950	loosen | to
largarse	v	0.5175	cut off
largo plazo	loc	0.0223	long term | long-term
largometraje	nm	0.2216	feature film | full-length film
lárice	nm	0.6004	larch | European larch | Chilean false larch
laringal	adj	0.1766	laryngeal
laringe	nf	1.1532	larynx | throat
larva	nf	0.4686	larva
larvado	adj	0.4976	hidden | latent | concealed
las		0.7375	the | them
lasaña	nf	0.4173	lasagna
lasca	nf	0.7913	flake
lascar	nm	0.0008	Alaskar | Lashkar | Lascar
lascivamente	adv	0.0000	wantonly
lascivia	nf	0.6414	lust | lasciviousness
lascivo	adj	0.9533	lewd | wanton | lascivious
lascivoso	adj	0.4995	lascivious | lewd | wanton
lasitud	nf	0.6601	fatigue | lassitude | weariness
lástima	nf	0.7800	pity
lastimar	v	1.2378	hurt
lastimero	adj	0.4606	pitiful | hurting
lastimosamente	adv	0.0810	regretfully
lastimoso	adj	0.4449	pitiful
lastre	nm	0.3654	ballast
lata	nf	1.9943	can
latencia	nf	0.3973	latency
LaTeX	n	0.0000	LaTeX
latigazo	nm	0.3073	whiplash
látigo	nm	1.2950	whip
latín	nm	1.2409	Latin
latín eclesiástico	loc	0.1350	Ecclesiastical Latin
latín vulgar	loc	0.2155	Vulgar Latin
latinismo	nm	0.0998	Latinism
latinizador	adj	0.0000	Latinizing | latinizing
Latinoamérica	prop	0.2768	Latin America
latir	v	2.4184	beat
latitud	nf	1.9952	latitude
latón	nm	0.8289	brass
latrocinio	nm	0.2910	larceny
laudable	adj	0.5278	laudable
láudano	nm	0.0499	laudanum
laudatoria	nf	0.1370	eulogy
laudatorio	adj	0.0682	laudatory
laude	nf	0.6761	praise
laudes	nmf	0.0129	lauds
laudo	nm	0.3632	decision
Laura	n	0.3715	Laura | Lora
laureado	adj	0.1639	laureate
laurel	nm	1.6377	laurel | bay
laurencio	nm	0.5910	lawrencium
láurico	adj	0.0129	lauric
lauroceraso	nm	0.1585	cherry laurel
lavable	adj	0.1363	washable
lavabo	nm	1.5880	washbasin | sink
lavamanos	nm	0.8448	sink
lavanda	nf	0.9865	lavender
lavandera	nf	0.0223	laundress | laundry woman
lavandera blanca	loc	0.5484	wagtail
lavaojos	nm	0.2002	eyewash
lavar	v	1.5436	wash
lavar el cerebro	loc	0.1242	brainwash
lavarropa	nm	0.3476	washing machine
lavarropas	nm	0.3476	washing machine
lavarse	v	0.5091	grow
lavatorio	nm	1.1947	sink
lavavajillas	nm	0.3144	dishwasher
laxante	adj	0.1689	laxative
lazarillo	nmf	0.1674	guide dog
Lázaro	prop	0.2828	Lazarus
lazo	nm	0.7237	lasso
le		0.6613	them
lealmente	adv	0.1062	loyally | faithfully
lealtad	nf	0.5341	loyalty
leasing	nm	0.0407	leasing
lebenswelt	nm	0.0576	lifeworld
leberwurst	nf	0.0593	liverwurst
lebrato	nm	0.3197	leveret
lección	nf	1.0233	lesson
leche	nf	4.2768	milk
leche de almendras	loc	0.0946	almond milk
lechero	nmf	0.2286	milkman
lechetrezna	nf	0.3903	spurge
lechón	nm	1.9195	piglet | suckling
lechoso	adj	0.2269	milky
lechuga	nf	0.9796	lettuce
lechuza	nf	1.2701	owl
lectina	nf	0.0223	lectin
lectura	nf	1.3914	reading | lecture | access
leedor	adj	0.3004	reader | reading
leer	v	2.1870	read
leer en voz alta	loc	0.0002	read aloud
leer entre líneas	loc	0.0003	read between lines
leer la cartilla	loc	0.0888	read someone the riot act
lefa	nf	0.0006	not to give a damn
legal	adj	1.2311	legal
legalidad	nf	0.1242	legality
legalista	nm	0.1244	barrister
legalizar	v	0.0000	legalise
legalmente	adv	0.0511	lawfully | legally
légamo	nm	0.6892	silt | mud
legaña	nf	1.9314	sand | rheum
legañoso	adj	0.2046	bleary | rheumy
legar	v	0.3956	bequeath
legible	adj	0.3983	legible | readable | understandable | comprehensible
legión	nf	0.4617	legion
legionario	adj	0.1812	legionary | legionnaire
legislación	nf	0.4438	legislation
legislador	nmf	0.2106	legislator
legislar	v	0.1917	legislate
legitimador	adj	0.0000	legitimizing
legitimar	v	0.1985	legitimize
legitimidad	nf	0.1626	legitimacy
lego	adj	2.2708	lay
legua	nf	1.3159	league
legumbre	nf	0.3902	legume
Leguminosas	nf	0.0005	Leguminosae
lejano	adj	0.9161	distant | far | faraway | remote
Lejano Oriente	loc	0.6971	Far East
lejía	nf	1.3262	lye | bleach
lejos	adv	1.5237	far
lema	nm	1.0069	lemma | motto | headword | subject
lémur	nm	0.0005	lémur
lencería	nf	0.5521	linen
lendakari	nm	0.0440	lehendakari
lendroso	adj	0.0405	nitty
lenga	nf	0.0933	lenga beech
lengua	nf	7.1996	tongue | language
lengua aglutinante	loc	0.0003	agglutinative language
lengua aislante	loc	0.0002	isolating language
lengua analítica	loc	0.0002	analytic language
lengua de suegra	loc	0.0129	snake plant
lengua fueguina	loc	0.0002	Fuegian language
lengua materna	loc	0.0006	arterial language | mother tongue | native language | first lenguage
lengua sintética	loc	0.0002	synthetic language
lenguaje	nm	4.4982	language | speech
lenguaje de máquina	loc	0.0536	machine code
lenguaje de programación	loc	0.2990	programming language
lenguaje ensamblador	loc	0.0794	assembly language
lenguaje fuente	loc	0.2392	source language
lenición	nf	0.1480	lenition
Lenin	prop	0.1093	Lenin
Leningrado	prop	0.3361	Leningrad
leninismo	nm	0.8243	Leninism
leninista	adj	0.5973	Leninist | Leninian
lenocinio	nm	1.5898	brothel | whorehouse | lupanar
lentamente	adv	0.6695	slowly
lente	nmf	0.6893	lens
lentes	nm	0.1892	glasses
lenticela	nf	0.0000	lenticel
lentificar	v	1.2217	slow
lentificarse	v	0.8144	slow | slow down
lentitud	nf	0.3831	slowness
lento	adj	2.4177	slow
leña	nf	0.3551	firewood
leñador	nmf	0.3067	lumber | lumberjack
leñoso	adj	0.2768	woody
Leo	prop	1.0847	Leo
león	nmf	3.6528	lion | cougar | mountain lion | puma
león	nm	0.0025	fox and hounds
león americano	loc	1.2125	cougar | mountain-lion | puma
león marino	loc	0.4179	sea lion
leonado	adj	1.4406	tawny | tan
Leonardo	n	0.1137	Leonard
leoncito	nm	0.1351	lion cub
Leónidas	prop	0.0182	Leonidas
leontopodio	nm	0.0854	edelweiss
leopardo	nm	1.1951	leopard
Leópolis	prop	0.4015	Lviv
leotardo	nm	0.6020	tights
lepidóptero	adj	0.0622	lepidopteran
lepisma de la harina	loc	0.1671	bristletail
lepisma del azúcar	loc	0.1671	bristletail
lepra	nf	0.7085	leprosy
leprosería	nf	0.0386	leprosarium
leproso	adj	0.3769	leprous
leptón	nm	0.1137	lepton
leptospirosis	nf	0.0751	leptospirosis
lesbiana	nf	0.6887	lesbian
lesbofobia	nf	0.1152	lesbophobia
lesión	nf	1.0686	lesion | injury
lesna	nf	0.6247	awl
Lesoto	n	0.2702	Lesotho
lestrigón	adj	0.1540	Laestrygonian
letal	adj	0.4956	lethal | deadly
letargia	nf	0.1466	lethargy
letárgico	adj	0.1393	lethargic
letargo	nm	0.6417	lethargy | drowsiness
leteo	adj	0.0386	lethean
Leteo	prop	0.1282	Lethe
letón	nm	1.0286	Latvian
Letonia	n	0.8359	Latvia
letra	nf	2.5324	letter | lyrics
letra bastardilla	loc	0.4605	cursive
letra cursiva	loc	0.4605	cursive
letra mayúscula	loc	0.2982	capital letter | uppercase
letra minúscula	loc	0.2109	lower case
letrado	nmf	0.8132	advocate
letrado	adj	0.7834	arrogant | cultured
letrero	nm	1.3548	sign
letrina	nf	0.0622	toilette
letura	nf	0.4657	attention | danger
leucemia	nf	0.6024	leukemia | leukaemia
leucémico	adj	0.0446	leukaemic | leukemic
leucina	nf	0.0815	leucine
leucocito	nm	0.4444	leukocyte | white blood cell
leucoma	nm	0.1684	leucoma
leudar	v	0.3541	leaven
levadura	nf	1.7694	yeast | barm
levantamiento	nm	0.7600	uprising | lifting | raising
levantar	v	3.7282	lift | raise | lever | hoist | elevate | heave
levantarse	v	1.6371	get up | go up
levantisco	adj	0.3668	restless
levar	v	0.0531	weigh anchor
leve	adj	3.7938	light
levedad	nf	0.4081	levity | lightness
levitación	nf	0.1351	levitation
levitar	v	0.0998	levitate
Levítico	n	0.7482	Leviticus
levógiro	adj	0.0664	levorotatory
lexema	nm	0.6169	lexeme
lexical	adj	0.1726	lexical
lexicalización	nf	0.0000	lexicalisation | lexicalization
lexicalizar	v	0.0000	lexicalise | lexicalize
lexicalizarse	v	0.0000	lexicalise | lexicalize
lexicalmente	adv	0.0000	lexically
léxicamente	adv	0.0000	lexically
léxico	nm	1.1650	dictionary | vocabulary
lexicografía	nf	0.6963	lexicography
lexicográficamente	adv	0.0446	lexicographically
lexicográfico	adj	0.1652	lexicographic
lexicógrafo	nm	0.5375	lexicographer
lexicología	nf	0.1781	lexicology
lexicológicamente	adv	0.0341	lexicologically
lexicólogo	nmf	0.0446	lexicologist
ley	nf	1.6787	law
leyenda	nf	1.9677	legend
lezna	nf	0.5843	awl
LGBTfobia	nf	0.1050	LGBTphobia
Lía	prop	0.0223	Lea
libación	nf	0.1995	libation
libanés	adj	0.1919	Lebanese
Líbano	prop	1.2204	Lebanon
libélula	nf	1.7231	dragonfly | dragon-fly
liberación	nf	0.5166	liberation
liberalismo	nm	0.1953	liberalism
liberar	v	3.4169	free | release | liberate
Liberia	n	0.2318	Liberia
liberiano	adj	0.2382	Liberian
libertad	nf	1.7248	freedom | liberty
libertad de expresión	loc	0.0920	freedom of expression
libertar	v	1.0812	exonerate | guard
libertarismo	nm	0.0912	libertarianism
liberto	nmf	0.2116	freedman
Libia	n	0.5395	Libya
libídine	nf	0.5751	lust
libido	nf	1.2413	libido | desire | lust
libio	adj	0.3018	Libyan
Libra	prop	1.1830	Libra
libra esterlina	loc	0.3463	pound sterling
libraco	nm	0.9541	book | trashy
librar	v	0.9350	save
librarse	v	1.2032	escape
libre albedrío	nm	0.3199	free will
librea	nf	0.0911	livery
librecambio	nm	0.1480	free trade
librepensador	adj	0.0000	free thinker | freethinker
librería	nf	0.8069	bookshop | book store | bookstore
librería anticuaria	loc	0.0815	used bookstore
librero	n	0.3796	bookseller
libresco	adj	0.1557	bookish
libreta	nf	2.0366	notebook | notepad
libreto	nm	0.6670	script | libretto
Libreville	prop	0.0854	Libreville
libro	nm	5.0301	book | omasum | psalterium | third stomach
libro mayor	loc	0.0705	general ledger
licantropía	nf	0.1062	lycanthropy
licántropo	nm	0.8080	lycanthrope | werewolf
licenciatura	nf	0.0002	Bachelor's degree
liceo	nm	0.2351	high school
licitación	nf	1.3517	tender | bidding | call for bids
lícito	adj	0.2184	allowed
licnología	nf	0.0002	lichnology
licor	nm	0.4512	liqueur
licuefacción	nf	0.2084	liquefaction
lid	nf	1.2834	fight
líder	nmf	1.2218	leader
liderar	v	1.9521	lead
liderazgo	nm	0.5317	leadership
lidia	nf	1.5324	fight | fighting | struggle | struggling | bullfighting | bullfight
liebre	nf	1.7401	hare
Liebre	prop	0.0182	Hare
Liechtenstein	n	0.4473	Liechtenstein
liechtensteiniano	adj	0.1598	Liechtensteiner
Lieja	prop	0.0000	Liege | Liège
liendre	nf	0.7943	nit
lienzo	nf	0.6734	canvas
lifting	nm	0.5071	facelift | rhytidectomy
liga	nf	2.0205	league | mistletoe | suspender
Liga Árabe	n	0.1357	Arab League
ligadura	nf	1.0209	ligature | tie
ligamen	nm	0.4585	impediment
ligamento	nm	0.7289	ligament
ligar	v	1.9704	bind
ligeramente	adv	0.3078	lightly | ably | capably | cleverly | skilfully
ligero	adj	4.1616	light
lignificar	v	0.0364	lignify
ligre	nm	0.3359	liger
lijar	v	0.9556	sand
lila	nf	0.3928	lilac
Liliana	prop	0.0000	Lillian
Liliopsida	n	0.0003	Liliopsida
lillo	nm	0.1771	rolling paper
lima	nf	1.5418	lime | sweet lime | Bartender's lime | Key lime | Mexican lime | West Indian lime | Persian lime | Tahiti lime
limadura	nf	0.2368	filing | filings
límbico	adj	0.0644	limbic
limbo	nm	0.1703	limbo
Limburgo	prop	0.0644	Limburg
limerencia	nf	0.2543	limerence
limitación	nf	0.6225	limitation
límite	nm	1.0862	limit
limítrofe	adj	0.3887	neighboring | bordering
limnología	nf	0.5304	limnology
limo	nm	2.2890	mud
limón	nm	1.5297	lemon | lemon tree
limonera	nf	0.2857	lemon balm
limonero	nm	1.6756	lemon | lemon tree | Key lime
limonita	nf	0.0705	limonite
limosna	nf	0.5855	alms | charity
limosnero	adj	0.2977	charitable
limpiabotas	nm	0.2124	shoeshiner
limpiacristales	nm	0.1036	window cleaner
limpiadura	nf	0.4008	cleaning
limpiante	adj	0.0758	cleaning
limpiaparabrisas	nm	0.0000	windscreen wiper | windshield wiper
limpiaplata	nf	0.0005	Andean horsetail
limpiar	v	2.7265	clean | wipe
limpiedumbre	nf	0.1516	cleaning
limpieza	nf	0.5406	cleanliness
limpieza étnica	loc	0.2077	ethnic cleansing
limpio	adj	2.3312	clean
limusina	nf	0.1588	saloon
lináceo	adj	0.0223	linaceous
linaje	nm	1.0065	lineage
linaza	nf	0.1598	linseed | flaxseed
lince	nm	0.6500	lynx
linchar	v	0.1334	lynch
lindo	adj	1.7444	cute | pretty
línea	nf	1.5754	line
línea de tiempo	loc	0.1726	timeline
línea recta	loc	0.2860	straight line
linear	adj	0.4748	linear
linfa	nf	0.2061	lymph
linfoma	nm	0.1242	lymphoma
lingote	nm	0.2072	ingot | bullion
linguini	nm	0.0000	linguini
lingüista	nmf	0.5667	linguist
lingüística	nf	0.9652	linguistics
lingüístico	adj	0.5345	linguistic
linimento	nm	0.0515	liniment
lino	nm	0.7601	flax | linen
linograbado	nm	0.0964	linocut
linóleo	nm	0.2732	linoleum
linterna	nf	0.6016	torch
Linux	prop	0.1686	Linux
linyera	n	1.9619	bum | hobo | tramp
liofilización	nf	0.0446	freeze-drying
liofilizar	v	0.0129	cryodesiccate
Liorna	prop	0.0288	Leghorn | Livorno
Liorno	prop	0.0288	Leghorn | Livorno
lipídico	adj	0.0576	lipidic
lípido	nm	0.8347	lipid
lipodistrofia	nf	0.0315	lipodystrophy
lipodistrófico	adj	0.0000	lipodystrophic
lipograma	nm	0.1152	lipogram
lipoproteína	nf	0.0341	lipoprotein
lipori	nm	0.2627	vicarious embarrassment | Spanish shame
liposucción	nf	0.0657	liposuction
liquidación	nf	0.2298	liquidation
liquidar	v	0.6989	liquidate
líquido	adj	1.2565	liquid | fluid
líquido cefalorraquídeo	loc	0.1812	cerebrospinal fluid
lírica	nf	0.0998	lyric poetry
líricamente	adv	0.0000	lyrically
lírico	adj	0.1609	lyric | lyrical
lirio	nm	0.6261	iris
lirismo	nm	0.0315	lyricism
lirón	nm	0.3661	dormouse | edible dormouse
Lisandro	prop	0.0258	Lysander
Lisboa	prop	0.7855	Lisbon
lisina	nf	0.1078	lysine
liso	adj	1.1110	smooth
lisonjear	v	0.5006	flatter
lista	nf	1.4005	list | strip | menu | stripe
lista negra	loc	0.1854	blacklist
listar	v	0.5189	list
listo	adj	1.6139	smart
listón	nm	0.2365	slat
listón de zócalo	nm	0.0498	baseboard
listrosaurio	nm	0.0004	lystrosaur
litera	nf	0.3134	bunk bed | bunkbed
literal	adj	0.3220	literal
literario	adj	0.4548	literary
literato	nmf	0.0427	literatus
literatura	nf	1.7348	literature
litigio	nm	0.4011	lawsuit | litigation
litio	nm	0.6201	lithium
litografía	nf	0.2993	lithography | lithograph
litográfico	adj	0.0835	lithographic
litógrafo	nmf	0.1208	lithographer
litológico	adj	0.0000	lithologic | lithological
litoral	nm	0.3345	coastline
litósfera	nf	0.1434	lithosphere
lítotes	nf	0.4240	litotes | understatement
litro	nm	0.7697	litre | liter
Lituania	n	0.9532	Lithuania
lituano	nm	0.9270	Lithuanian
liturgia	nf	0.1770	liturgy
Liubliana	prop	0.4027	Ljubljana
livermorio	nm	0.0810	livermorium
Liverpool	prop	0.1344	Liverpool
liviano	adj	3.1030	light | fickle | lewd | frivolous
lividez cadavérica	nf	0.0864	livor mortis
lívido	adj	0.5229	livid
livonio	nm	0.2732	Livonian
Livorno	prop	0.0288	Leghorn | Livorno
liza	nf	0.8909	mullet
llaga	nf	0.4633	ulcer
llama	nf	1.6004	llama | flame
llamada a la acción	loc	0.2370	prompt
llamada perdida	loc	0.1736	missed call
llamado	nm	1.0357	call
llamar	v	2.4074	knock | ring | appeal | attract | summon | call
llamarada	nf	0.4235	blaze
llamarse	v	0.5034	be called | be named
llamear	v	0.6594	flame
llano	adj	2.0163	flat
llanta	nf	0.9766	rim | tire | felly
llanto	nm	0.5183	crying
llanura	nf	1.3690	plain
llave	nf	3.3241	key | wrench | valve | bracket
llave inglesa	loc	0.3730	monkey wrench
llavero	nmf	0.1608	keyholder | keykeeper
llavero	nm	0.0006	key-ring | keyring
llecho	adj	0.0129	joined
llegada	nf	0.7172	arrival
llegar	v	1.9175	last | come | gather | bring | be enough | carry up
llegar a fin de mes	loc	0.1424	make ends meet
llenar	v	1.6943	fill
lleno	adj	2.1211	full
llevar	v	4.7771	carry | lead away | bring | lead | allow | borrow
llevar a cabo	loc	0.5133	carry out
llevarse la palma	loc	0.0675	take the cake
llorica	n	0.4052	crybaby
llorica	adj	0.0311	whining
lloriquear	v	0.5972	whine | whimper
llorón	nmf	0.6127	crybaby | weeping willow
lloroso	adj	0.1361	weeping
llover a cántaros	loc	0.4210	rain cats and dogs | rain pitchforks
llover a mares	loc	0.3834	rain cats and dogs | rain pitchforks
llovizna	nf	2.6322	drizzle
lloviznar	v	1.6010	drizzle
lluvia	nf	3.6133	rain
lluvia ácida	loc	0.0004	pluie acide
lluvioso	adj	0.4828	rainy
lo		1.9366	that | the
lo primero es lo primero	loc	0.0682	first things first
lo prometido es deuda	loc	0.0729	a promise is a promise
loam	nm	0.1235	loam
loar	v	2.6744	praise
lob	nm	0.2529	lob
lobato	nm	0.1058	wolfling
lobby	nm	0.6566	lobby | lobbying
lobezno	nm	0.5876	wolf cub | wolfkin | wolfling
Lobo	prop	0.0005	The Wolf
lobo gris	loc	0.2076	grey wolf
lobo solitario	loc	0.0762	lone wolf
lobotomía	nf	0.1875	lobotomy
lóbrego	adj	0.5766	dismal
lóbulo	nm	0.1639	lobe
localhost	nm	0.0315	localhost
localidad	nf	1.5676	locality | place | location | village | town
localización	nf	0.2389	localization
localizar	v	0.2916	locate
localmente	adv	0.0464	locally
locamente	adv	0.0682	madly
locativo	nm	0.0000	locative
locha	nf	0.1769	loach
loción	nf	0.2464	lotion
loco	nm	0.1721	Chilean abalone
locomoción	nf	0.1892	locomotion
locomotor	adj	0.0129	locomotor
locuacidad	nf	0.3643	loquacity
locuaz	adj	0.6308	loquacious
locución	nf	1.5616	expression | idiom
lóculo	nm	0.1093	loculus
locura	nf	0.8748	madness
locus	nm	0.1351	locus
locus de control	loc	0.0000	locus of control
locutor	nmf	0.5970	announcer | speaker
loden	nm	0.0182	loden
lodo	nm	2.4645	mud
lodonero	nm	0.1402	hackberry
lodoso	adj	0.7660	muddy
loes	nm	0.2628	loess
logarítmico	adj	0.0835	logarithmic
logaritmo	nm	0.9460	logarithm | log
logarse	v	0.1283	log in
logia	nf	0.8464	lodge
lógica	nf	0.6943	logic
lógica formal	loc	0.0000	mathematical logic
lógicamente	adv	0.0892	logically
lógico	adj	0.3436	logical
logística	nf	0.0531	logistic
logo	nm	0.7214	logo | logotype
logopeda	nmf	0.1167	logopedist | logopaedist
logopedia	nf	0.0515	logopedia | logopedics
logoterapia	nf	0.0315	logotherapy
logrado	adj	0.3213	successful
lograr	v	1.2225	achieve | accomplish | attain
logro	nm	0.4936	advantage
loguearse	v	0.4914	log
loica	nf	0.0011	greater red-breasted meadowlark | long-tailed meadowlark | greater red-breasted blackbird
lojban	nm	0.3535	Lojban
lolita	nf	0.2204	lolita
loma	nf	0.0481	motte
lombardo	nm	0.3697	Lombard
lombriz	nf	0.9448	earthworm | intestinal worm | stomach worm
lomo	nm	0.5417	loin
lona	nf	0.4489	canvas
lonche	nm	0.3482	lunch
lonchera	nf	0.1690	lunchbox
lonchería	nf	0.0003	lunch bar
londinense	adj	0.3192	Londoner
Londres	n	1.1877	London
longevidad	nf	0.1709	longevity
longitud	nf	1.3097	longitude | length
longitud de onda	loc	0.3215	wavelength
longitudinalmente	adv	0.0129	longitudinally
lonja	nf	0.8735	market
loor	nm	1.0721	praise
loquear	v	0.2639	frolic
loquera	nf	0.1130	craziness | madness
lord	nm	0.4642	lord
Lorena	prop	0.4379	Lorraine | Lorena
loro	nm	1.5213	parrot
loro tricahue	loc	0.0005	Patagonian conure | burrowing parrot
lorquiano	adj	0.0129	Lorcan
los		0.4675	the | them
losa	nf	0.3764	slab
losange	nm	0.7811	diamond | lozenge
losanje	nm	0.1737	lozenge
lote	nm	0.5478	batch | plot
lotería	nf	0.4152	lottery
Lourdes	prop	0.0482	Lourdes
Lovaina	prop	0.3835	Leuven | Louvain
loxodrómico	adj	0.0000	loxodromic
loza	nf	0.2228	earthenware
lozano	adj	0.9780	lush | buxom | lusty
LSD	nm	0.2082	LSD
luau	nf	0.0258	luau
lubricación	nf	0.1771	lubrication
lubricante	nm	0.1619	lubricant
lubricar	v	0.1417	anoint
lúbrico	adj	0.0983	lusty
lubrificar	v	0.3740	grease
Lucas	prop	0.7528	Luke | Lucas
lucerna	nf	0.2531	skylight
Lucerna	prop	0.3412	Lucerne
lucha	nf	2.8044	fight | struggle | wrestling
luchador	nm	0.2944	wrestler
Lucía	prop	0.2985	Lucy
Luciana	prop	0.1866	Lucian
lucidez	nf	0.4528	lucidity | lucidness
lúcido	adj	0.5165	lucid
lucidor	adj	0.1402	shiny
luciérnaga	nf	1.3147	firefly | glowworm
lucífero	adj	0.0539	luciferous
lucífero	nm	0.0000	daystar
lucir	v	0.7508	shine | show off
lucro	nm	0.2520	lucre
lúcuma	nf	0.0682	lucmo
ludibrio	nm	0.4743	mockery | scorn
lúdico	adj	0.0729	ludic
ludificación	nf	0.2128	gamification
ludificar	v	0.0729	gamify
ludópata	nmf	0.0003	compulsive gambler | pathological gambler
ludoteca	nf	0.6358	play | center
luego	adv	1.5677	then | later | soon
lufa	nf	0.1951	loofah
lúgano	nm	0.4689	Eurasian siskin
lugar	nm	3.5083	place
lugarteniente	nmf	0.3472	deputy
lúgubre	adj	0.4143	lugubrious
Luis	n	0.0946	Lewis | Louis
Luisiana	n	0.1619	Louisiana
lujanense	adj	0.0004	louchannian
lujo	nm	0.4901	luxury
lujosamente	adv	0.0341	luxuriously
lujoso	adj	0.3626	luxurious
lujuria	nf	0.8570	lust
lujuriar	v	0.0002	enjoy life
lujurioso	adj	0.6611	lustful
luma	n	0.1471	luma
lumbar	adj	0.4867	lumbar
lumbopélvico	adj	0.0000	lumbopelvic
lumen	nm	0.4491	lumen
luminancia	nf	0.1333	luminance
luminosidad	nf	0.3024	luminosity
lumpemproletariado	nm	0.1338	lumpenproletariat | lumpen
luna	n	1.8894	moon
Luna	n	1.1502	Moon
luna de miel	loc	0.5192	honeymoon | wedding night
luna llena	loc	0.5803	full moon
luna nueva	loc	0.4737	new moon
lunar	nm	0.3606	beauty spot | mole | polka dot
lunático	adj	0.6128	lunatic | moonstruck
lunes	nm	2.4464	Monday
lunes de Pascua	loc	0.1924	Easter Monday
lupa	nf	0.4450	magnifying glass | loupe
lupanar	nm	1.6485	brothel | whorehouse | lupanar
lúpulo	nm	0.9887	hop
lupus	nm	0.1221	lupus
Lupus	prop	0.0005	The Wolf
lustrar	v	1.0115	clean
lustro	nm	0.1328	lustrum
lutecio	nm	0.6042	lutetium | lutecium
luteína	nf	0.3297	lutein
luteranismo	nm	0.2208	Lutheranism
luterano	adj	0.7107	Lutheran
lutita	nf	0.0835	lutite | shale
luto	nm	0.4457	mourning
luxación	nf	0.0182	luxation
Luxemburgo	n	0.0000	Luxemburg | Luxembourg
luxemburgués	nm	0.7598	Luxembourgish | Luxembourgian
luxemburgués	adj	0.0000	Luxemburger
luxómetro	nm	0.0223	light meter | lux meter
luz	nf	4.6438	light
luz visible	loc	0.1044	visible light
Lyon	prop	0.2155	Lyon | Lyons
Lyón	prop	0.0000	Lyons
Maastricht	prop	0.1480	Maastricht
Mac OS	n	0.0003	Mac OS
macabeo	nm	0.5119	henpecked
macabro	adj	0.2890	macabre
macaco	nmf	0.1537	macaque
macadán	nm	0.1288	macadam
Macao	n	0.0000	Macao | Macau
macarrón	nm	0.2056	macaroni
macarrónico	adj	0.2621	macaronic
Macedonia	prop	1.1129	Macedonia | Macedon | FYROM | Republic of Macedonia | Former Yugoslav Republic of Macedonia
Macedonia del Norte	n	0.3609	North Macedonia
macedónico	adj	0.3175	Macedonian
macedonio	nm	1.0040	Macedonian
macerar	v	0.3346	knead
mach	nm	0.1222	Mach number
macha	nf	0.0006	Chilean wedge clam | pink clam | surf clam
machacar	v	0.6666	crush
macheta	nf	0.2563	cleaver
machete	nm	1.0665	machete
machihembrar	v	0.1866	crimp
machirulo	nm	0.0288	male chauvinistic
machismo	nm	0.1709	male chauvinism | machismo
machista	adj	0.1362	male chauvinist
máchmetro	nm	0.0000	machmeter
macho	nm	1.6430	male
macho alfa	loc	0.1857	alpha male
machorra	nf	0.4127	tomboy
machucar	v	0.3289	crumple
macilento	adj	0.5750	emaciated
macla	nf	0.0000	crystal twinning
macoca	nf	0.2517	noogie
macoña	nf	1.7162	marijuana | ganja | weed
macramé	nm	0.1562	macramé | macrame
macró	nm	1.4848	pimp
macrodatos	nm	0.1645	big data
macroeconomía	nf	0.2234	macroeconomics
macroeconómico	adj	0.1070	macroeconomic
macroespecie	nf	0.0000	macrospecies
macrófago	nm	0.1577	macrophage
macrofobia	nf	0.0003	macrophobia
macrón	nm	0.1262	macron
macroorquidismo	nm	0.0000	macroorchidism
macróptero	adj	0.0129	macropterous
macroscopio	nm	0.0000	macroscope
macrospora	nf	0.0546	macrospore | megaspore
macuto	nm	1.6095	backpack | rucksack
Madagascar	n	0.3883	Madagascar
madeja	nf	0.3757	skein | hank
madera	nf	2.2656	wood
madero	nm	1.5974	cop | ass
madrastra	nf	0.5815	stepmother
madre	nf	5.2522	mother
madre biológica	loc	0.0003	biological mother
madre del maíz	loc	0.0258	teosinte
madreperla	nf	0.3483	mother-of-pearl
madreselva	nf	0.1639	honeysuckle
madrevilcún	nf	0.0005	Chilean tarweed | coast tarweed
Madrid	prop	1.0617	Madrid
madriguera	nf	1.8947	den | lair
madrileño	adj	0.3030	Madrilenian
madrina	nf	0.3448	godmother
madroño	nm	0.9878	strawberry tree | madrone | Pacific madrona
madrugada	nf	0.0009	early hours
madurar	v	0.2286	ripen
madurez	nf	0.4749	maturity
maduro	adj	0.8769	ripe | mature | middle-aged
maese	nm	2.2362	master
Maestricht	prop	0.2084	Maastricht
maestro	nmf	3.2064	instructor | teacher | master
maestro chasquilla	loc	0.6353	handyman | jack of all trades
mafia	nf	0.3832	mafia
máfico	adj	0.0931	mafic
magacín	nm	0.4518	magazine
maganel	nm	0.1190	mangonel
magazín	nm	0.4518	magazine
magdalena	nf	0.2633	madeleine | petite madeleine
Magdeburgo	prop	0.0604	Magdeburg
magia	nf	2.9768	magic
mágico	nmf	0.9123	magician
mágico	adj	1.0229	magic
magíster	nm	1.4880	master
magistrado	nmf	0.1832	magistrate
magnanimidad	nf	0.3093	magnanimity
magnánimo	adj	0.5577	magnanimous
magnate	nm	0.3449	magnate | tycoon
magnesio	nm	0.8028	magnesium
magnetar	nm	0.1222	magnetar
magnéticamente	adv	0.0000	magnetically
magnético	adj	0.3301	magnetic
magnetismo	nm	0.2816	magnetism
magnetización	nf	0.0929	magnetization
magnetizar	v	0.3977	mesmerize | magnetize
magnetocepción	nf	0.0000	magnetoreception
magnetoestrella	nf	0.1113	magnetar
magnetófono	nm	0.1242	tape recorder
magnetopausa	nf	0.0000	magnetopause
magnetorrecepción	nf	0.0000	magnetoreception
magnetrón	nm	0.0258	magnetron
magnificador	adj	0.0000	magnifying
magnificencia	nf	0.1629	magnificence
magnífico	adj	0.8028	magnificent | splendid
magnitud	nf	0.9328	magnitude
magnitud aparente	loc	0.0482	apparent magnitude
magno	adj	1.6106	great | grand
magnón	nm	0.0515	magnon
mágnum	nf	0.1159	magnum
mago	nmf	1.4056	wizard | magician
magro	adj	0.7758	lean
maguey	nm	0.6723	century plant
magular	v	0.9106	to | bruise
magullada	nf	0.7978	bruise
magulladura	nf	1.0812	bruise
magullar	v	0.6682	bruise | to
mahonesa	nf	0.0864	Virginia stock
maicena	nf	0.0892	cornflour
Maine	n	0.0902	Maine
mainel	nm	0.1812	mullion
maíz	nm	3.0461	maize | corn
maíz negro	loc	0.5202	pearl millet
majadería	nf	0.5880	stupidity
majadero	nm	0.4018	pestle
majestuosamente	adv	0.0315	majestically
majestuoso	adj	0.9335	majestic
majo	adj	0.5254	agreeable
majuelo	nm	0.0010	common hawthorn
mal	nm	1.6455	harm | evil | disease | illness | malady
mal	adv	0.3336	poorly
mal francés	loc	0.0729	French disease
mala costumbre	loc	0.0005	bad habit
malabar	nm	0.2368	Malayalam
malabarista	nmf	0.0911	juggler
malacófago	adj	0.0003	malacophage
malacológico	adj	0.0000	malacological
málaga	nm	0.1866	Malaga
malandrín	adj	0.1272	evildoer
Malaquías	prop	1.2092	Malachi
malaquita	nf	0.2462	malachite
malaria	nf	1.0022	malaria
Malasia	n	0.5002	Malaysia
malasio	adj	0.3127	Malaysian
Malaui	n	0.2874	Malawi
malauiano	adj	0.2285	Malawian
malawiano	adj	0.2285	Malawian
malayalam	nm	0.4651	Malayalam
malayo	nm	1.0000	Malay
malayo	adj	0.4579	Malaysian
maldad	nf	0.3353	evilness | evil | badness
maldecir	v	1.3501	curse
maldición	nf	1.2812	curse
Maldivas	prop	0.5168	Maldives
maldivo	adj	0.3154	Maldivian
maleante	adj	0.5179	miscreant
maleante	n	0.4493	delinquent
malecón	nm	0.2928	levee | esplanade
malentender	v	0.2834	misunderstand
malentendido	nm	0.3104	misunderstanding
maléolo	nm	0.0874	malleolus
maleta	nf	1.3775	suitcase
maletero	nm	1.4404	trunk
maleza	nm	1.0162	weed
malformación	nf	0.3268	malformation | deformity
malgastador	adj	0.1997	waster
malgastar	v	1.7185	waste
malgasto	nm	0.3307	waste
malhablado	adj	0.0000	foulmouthed
malhumorado	adj	0.3689	grumpy
malí	adj	0.2917	Malian
malí	nmf	0.2917	Malian
Malí	n	0.2992	Mali
Malibú	prop	0.0729	Malibu
malicia	nf	0.4979	malice
maliciar	v	0.3899	conjecture
malicioso	adj	0.6975	malicious
maliense	adj	0.3549	Malian
Malinalco	prop	0.0004	Malinalco
Malinas	prop	0.1281	Mechelen
malintencionado	adj	0.5881	malicious
malinterpretar	v	0.1235	misinterpret | misread | misunderstand
malla	nf	0.4039	mesh
Mallorca	prop	0.0000	Majorca
malo	adj	2.1561	bad
malograr	v	0.8370	bungle | abort
maloliente	adj	0.6869	stinky | malodorous | smelly
malsano	adj	0.6463	ailing | sickly
malta	nf	0.3799	malt
Malta	n	0.6925	Malta
maltés	nm	0.8830	Maltese
maltratamiento	nm	1.3874	abuse | ill-treatment | ill-usage | maltreatment | mistreatment
maltratar	v	0.5605	mistreat
maltrato	nm	1.3874	abuse | ill-treatment | ill-usage | maltreatment | mistreatment
maluquear	v	0.4713	to | indispose
maluquearse	v	0.0976	indisposed | to get
malva	nf	0.2468	mallow
malvado	adj	2.1271	mean
malvado	nmf	1.2053	villain
malvavisco	nm	0.3513	marshmallow
malversación	nf	0.3914	embezzlement
malversador	nmf	0.0998	embezzler
malversar	v	0.4345	embezzle | misappropriate
Malvinas	prop	0.0288	Falklands
mama	nf	2.9632	mamma | breast
mamá	nf	0.2339	mom | mum
mamada	nf	0.4539	blowjob | cinch | breastfeeding | drukenness
mamantar	v	0.8046	to | nurse
mamantear	v	0.8046	to
mamantón	adj	0.2515	suckling
mamar	v	1.2438	to
mamar gallo	loc	1.1675	joke | tease | pull someone's leg
mamario	adj	0.0751	mammary
mamarracho	nm	0.0006	cut-up pancake
mambo	nm	0.0005	Mambo
mamela	nf	0.3281	breast
mamelón	nm	0.0315	mamelon
mamera	nf	0.3160	bore | weariness
mami	nf	0.7053	mommy | precious
mamífero	adj	1.2492	mammal
mamiferológico	adj	0.0906	mammalogical | theriological | therological
mamiforme	adj	0.0978	mammiform
mamila	nf	1.6473	baby | breast | nipple | pacifier
mamilar	adj	0.0129	mamillar
mamita	nf	0.8590	mummy | momma
mamitis	nf	0.0704	mammitis | mastitis
mamo	nm	0.0005	Hawaii mamo
mamografía	nf	0.3166	mammography | mammogram
mamógrafo	nm	0.1021	mammograph
mamón	adj	0.5608	mama's boy
mamoplastia	nf	0.0762	mammoplasty
mamotreto	nm	0.0004	hulky thing
mampara	nf	0.6823	partition | screen | panel
mamparo	nm	0.1338	bulkhead
mamut	nm	0.2312	mammoth
manada	nf	1.5175	flock | herd | pack | drove
Managua	prop	0.1440	Managua
manaje	nf	0.0611	handedness
manantial	nm	2.2409	spring
manar	v	0.2325	outflow
manatí	nm	0.9143	manatee
mancha	nf	1.1707	stain
manchado	adj	0.1055	stained
manchar	v	0.0011	get dirty
manchú	adj	0.2801	Manchu
manchú	nmf	0.2801	Manchu
mancillar	v	0.7107	sully | besmirch
manco	adj	0.3541	one-armed
mancomunidad	nf	0.6396	community
mancuernilla	nf	0.4167	cufflink | cuff link | cuff-link
mandamiento	nm	0.6086	commandment
mandar	v	1.3931	send | order
mandarín	nm	0.8240	Mandarin
mandarina	nf	0.7037	tangerine
mandíbula	nf	1.0279	jaw | mandible
mandilón	nm	0.5163	henpecked
mandioca	nf	0.0773	manioc
mando	nm	0.4624	command
mandolina	nf	0.4141	mandolin
mandorla	nf	0.0341	mandorla
mandrágora	nf	0.5293	mandrake
mandrágula	nf	0.5087	mandrake
mandril	nm	0.1351	mandrill
mandrilar	v	0.1592	lathe
manducar	v	0.3475	munch | scuff
manear	v	0.4490	shackle
manecilla	nf	1.4194	hand | manicule
manejar	v	1.5497	drive | handle | manage
manera	nf	1.1377	way
manés	nm	0.6954	Manx | Manx Gaelic
manga	nf	1.4109	sleeve
manganeso	nm	0.4209	manganese
manganotantalita	nf	0.0000	manganotantalite
mangar	v	1.3182	steal
manglar	nm	0.3829	mangrove
mango	nm	1.0083	mango | handle
mangoneador	adj	0.1222	meddler
mangosta	nf	0.2524	mongoose
mangostino	nm	0.1826	mangosteen | purple mangosteen
manguera	nf	0.4172	hose
maní	nm	1.1962	peanut
manía	nf	0.7876	mania
maníaco	adj	0.3279	maniac
maniático	adj	0.5670	maniac
manicomio	nm	0.0515	insane asylum
manicura	nf	0.1866	manicure
manifestación	nf	0.6009	demonstration
manifestar	v	1.3028	manifest
manifiestamente	adv	0.1022	manifestly
manifiesto	nm	0.5820	manifesto
manifiesto	adj	0.9055	manifest
manillar	nm	0.2702	handlebar
maniobra	nf	0.4789	maneuver | manoeuvre
maniobrar	v	0.2479	maneuver
manipulación	nf	0.2140	manipulation
manipular	v	0.8756	handle
maniqueísmo	nm	0.0003	manichaeism
maniqueísta	adj	0.0003	manichaean | manichean
maniquí	nm	1.1900	dummy | model | mannequin
mano	nf	3.2675	hand
mano derecha	loc	3.3348	right | right hand
manojo	nm	1.1997	handful | fistful
manómetro	nm	0.4479	manometer | pressure gauge
manopla	nf	0.6126	mitten | gauntlet | brass knuckles
mansarda	nf	0.1167	mansard
mansedumbre	nf	0.1862	docility | meekness
manso	adj	1.1107	tame | meek
mansplaining	nm	0.0536	mansplaining
mantarraya	nf	0.1491	manta ray
manteca	nf	2.5094	butter | lard | shortening
mantel	nm	0.5919	tablecloth
mantenencia	nf	0.7317	support | sustenance | food | provisions | maintenance
mantener las apariencias	loc	0.1502	keep up appearances
mantenerse	v	0.3950	maintain
mantenimiento	nm	0.4204	maintenance
mantequilla	nf	2.6480	butter
mántico	adj	0.0000	mantic
mantícora	nf	0.1070	manticore
mantilla	nf	0.0427	mantilla
mantis	nf	1.1398	mantis | praying mantis
mantis religiosa	loc	1.1462	praying mantis | mantis
manto	nm	0.7032	mantle | cloak
mantón	nm	0.3853	shawl
mantra	nm	1.0504	mantra
Mantua	prop	0.1242	Mantua
manturón	nm	0.0631	binturong
manual	adj	0.8671	manual
manuscribir	v	0.1204	handwrite | manuscribe
manutención	nf	0.4459	maintenance | manutention
manzana	nf	4.1186	apple | block | Adam's apple
manzana de Adán	loc	0.8359	Adam's apple
manzanilla	nf	0.5681	camomile
manzanilla de Castilla	loc	0.0000	chamomile | roman camomile
manzano	nm	1.0219	apple tree
mañana	adv	2.8586	tomorrow
mañana	nf	2.9386	morning | tomorrow
mañana	nm	2.4610	future
mañoso	adj	0.5741	crafty
maoísmo	nm	0.6653	Maoism
maorí	nm	0.5224	Maori
mapa	nm	1.5555	map
mapache	nm	1.0511	raccoon
mapeador	nm	0.0341	mapper
mapuche	nm	0.2663	Mapudungun
mapuche	adj	0.1546	Araucanian
mapudungun	nm	0.1901	Mapuche
maque	nm	0.0258	maqui | Chilean wineberry
maqui	nm	0.0006	Chilean wineberry | maqui
maquillador	nmf	0.2208	make-up artist
maquillaje	nm	1.9198	make-up | makeup
maquillaje permanente	nf	0.0002	permanent make up
maquillar	v	0.8502	make up
maquillarse	v	0.0002	make oneself up
máquina	nf	1.5007	machine
máquina de escribir	loc	0.4653	typewriter
máquina expendedora	loc	0.1775	vending machine
Máquina Neumática	prop	0.0005	The Air Pump
maquinar	v	1.3226	plot | machinate | scheme
maquinaria	nf	0.2488	machinery
maquinista	n	0.1423	mechanic
maquinización	nf	0.0006	mecanization
mar	nmf	4.2020	sea
mar adentro	loc	0.3499	offshore
mar Adriático	loc	0.2917	Adriatic Sea
mar Amarillo	prop	0.2547	Yellow Sea
mar Báltico	loc	0.4250	Baltic Sea
mar Caspio	prop	0.3525	Caspian Sea
mar del Norte	loc	0.3569	North Sea
mar lunar	loc	0.3838	mare
mar Mediterráneo	loc	0.6899	Mediterranean Sea
mar Negro	loc	0.5270	Black Sea
mar Rojo	loc	0.4040	Red Sea
mara	nf	0.5671	mara | Patagonian cavy | Patagonian hare | Patagonian mara
maracuyá	nm	0.4530	passion fruit
maranata	nf	0.0003	maranatha
maratí	nm	0.4491	Marathi
maratón	nmf	0.1535	marathon
maravilla	nf	1.5332	marvel | wonder
maravillosamente	adv	0.1027	wonderfully
maravilloso	adj	1.2703	wonderful | lovely | marvelous
marbete	nm	0.3016	label
Marburgo	prop	0.0000	Marburg
marca	nf	2.3355	brand | marking | make
marca registrada	loc	0.3472	trademark
marca vulgarizada	loc	0.0628	genericized trademark
marcapáginas	nm	0.5661	bookmark
marcar	v	1.5131	score
marcha	nf	0.9140	gear
marcharse	v	0.6004	cut off
marchitar	v	0.6883	fade | etiolate
marcial	adj	0.4426	martial
marcir	v	0.3088	refute
marco	nm	0.8841	frame | march
marco alemán	loc	0.0005	german mark
Marcos	prop	1.2558	Mark | Marcus
marea negra	loc	0.0002	black tide
marear	v	0.0005	be at the wheel
marear la perdiz	loc	0.0768	mess around
maremoto	nm	0.2220	seaquake
marengo	adj	0.0002	dark-gray
mareo	n	0.2226	dizziness
marfil	nm	0.9790	ivory
marfileño	adj	0.4214	Ivorian
marga	nf	0.8103	marl
margarina	nf	0.7190	margarine
Margarita	n	0.6941	Margaret | Maggie
margen	n	1.5198	margin | edge | profit margin
margenar	v	0.5058	margin | . | marginate
marginación	nf	0.1569	marginalization
marginal	adj	0.5058	marginal
marginalidad	nf	0.0000	marginality
marginalismo	nm	0.0000	marginalism
marginalista	adj	0.0000	marginalist
marginalización	nf	0.0499	marginalization
marginalizar	v	0.1044	marginalize
marginar	v	0.7446	exclude | ignore | marginalize | marginate
margomar	v	0.1546	embroider
maría	nf	1.6664	marijuana | ganja
María	n	0.4743	Mary
mariachi	nm	0.0182	mariachi
Mariana	prop	0.0341	Maryann
mariano	adj	0.0997	Marian
maricón	nm	1.2974	fag | faggot | coward
mariconera	nf	0.0664	toilet bag
marido	nm	1.8925	husband
mariguana	nf	1.1660	marijuana | ganja
mariguano	nm	0.0004	pot smoker
marihuana	nf	2.6349	marijuana | pot | ganja | weed
marihuanero	adj	0.4283	stoner | pothead | weedhead
marimacho	nf	0.4127	tomboy
marimba	nf	0.1030	marimba
marina	nf	1.0677	navy | navigation | seamanship | marina | seascape | leisure harbor
marina de guerra	loc	0.5212	fleet | navy
marinar	v	0.4143	pickle
marinero	adj	0.2943	seaman | mariner | sailor
Mario	prop	0.2006	Marius
mariposa	nf	4.2003	butterfly
mariquita	nf	0.8559	ladybird | ladybug
mariscal	nm	0.1346	marshal
marisco	nm	0.5507	seafood | shellfish
marisma	nf	0.0006	saltwater marsh
marítimo	adj	0.4449	maritime
marketing	nm	0.7833	marketing
márketing	nm	0.6986	marketing
marlo	nm	0.3952	cob
marmita	nf	0.0515	marmite
marmitón	nmf	0.0000	kitchen boy
mármol	nm	0.0006	marbre
marmóreo	adj	0.2487	marmoreal
marmota	nf	0.4585	marmot
maroma	nf	1.7367	rope
marquesina	nf	0.3446	shelter | marquee
Marrakech	prop	0.0000	Marrakesh
marrano	nmf	2.3775	pig
marro	nm	0.4072	sledgehammer
marrón	adj	0.7507	brown
marroquí	adj	0.5021	Moroccan
marrubio	nm	0.0009	common horehound | white horehound
Marruecos	n	0.5722	Morocco
marrullar	v	0.3267	purr
Marsella	prop	0.3548	Marseille | Marseilles
marshalés	adj	0.0258	Marshall Islander
marsopa	nf	0.3617	porpoise
marsupio	nm	0.1058	marsupium | pouch
Marta	prop	0.1457	Martha
Marte	n	1.4118	Mars
martello	nm	0.0008	martello tower
martes	nm	2.0011	Tuesday
martillar	v	0.7054	hammer
martillear	v	0.7054	hammer
martillo	nm	2.2583	hammer
Martín	prop	0.2216	Martin
martinete común	loc	0.9971	night heron | black-crowned night heron
mártir	n	0.6770	martyr
martirio	nm	0.2543	martyrdom
martirizar	v	1.4591	martyr | to
martucha	nm	0.2569	kinkajou
maruto	nm	1.3161	navel | belly button
marxiano	adj	0.1987	Marxian
marxismo	nm	0.4518	Marxism | marxism
marxismo-leninismo	nm	0.1301	Marxism-Leninism
Maryland	n	0.1012	Maryland
marzo	nm	1.1680	March
mas		2.0847	but | yet
más	adv	0.8855	more
más o menos	loc	0.9536	more or less | give or take | roughly
más rayado que charango de gato	loc	0.0003	as mad as a hatter | mad as a hatter
más vale tarde que nunca	saying	0.2136	better late than never
masa	nf	2.0357	mass | dough
masa en reposo	loc	0.1411	rest mass | intrinsic mass | proper mass
masa madre	loc	0.2389	sourdough
masa máxima autorizada	loc	0.0002	gross combination mass
masacalla	nf	0.0002	masacalla
masacrar	v	0.6030	massacre
masacre	nf	0.6934	massacre
masaje	nm	0.8970	massage
masajear	v	0.1892	massage
mascar	v	0.4401	chew
máscara	nf	0.7831	mask
mascarada	nf	0.4748	masquerade | masque
mascarilla	nf	0.1431	facemask
mascota	nf	0.4966	pet
masculinidad	nf	0.4726	masculinity
masculinidad tóxica	loc	0.1654	toxic masculinity
masculino	adj	1.6590	male | masculine | manly
masivo	adj	1.4479	solid | massive
masmelo	nm	0.2771	marshmallow
masonería	nf	0.2095	freemasonry
masónico	adj	0.1639	masonic
Massachusetts	n	0.0864	Massachusetts
mastaba	nf	0.1785	mastaba
mastectomía	nf	0.3339	mastectomy
masticación	nf	0.0407	chewing | mastication
masticar	v	0.9645	chew
mástil	nm	1.3038	mast
mastodonte	nm	0.1288	mastodon
mastozoológico	adj	0.0906	mammalogical | theriological | therological
mastranzo	nm	0.0352	mentha | mint
Mastrique	prop	0.2084	Maastricht
mastuerzo	nm	0.8247	dolt | garden cress
masturbación	nf	2.4388	masturbation
masturbar	v	0.7460	masturbate
masturbarse	v	0.3423	masturbate
masuncho	nf	0.0007	gray brocket deer
mata	nf	1.0364	shrub
matacán	nm	0.3779	machicolation
matadero	nm	0.1444	slaughterhouse
matagalpa	nm	0.0258	Matagalpa
matalobos	nm	0.6342	aconite
matamoscas	nm	0.3255	flyswatter | fly agaric
matanza	nf	0.8665	slaughter
matar	v	3.4427	kill
matar dos pájaros de un tiro	loc	0.1629	kill two birds with one stone
matarife	nm	0.3794	butcher | slaughterer
matasanos	nmf	0.9502	quack
matemáticas	n	1.0427	mathematics | math
mateo	adj	0.4487	nerd
Mateo	prop	0.9006	Matthew
materia	nf	2.4569	matter
materia oscura	loc	0.2959	dark matter
materia prima	nf	0.3454	commodity | raw material | prime matter
material	nm	1.2851	data | material
materialismo	nm	0.3453	materialism
materializar	v	0.3071	materialize
maternidad	nf	0.4107	maternity | motherhood
Matías	prop	1.0400	Matthew | Mathew | Matt
Matilde	prop	0.0892	Matilda
matiné	nf	0.2953	morning
matiz	nm	0.4703	nuance
matizar	v	0.2715	nuance
matorral	nm	0.2405	thicket
matraca	nf	0.3940	ratchet | cog rattle
matriarcal	adj	0.1910	matriarchal
matrícula	nf	0.6683	registration
matricular	v	0.3802	register
matrimonio	nm	4.0905	marriage | matrimony | wedding
matriz	nf	0.8129	matrix
matriz cuadrada	loc	0.0657	square matrix
matriz diagonal	loc	0.0003	Diagonal matrix
matriz identidad	loc	0.1457	identity matrix
matriz ortonormal	loc	0.0003	orthonormal matrix
matrona	nf	0.0839	accoucheur
Matusalén	prop	0.1375	Methuselah
maullar	v	1.1244	meow | mew
maullido	nm	0.5737	meow
mauriciano	adj	0.1639	Mauritian
Mauricio	n	0.3764	Maurice | Mauritius
Mauritania	n	1.0185	Mauritania
mauritano	adj	0.1979	Mauritanian
mausoleo	nm	0.4248	mausoleum
maxila	nf	0.2399	maxilla
maxilar	nm	0.4983	jawbone | maxilla
maxilar	adj	0.0000	maxillar
máxime	adv	0.2615	mostly
maya	adj	0.1812	Mayan
maya yucateco	loc	0.1262	Yucatec Maya
mayestático	adj	0.3247	majestic | royal
mayido	nm	0.5737	meow
mayo	nm	1.6241	May
mayo	nf	0.2755	mayo
mayo	adj	0.0014	Mayo language
mayonesa	nf	0.9590	mayonnaise | mayo
mayor	adj	1.2645	elder | bigger
mayor	nmf	1.1276	major
mayoría	nf	0.4102	majority | bulk
mayorista	n	0.1030	wholesaler
mayoritario	adj	0.0405	controlling
mayuelo	nm	0.0011	common hawthorn
mayúscula	nf	0.3375	capital letter
mayúsculo	adj	1.7377	capital | uppercase
mazamorrear	v	0.9843	gold | to pan
mazamorreo	nm	0.9843	gold | panning
mazamorrero	nmf	0.0000	gold panner
mazapán	nm	0.6234	marzipan | marchpane
mazdeísmo	nm	0.0669	Mazdaism | Zoroastrianism
mazel tov	interj	0.1212	mazel tov
mazmorra	nf	0.4597	dungeon
mazo	nm	0.8551	deck | mallet
mazorca	nf	0.3613	corncob
mbiguá	nm	0.0006	neotropic cormorant
McDonald	prop	0.0000	McDonald
me		0.7464	me
me cago en Dios	loc	0.6437	holy shit
mear	v	1.1131	piss | pee
meato	nm	0.0604	meatus
mecánica cuántica	loc	0.2839	quantum mechanics | quantum physics
mecánica de rocas	loc	0.0000	rock mechanics
mecanismo	nm	0.6415	mechanism
mecanización	nf	0.2082	mechanization
mecanografiar	v	0.8949	type
mecanorreceptor	nm	0.0000	mechanoreceptor
mecatear	v	0.3486	snack
mecato	nm	0.7395	snack
mecenas	nmf	0.3566	patron
mecer	v	1.0777	rock
mechar	v	0.3847	pad
mechero	nm	0.6621	lighter | shoplifter
mechinal	nm	0.0000	putlog hole | weep hole
Mecklemburgo-Pomerania Occidental	prop	0.2985	Mecklenburg-Western Pomerania
meconio	nm	0.1952	meconium
medalla	nf	0.4841	medal
medallero	nm	0.0546	medal table
medallista	n	0.1152	medalist
médano	nm	1.1447	dune
media	nf	2.4876	sock | average | mean
mediación	nf	0.1731	mediation
medialuna	nf	0.2766	croissant
mediana	nf	0.2985	median
medianía	nf	0.2101	mediocrity
medianoche	nf	0.8317	midnight
mediante		0.6048	through
medias de rejilla	loc	0.0000	fishnets
mediastino	nm	0.0407	mediastinum
mediático	adj	0.3174	media
medicación	nf	0.1909	medication
medicamento	nm	0.6230	drug
medicar	v	0.1282	medicate
medicina	nf	2.2788	medicine
medicinal	adj	0.3380	medicinal | medical
medicinar	v	0.0751	medicate
médico	adj	0.8827	medical
médico	nm	2.0846	physician | doctor
medida	nf	2.0525	measure | action
medieval	adj	0.4837	medieval
medievo	nm	1.5795	Middle Ages
medio	adj	2.2582	half | average | generic | standard | mid | middle
medio	nm	2.3193	way | channel | media
Medio Oriente	prop	0.3201	Middle East
medio scrum	loc	0.0864	scrum-half
medioambiental	adj	0.1163	environmental
medioambiente	nm	0.0004	enviroment
mediodía	nm	1.5609	noon | midday | noontime
medioevo	nm	1.4333	Middle Ages
medios sociales	loc	0.1361	social media
medir	v	1.2047	measure
meditabundo	adj	0.5416	thoughtful
meditación	nf	0.3678	meditation
meditar	v	0.3252	meditate
meditativamente	adv	0.0000	meditatively
Mediterráneo	prop	0.5001	Mediterranean Sea
médium	nm	0.3935	medium
medroso	adj	0.8931	fearful
médula	nf	1.4459	marrow | medulla | pith
médula espinal	loc	0.3686	spinal cord
médula ósea	loc	0.0006	bone barrow
medusa	nf	0.6447	jellyfish
mefítico	adj	0.0258	mephitic
megaamperio	nm	0.0000	megaampere
megabyte	nm	0.1108	megabyte
megacandela	nm	0.0000	megacandela
megafaradio	nm	0.0315	megafarad
megagramo	nm	0.1250	megagram | megagramme
megahercio	nm	0.0911	megahertz
megajulio	nm	0.0482	megajoule
megakelvin	nm	0.0003	megakelvin
megalítico	adj	0.0682	megalithic
megalito	nm	0.3301	megalith
megalitro	nm	0.0446	megalitre
megalodón	nm	0.0864	megalodon
megalodonte	nm	0.0773	megalodon
megalomanía	nf	0.6130	megalomania
megalómano	adj	0.1380	megalomaniac
megámetro	nm	0.0682	megametre
meganewton	nm	0.0000	meganewton
megaohmio	nm	0.0482	megaohm
megasegundo	nm	0.0315	megasecond
megaterio	nm	0.0000	ground sloth | megatherium
megavatio	nm	0.0874	megawatt
megavoltio	nm	0.0000	megavolt
meitnerio	nm	0.5889	meitnerium
mejilla	nf	2.3007	cheek
mejillón	nm	0.5474	mussel
mejora	nf	0.2154	enhancement | improvement
mejorana	nf	0.5872	marjoram
mejorar	v	1.3573	improve
mejunje	nm	0.4307	blend
melado	nm	0.3039	honeydew | first molasses
melancólico	adj	0.6813	melancholic
melanina	nf	0.0874	melanin
melasma	nm	0.0609	melasma
melaza	nf	0.7647	molasses
melena	nf	1.2222	mane | alley
melifluo	adj	0.0446	mellifluent
Melilla	prop	0.1679	Melilla
melillense	adj	0.0000	Melillan
melisa	nf	0.1471	balm
melisma	nm	0.0446	melisma | vocal run
melisofobia	nf	0.0000	apiphobia | melissaphobia
melisopalinología	nf	0.0364	melissopalynology
melocotón	nm	2.0521	peach
melodía	nf	0.6846	melody
melodrama	nm	0.3214	melodrama
melomanía	nf	0.1093	melomania
melómano	adj	0.2818	melomaniac | music lover
melón	nm	1.5000	melon
melopea	nf	0.0000	melopeia
Melquisedec	n	0.1338	Melchizedek
membrana	nf	0.1620	membrane
membrana celular	loc	0.1803	cell membrane
membresía	nf	0.3799	membership
membrillo	nm	0.8457	quince
meme	nm	0.4957	meme
memorable	adj	0.2731	memorable
memorándum	nm	0.1897	memorandum
memoria	nf	1.4087	memory
memoria asociativa	nf	0.0002	associative memory
memoria virtual	loc	0.0546	virtual memory
memorioso	adj	0.0386	memorious
memorioso	nm	0.0000	Des Murs's wiretail
memorizar	v	0.0005	abstain from
mena	nf	1.1171	ore
mención	nf	0.4114	mention
mencionar	v	0.5285	mention
mendelevio	nm	0.5131	mendelevium
mendicante	adj	0.9330	beggar
mendicidad	nf	0.0493	mendicity
mendigar	v	0.8399	beg
mendigo	nmf	1.5029	beggar | panhandler
méndigo	adj	0.2200	darn
méndigo	nm	0.2049	despicable
menear	v	0.8877	shake | wiggle
mengano	nmf	0.4460	so-and-so | whatshisname
menguante	adj	0.1715	waning
menguar	v	0.8733	decrease | diminish | dwindle
menhir	nm	0.4462	menhir | standing stone
meningitis	nf	0.2361	meningitis
menisco	nm	0.3095	meniscus
menopausia	nf	0.7012	menopause
menopáusica	adj	0.0417	menopausal
menorá	nf	0.1137	menorah
menospreciar	v	0.7763	despise
mensáfono	nm	0.3577	pager
mensaje	nm	0.7987	message
mensil	adj	0.2881	monthly
menso	adj	0.7161	stupid
menstruación	nf	1.0365	menstruation | period
mensual	adj	0.4705	monthly
menta	nf	1.7538	mint
mental	adj	0.4793	mental
mentalizar	v	0.0000	mentalize
mentar	v	0.2375	mention
mente	nf	1.9808	mind
mentir	v	2.8130	lie
mentirijilla	nf	0.0000	little white lie | white lie
mentiroso	adj	1.5664	liar
mentol	nm	0.0854	menthol
mentón	nm	2.0477	chin
mentor	nmf	0.6788	mentor
menú	nm	1.2922	menu | prix fixe
menú desplegable	nm	0.0288	context menu
meñique	nm	0.2734	fifth toe | auricular
meollar	nm	0.0003	sledge axe
meollo	nm	1.0964	core | crux | heart
meramente	adv	0.1934	merely
mercachifle	nm	0.0546	hawker
mercadear	v	0.9824	trade | traffic
mercadeo	nm	0.5678	marketing
mercader	nmf	0.6587	merchant
mercadero	adj	0.3858	merchant
mercadillo	nm	0.0933	street market
mercado	nm	1.6904	market | marketplace
mercado de futuros	loc	0.0003	futures exchange
mercado negro	loc	0.5599	black market
mercadólogo	nmf	0.0003	marketing specialist
mercadoría	nf	1.3007	article | merchandise | product | ware | wares | commodity
mercadotecnia	nf	0.7833	marketing
mercancear	v	0.5773	to | trade
mercancía	nf	1.4432	commodity | merchandise | article | product | ware | wares
mercante	adj	0.5788	merchant
mercante	nm	0.3278	cargo ship | freighter
mercantil	adj	0.2217	mercantile
Mercantilismo	prop	0.0003	Mercantilism
mercantilmente	adv	0.0864	commercially
mercantivo	adj	0.1925	mercantile
mercenario	nm	0.5887	employee
mercería	nf	0.1857	haberdashery
mercurio	nm	1.3366	mercury | quicksilver
Mercurio	n	1.5310	Mercury
merecedor	adj	0.2185	deserving
merecer	v	0.3111	merit
merecumbé	nm	0.0003	merecumbe
merengue	nm	0.5420	meringue
Mérida	prop	0.1078	Mérida
meridiano	nm	0.3032	meridian
merienda	nf	0.9524	snack
mérito	nm	0.4893	merit
meritocracia	nf	0.1546	meritocracy
meritocráticamente	adv	0.0182	meritocratically
meritocrático	adj	0.0546	meritocratic
meritorio	adj	0.3433	commendable
merlán	nm	0.2220	whiting
mermador	adj	0.0288	diminishing
mermar	v	1.0987	decline
mermelada	nf	0.9938	jam | jelly | fruit preserve
merodeador	adj	0.1824	marauder | marauding | prowler | prowling
merónimo	nm	0.1634	meronym
merovingio	adj	0.0892	Merovingian
mes	nm	1.8292	month
mesa	nf	2.2278	table | board
Mesa	prop	0.0000	Table Mountain
mesada	nf	0.4073	countertop | worktop
mesenterio	nm	0.3282	mesentery
meseta	nf	0.7739	plateau
Mesina	prop	0.1152	Messina
mesiversario	nm	0.0729	mensiversary
mesmerismo	nm	0.0879	mesmerism
mesnada	nf	0.0223	children
mesocolon	nm	0.0590	mesocolon
mesología	nf	0.0644	mesology
mesón	nm	0.2601	meson
mesoterapia	nm	0.0000	mesotherapy
mesotrófico	adj	0.0352	mesotrophic
mesozoico	adj	0.0006	mesozoic
mestizaje	nm	0.1187	miscegenation
mestizo	adj	0.1077	biracial
mestura	nf	0.7432	mix
mesturar	v	0.6666	to | mix
metábasis	nf	0.0773	metabasis
metabólico	adj	0.0815	metabolic | metabolical
metabolismo	nm	0.7363	metabolism
metacarpo	nm	0.1928	metacarpus
metacono	nm	0.0000	metacone
metafase	nf	0.0576	metaphase
metafisario	adj	0.0386	metaphyseal
metafísica	nf	0.7715	metaphysics
metafísicamente	adv	0.0546	metaphysically
metafonía	nf	0.0929	ablaut
metáfora	nf	0.3611	metaphor
metafóricamente	adv	0.0697	metaphorically
metal	nm	1.0344	metal
metal de transición	loc	0.0223	transition metal
metal sinfónico	loc	0.0003	symphonic metal
metalífero	adj	0.0446	metalliferous
metalingüístico	adj	0.0499	metalinguistic
metalino	adj	0.1118	metallic
metalofo	nm	0.0000	metaloph
metalogénico	adj	0.0000	metallogenic
metalurgia	nf	0.3383	metallurgy
metamaterial	nm	0.0315	metamaterial
metamórficamente	adv	0.0000	metamorphically
metamorfosis	nf	0.4462	metamorphosis | recreation
metano	nm	0.0223	marsh gas | methane
metaplasmo	nm	0.1728	metaplasm
metástasis	nf	0.2833	metastasis
metatarso	nm	0.1513	metatarsus
metate	nm	0.0740	metate
metatesiofobia	nf	0.0000	metathesiophobia
metátesis	nf	0.3831	metathesis
Metatrón	prop	0.0773	Metatron
metedura de pata	loc	0.7389	blunder
meteoro	nm	1.2381	meteor
meteoroide	nm	0.1288	meteoroid
meteorología	nf	0.3624	meteorology
meteorológico	adj	0.1093	meteorological
meteorólogo	nmf	0.1597	meteorologist | weatherman
Metepec	prop	0.0005	Metepec
meter la pata	loc	0.4266	blunder
meticulosamente	adv	0.3764	meticulously
meticulosidad	nf	0.1496	meticulousness
meticuloso	adj	0.6960	meticulous
metida de pata	loc	0.5828	blunder
metionina	nf	0.1078	methionine
metlapilli	nm	0.0604	metate
metódico	adj	0.2606	methodical
metodismo	nm	0.1919	Methodism
método	nm	1.1773	method
método científico	loc	0.4306	scientific method
método de los elementos finitos	loc	0.0003	finite element method
método dialéctico	loc	0.0003	dialectic method
metodología	nf	0.2045	methodology
metodológico	adj	0.0835	methodological | methodologic
metomentodo	n	0.4577	nosy
metonimia	nf	0.1235	metonymy
metonímico	adj	0.1078	metonymic | metonymical
metopa	nf	0.0631	metope
metraje	nm	0.4256	length | footage
métrico	adj	0.1824	metric
metro	nm	2.4286	meter | metre | subway | underground | tube
metrología	nf	0.2714	metrology
metrópoli	nf	0.1381	metropolis
metrosexual	adj	0.2958	metrosexual
mexicana	nf	0.3267	Mexican
mexicano	adj	1.0213	Mexican
México	prop	2.3425	Mexico
mezcla	nf	1.2746	mix
mezcla heterogénea	loc	0.0129	heterogeneous mixture
mezclar churras con merinas	loc	0.0364	mix apples and oranges
mezclar churras y merinas	loc	0.0364	mix apples and oranges
mezquindad	nf	0.5395	stinginess | meanness
mezquita	nf	0.7180	mosque
mezquite	nm	0.2144	mesquite
mezuzá	nf	0.0874	mezuzah
mezzanina	nf	0.1919	mezzanine
mi	adj	1.3897	my
mi	nm	0.6269	mi
mí		0.7707	me
miar	v	0.3360	meow
miasma	nm	0.1457	miasma
miastenia	nf	0.0000	myasthenia
miau		0.5313	meow | miaow
mica	nf	0.1703	mica
micción	nf	0.1691	micturition | urination
miccionar	v	1.0054	urinate
Micenas	prop	0.0892	Mycenae
michay	nm	0.0182	Magellan barberry
miché	nm	1.3535	sugar daddy | john | trick
michelín	nm	0.4942	spare tyre
Míchigan	n	0.1178	Michigan
Michoacán	prop	0.0482	Michoacán
mico	nmf	0.0007	little monkey
micología	nf	0.1502	mycology
micra	nf	0.0000	micrometre | micron
micro	nf	1.3753	bus
micro	nm	1.3315	coach | microphone | mike
microamperio	nm	0.0003	microamper
microbio	nm	0.5477	microbe
microbiológico	adj	0.0000	microbiologic | microbiological
microbioma	nm	0.0758	microbiome
microbús	nm	0.4654	minibus
microcandela	nf	0.0000	microcandela
microeconomía	nf	0.1709	microeconomics
microfalda	nf	0.1078	microskirt
microfaradio	nm	0.0315	microfarad
micrófono	nm	1.0204	microphone | mike
microgramo	nm	0.1036	microgram
microhercio	nm	0.0000	microhertz
microhomofobia	nf	0.0003	microhomophobia
microjulio	nm	0.0000	microjoule
microkelvin	nm	0.0000	microkelvin
microlitro	nm	0.0386	microlitre
micromachismo	nm	0.0005	micromachism
micrómetro	nm	0.2714	micrometre | micron | micrometer screw gauge
micromovilidad	nf	0.1137	micromobility
micrón	nm	0.0000	micrometre | micron
micronewton	nm	0.0003	micronewton
micronova	nf	0.1629	micronova
microohmio	nm	0.0000	microohm
microonda	nm	0.2057	microwave
microorganismo	nm	0.2771	microorganism
micropigmentación	nf	0.0004	permanent make up
microplástico	nm	0.1596	microplastic
microscopio	nm	0.2705	microscope
Microscopio	prop	0.0002	The Microscope
microscopio cuántico	nm	0.0364	scanning tunneling microscope
microscopio electrónico de barrido	loc	0.0386	scanning electron microscope
microsegundo	nm	0.0854	microsecond
microtonal	adj	0.0129	microtonal
microtonalismo	nm	0.0129	microtonality
microtono	nm	0.0000	microtone
microvatio	nm	0.0364	microwatt
microvoltio	nm	0.0258	microvolt
midriasis	nf	0.0762	mydriasis
miedo	nm	2.7823	fear
miel	nf	3.3509	honey
mielina	nf	0.0631	myelin
mielografía	nm	0.0405	myelogram | myelography
mielograma	nm	0.0405	myelogram | myelography
miembro	nm	0.4019	limb
mientras	adv	0.5924	while
miércoles	interj	0.1641	shucks
Miércoles de Ceniza	prop	0.1249	Ash Wednesday
mierda	nf	5.5133	shit
miga	nf	0.5623	crumb
migaja	nf	1.1868	crumb
migar	v	0.1639	crumble
migración	nf	0.5642	migration
migraña	nf	0.6157	migraine
Miguel	prop	1.3485	Michael | Mike
mijo	nm	0.6698	millet
mijo negro	loc	0.5202	pearl millet
mil	adj	0.1313	hundreds and thousands
milagro	nm	1.3849	miracle | wonder
milagroso	adj	0.1030	miraculous
Milán	prop	0.2926	Milan
milanés	adj	0.0005	milanese
milanesa	nf	0.3498	cutlet
Milena	prop	0.0004	Millene
milenio	nm	0.0003	a thousand years
milésimo	adj	0.5504	one thousandth | thousandth
miliamperio	nm	0.0003	milliamper
miliaria	nf	0.0003	base layer
miliaria	adj	0.1976	landmark
milicandela	nf	0.0000	millicandela
milicia	nf	0.5885	militia
milico	nm	0.6153	private
milifaradio	nm	0.0000	millifarad
miligramo	nm	0.1775	milligram
milihercio	nm	0.0000	millihertz
milijulio	nm	0.0000	millijoule
milikelvin	nm	0.0000	millikelvin
mililitro	nm	0.1821	millilitre | milliliter
milimétrico	adj	0.0740	millimetric
milímetro	nm	0.0531	millimeter | millimetre
milinewton	nm	0.0000	millinewton
miliohmio	nm	0.0182	milliohm
milisegundo	nm	0.1338	millisecond
militar	n	0.3993	serviceman
militarismo	nm	0.1994	militarism
milivatio	nm	0.0364	milliwatt
milivoltio	nm	0.0000	millivolt
milla	nf	0.7429	mile
millar	nm	0.7371	thousand
millardo	nm	0.6028	billion | milliard
millón	nm	0.7884	million
millonario	adj	0.5000	millionaire
millonésimo	nm	0.1654	millionth
milonga	nf	0.0000	milonga
mimado	adj	0.5111	spoiled
Mimante	prop	0.0892	Mimas
mimar	v	0.9215	pamper | mollycoddle | caress
Mimas	prop	0.0892	Mimas
mimbre	nm	0.1390	wicker
mimbroso	adj	0.0983	wicker
mimesis	nf	0.1410	mimesis
mímesis	nf	0.0997	mimesis
mimetismo	nm	0.2275	mimicry
mímica	nf	0.1313	mimicry
mimosa	nf	0.2222	mimosa
min dong	loc	0.0427	Min Dong
min nan	nm	0.0515	Min Nan
mina	nf	1.3397	mine
minar	v	0.2885	subvert
Minatitlán	prop	0.0003	Minatitlán
mineral de hierro	loc	0.1546	iron ore
mineralizar	v	0.0464	mineralize
mineralogía	nf	0.3207	mineralogy
mineralogista	n	0.2357	mineralogist
minería	nf	0.3109	mining
minero	nm	0.2884	miner
Minerva	prop	0.1163	Minerva
Ming	prop	0.2940	bright
mingitar	v	0.2547	urinate
miniatura	nf	0.1065	miniature
minifalda	nf	0.3303	miniskirt
minimizar	v	0.1715	minimize
mínimo	adj	0.4862	minimum
minino	nmf	0.7460	kitty
ministración	nf	0.2150	administration
ministril	nm	0.0912	minstrel
ministro	nm	0.5785	minister
Minnesota	n	0.0783	Minnesota
minoría	nf	0.6159	minority
Minos	prop	0.0427	Daedalus
Minsk	n	0.2537	Minsk
minucia	nf	0.8842	trifle
minuciosamente	adv	0.2326	meticulously | minutely
minucioso	adj	0.4890	meticulous
minuendo	nm	0.1062	minuend
minueto	nm	0.6190	minuet
minúsculo	adj	0.8394	minuscule
minutero	nm	0.1180	minute hand
minuto	nm	1.0307	minute
miocardio	nm	0.1955	myocardium
miocarditis	nf	0.1235	myocarditis
mioceno	adj	0.0003	miocene
miofibroblasto	nm	0.0000	myofibroblast
mioma	nm	0.0546	myoma
miopía	nm	0.0631	myopia
miotónico	adj	0.0000	myotonic
Miqueas	n	1.2609	Micah
mirabel	nm	0.4451	sunflower | mirabelle plum | summer cypress
mirada	nf	1.8558	look
mirador	nm	0.1645	viewpoint
miramiento	nm	0.6227	regard | tact | consideration
mirar	v	2.0506	face | eye | look at
mired	nm	0.0000	mired
miríada	nf	0.2949	myriad
Míriam	prop	0.4743	Mary | Miriam
Mirian	prop	0.2008	Miriam
mirífico	adj	0.3616	admirable | wonderful
mirmecología	nf	0.0386	myrmecology
mirón	adj	0.3761	voyeur | peeping Tom
mirra	nf	0.8342	myrrh
mirto	nm	0.4061	myrtle
mirujear	v	0.3715	glance | look over | to
misa	nf	0.8887	mass
misandria	nf	0.4855	misandry
misantropía	nf	0.1535	misanthropy
misántropo	nmf	0.4032	misanthrope | misanthropist
miscelánea	nf	0.2627	miscellany
miserable	adj	1.3387	miserable
miseria	nf	1.1197	misery
misericordia	nf	1.1671	mercy | compassion | misercorde | misericord
mísero	adj	1.1360	miserable | miser | unfortunate
mishé	nm	0.4944	trick | sugar daddy | john
Mishná	nf	0.0000	Mishna | Mishnah
misil	nm	0.6856	missile
Misisipi	n	0.1461	Mississippi
mismo	adj	0.7112	same
miso	nm	0.3326	miso
misofobia	nf	0.1479	mysophobia
misoginia	nf	0.3066	misogyny
misógino	adj	0.0364	misogynic
misoneísmo	nm	0.0932	misoneism
misterio	nm	0.9618	mystery
misticismo	nm	0.9219	mysticism
mistificación	nf	0.1313	mystification
mistificar	v	0.0631	mystify
Misuri	n	0.1214	Missouri
mítico	adj	0.2431	mythical
mitificador	adj	0.0000	mythicizing
mitificar	v	0.0446	mystify
mitin	nm	0.2697	rally
mito	nm	0.6823	myth
mitocondria	nf	0.1457	mitochondrion
mitología	nf	0.6465	mythology
mitológico	adj	0.0000	mythologic | mythological
mitomanía	nf	0.1576	mythomania
mitómano	adj	0.1170	mythomaniac
mitón	nm	0.5320	mitten | fingerless glove
mitosis	nf	0.2039	mitosis
mitótico	adj	0.0604	mitotic
mitra	nf	0.2677	mitre | miter
miura	nm	0.0004	miura bull
mixomatosis	nf	0.0998	myxomatosis
mixteco	adj	0.0004	Mixteca
mixteco	nm	0.0004	Mixtecan language
mixtilíneo	adj	0.0129	mixtilinear
mixto	adj	0.4768	mixed
mixtura	nf	1.1523	mix
mnemónico	adj	0.1468	mnemonic
mnemosina	nf	0.0576	Mnemosyne
Mnemosina	n	0.1629	Mnemosyne
Mnemosine	n	0.0576	Mnemosyne
mnemotecnia	nf	0.2457	mnemonics
mnemotécnico	adj	0.1468	mnemonic
moái	nm	0.1417	moai
mobiliario	nm	0.6468	furniture
mocasín	nm	0.0000	mocassin
mochar	v	0.3774	headbutt
mochila	nf	1.1234	backpack | rucksack
mochilero	nmf	0.1078	backpacker
mochilita	nf	0.5987	cucumber | sponge
mocho	nm	1.0471	mop
mocho	adj	0.3984	truncated | polled | shorn
moco	nm	0.9679	snot | mucus
modalidad	nf	0.1546	modality
modelaje	nm	0.2300	modeling | modelling | fashion modeling | fashion modelling
modelar	v	0.8415	model
módem	nm	0.2140	modem
Módena	prop	0.0998	Modena
modenés	adj	0.0515	Modenese
moderación	nf	0.6715	moderation
moderado	adj	0.2981	guarded
moderar	v	0.8398	moderate
modernidad	nf	0.4153	modernity
modernismo	nm	0.1577	modernism
modernista	adj	0.1014	modernist
modernización	nf	0.1480	modernization | modernisation
modernizador	adj	0.0000	moderniser | modernizer
modernizar	v	0.3176	modernize
moderno	adj	0.8375	modern
modestia	nf	0.6765	modesty
módico	adj	0.2116	moderate
modificación	nf	2.5727	change | modification
modificador	nm	0.1686	modifier
modismo	nm	0.5944	idiom
modisto	nm	0.3195	tailor
modo condicional	loc	0.5255	conditional
modo de vivir	loc	0.1845	lifestyle
modo imperativo	loc	0.2820	imperative mood
modo indicativo	loc	0.3339	indicative mood
modo subjuntivo	loc	0.5798	subjunctive mood
modorra	nf	0.0000	coenurosis
módulo	nm	0.2874	module
mofarse	v	0.9771	mock
mofeta	nf	2.0213	skunk
mofletudo	adj	0.5126	chubby-cheeked | chubby
Mogadiscio	prop	0.4303	Mogadishu
mogote	nm	0.0000	mogote
mohel	nm	0.0986	mohel
mohín	nm	0.3874	pout
moho	nm	0.6657	mold | must | rust
mohosear	v	0.4713	to | mold
mohosearse	v	0.0003	to get | moldy
mohoso	adj	0.0000	moldy
moisés	nm	0.0729	bassinet
Moisés	prop	0.2405	Moses
mojabilidad	nf	0.0315	wettability | wetting
mojado	adj	1.1057	wet
mojar	v	2.2666	wet
mojigato	adj	0.3829	prude
mojón	nm	0.8184	turd | milestone
moksha	nm	0.2208	Moksha
mol	nmf	2.2131	mole
molar	nm	0.9056	molar
molcajetear	v	0.5773	to | mortar
Moldava	n	0.3580	Moldova
Moldavia	n	1.1461	Moldova
moldavo	adj	0.5043	Moldovan | Moldovian
molde	nm	1.2911	cast | model | mold
moldeador	adj	0.0604	shaper | shaping
moldear	v	0.7107	mold | mould
molécula	nf	0.6781	molecule
molecular	adj	0.1970	molecular
molendero	adj	0.1642	miller
moler	v	1.5373	grind | crush | mince | pulverize
molestar	v	3.0424	disturb | bother | annoy
molestia	nf	1.1011	fatigue
molesto	adj	1.8413	heavy | burdensome
molibdeno	nm	0.3029	molybdenum
molinero	nmf	0.4485	miller
molinete	nm	0.3751	winch
molino	nm	2.4341	mill
molleja	nf	0.5256	sweetbread
molusco	nm	0.0546	mollusk | mollusc
momento	nm	1.5199	moment
Mónaco	n	0.5263	Monaco
monarca	n	1.2284	monarch
monarquía	nf	1.0392	monarchy
mondadientes	nm	0.4591	toothpick
mondar	v	1.1774	peel | pick
mondongo	nm	0.7113	tripe
moneda	nf	2.4435	coin | currency
monedero	nm	0.6545	purse
monema	nm	0.2850	morpheme
mongol	adj	0.2576	Mongol | mongolian
mongol	nm	1.1822	Mongolian
Mongolia	prop	0.6597	Mongolia
Mónica	prop	0.1839	Monica
monito del monte	loc	0.0182	colocolo opossum | monito del monte
monitor	nm	1.0512	monitor
monitorizar	v	0.4710	monitor
monja	nf	0.5642	nun
monje	nm	0.3390	monk
monkey patch	loc	0.0000	monkey patch
mono	adj	1.6662	pretty
mono porfiado	loc	0.7717	roly-poly | roly-poly toy | tilting doll | tumbler | weeble | wobbly man
monociclo	nm	0.4405	unicycle
monocotiledón	adj	0.2677	monocotyledon
monocotiledóneo	adj	0.0773	monocotyledonous
monóculo	nm	0.1543	monocle
monocultivo	nm	0.1446	monoculture
monódico	adj	0.0182	monody
monofisismo	nm	0.1812	monophysitism
monogamia	nf	0.1417	monogamy
monograma	nm	0.1651	monogram
monoicismo	nm	0.0003	monoicism
monoico	adj	0.0000	monoicous
monokini	nm	0.1286	monokini
monolingüe	adj	0.4643	monolingual | unilingual
monolito	nm	0.1624	monolith
monólogo	nm	0.2043	monologue
monomaquia	nf	0.0000	monomachia
monomio	nm	0.4854	monomial
monopatín	nm	0.0311	kick scooter
monopie	nm	0.1349	monopod
monoplano	nm	0.0482	monoplane
monópode	nm	0.1349	monopod
monopolio	nm	0.2804	monopoly
monopolo magnético	loc	0.0515	magnetic monopole
monopsonio	nm	0.1222	monopsony
monóptero	adj	0.0182	monopteral
monosabio	nm	0.0002	picador's assistant
monosexual	adj	0.0682	monosexual
monosílabo	adj	0.1928	monosyllable | monosyllabic
monóstrofe	nf	0.0000	monostrophe
monostrófico	adj	0.0000	monostrophic
monoteico	adj	0.1645	monotheistic
monoteísmo	nm	1.0502	monotheism
monoteísta	adj	0.1862	monotheistic
monotético	adj	0.0000	monothetic
monótono	adj	0.4999	monotonous | monotone
montacargas	nm	0.3301	forklift
montaje	nm	0.2207	assemblage
Montana	n	0.0804	Montana
montaña	nf	1.5065	mountain
montaña rusa	loc	0.3028	rollercoaster
Montañas de los Gigantes	prop	0.0499	Giant Mountains
montañoso	adj	0.4067	mountainous
montar	v	2.1535	ride
montar los cachos	loc	1.1748	cheat | cuckold
montaraz	adj	1.2577	wild
monte	nm	1.7430	mount
monte de Venus	loc	0.1567	mons pubis
montenegrino	adj	0.3097	Montenegrin
Montenegro	n	0.7554	Montenegro
montevideano	adj	0.0000	Montevidean
montón	nm	1.1526	dung
montserratense	adj	0.0364	Montserratian
montserratino	adj	0.0515	Montserratian
montura	nf	0.8660	saddle | mount
monumental	adj	0.2526	monumental
monumento	nm	0.3104	monument
monzónico	adj	0.1920	monsoon
moño	nm	1.0523	ribbon | ponytail | pigtails
mora	nf	1.2271	mulberry | blackberry | wild strawberry
mora de la India	loc	0.2221	noni
morado	adj	1.2081	mulberry
morador	adj	0.1319	dweller
moraleja	nf	0.4147	moral
moralmente	adv	0.1588	morally
morar	v	0.6492	dwell | inhabit | reside
mórbido	adj	0.8218	morbid
morbilidad	nf	0.1651	morbidity
morboso	adj	0.5341	morbid
morcilla	nf	0.0007	blood suasage | blood pudding
mordacidad	nf	0.1216	causticity
mordaz	adj	0.8252	witty | mordacious
mordaza	nf	0.5402	gag | clamp
mordedor	adj	0.1995	biting | mordatious
mordedor	nm	0.0000	teething ring
morder	v	2.3568	bite
morder la mano que te da de comer	loc	0.0003	bite the hand that feeds you
moreliano	adj	0.0000	Morelian
morena	nf	0.8664	moraine | moray eel
moreno	adj	0.0000	brunet
morera negra	loc	0.1995	mulberry
moretón	nm	0.8260	bruise
morfema	nm	0.8135	morpheme
morfina	nf	0.2444	morphine
morfología	nf	1.1749	morphology
morfología floral	loc	0.0002	flower morphology
morfológicamente	adv	0.0515	morphologically
morfológico	adj	0.2286	morphological | morphologic
morgue	nf	0.9495	morgue
moribundo	adj	0.2675	dying
morir	v	3.3845	die | expire | pass away
morirse	v	1.3813	die
morisco	adj	0.2351	Moorish | Morisco
mormón	nmf	0.3952	Mormon
morón	adj	0.1881	moron
morondanga	nf	0.0704	hotchpotch
moroso	adj	0.4977	morose | delinquent
morral	nm	0.6283	backpack | knapsack
morriña	nf	0.2327	homesick
morrión	nm	0.1546	morion
morro	nm	1.6844	hill | snout
morrocoy	nm	0.0000	D'Orbigny's slider | black-bellied slider
morrongo	nmf	0.7335	bitch
morsa	nf	1.1633	walrus
mortadela	nf	0.3032	mortadella
mortaja	nf	0.8177	shroud | winding sheet
mortalidad	nf	0.3987	mortality
mortalmente	adv	0.0258	mortally
mortero	nm	0.5100	mortar
mortífero	adj	0.4197	deadly | mortiferous
mortificar	v	1.7705	damage | torment | mortify
mortiguar	v	0.1051	mortify
mortiño	nm	0.4721	blueberry
mortuorio	adj	0.0000	mortuary
mosaico	nm	1.0159	mosaic
mosasaurio	nm	0.0288	spinosaur
mosca	nf	2.0383	fly
mosca española	loc	0.0604	Spanish fly
moscovita	adj	0.2859	Muscovite
Moscú	n	1.1871	Moscow
mosqueta	nf	0.2226	shell game | thimblerig
mosquetón	nm	0.1391	carabiner
mosquito	nm	2.4461	mosquito | gnat
mostacho	nm	1.3390	moustache
mostaza	nf	1.0957	mustard
mostaza negra	loc	0.0000	black mustard
mosto	nm	1.1951	must
mostrador	nm	0.3427	counter
mostrar	v	2.5526	show | present
mostrarse	v	1.0655	show
mostrenco	adj	0.4381	ignorant | homeless | obese
mote	nm	1.3537	nickname | motto | sobriquet
motear	v	0.2436	dot
motel	nm	0.5449	motel
motete	nm	0.2221	motet
motherboard	nf	0.1812	motherboard
motilidad	nf	0.0386	motility
motín	nm	0.6132	mutiny
motivador	adj	0.2199	encouraging | motivating
motivar	v	0.4127	motivate
motivo	nm	0.8563	motive
moto	nf	1.0894	motorcycle
moto acuática	loc	0.1728	jet ski
motocicleta	nf	0.9234	motorcycle | motorbike
motor	nm	0.6604	engine
motor al ralentí	loc	0.0003	idling engine
motor de combustión	loc	0.0515	combustion engine
motosierra	nf	0.3112	chainsaw
mousse	nf	0.1785	mousse
mover	v	3.4141	move | stir | actuate | adjourn | shift
movidito	adj	0.5229	busy | hectic
móvil	adj	2.2333	mobile
móvil	nm	1.9355	cellphone | motive
movilidad	nf	0.2835	mobility
movilizar	v	0.9427	to | activate | mobilise | mobilize
movimiento	nm	1.1981	movement | motion
movimiento telúrico	loc	0.8329	earthquake | temblor | tremor
moyuelo	nm	0.3625	bran
Mozambique	n	0.8515	Mozambique
mozambiqueño	adj	0.1235	Mozambican
mozcorra	nf	0.5263	bitch | hoe
mu		0.3091	moo
mua		0.0719	mwah
muchachada	nf	0.2524	childishness
muchacho	nmf	2.7168	boy
muchas gracias	loc	1.1619	thank you very much | many thanks | thanks a lot
muchedumbre	nf	1.3031	crowd
muchísimas gracias	loc	0.1137	thanks a million
mucho	adv	0.0010	a lot of
mucilago	nm	0.1275	mucilage
mucílago	nm	0.1275	mucilage
mucosidad	nf	0.0515	mucosity
mucuna	nf	0.0005	Velvet Bean
muda	nf	0.4589	moult | voice crack
mudador	nm	0.0000	changing pad | changing table | diaper changer
mudanza	nf	0.4811	removal
mudar	v	2.1635	change | move | change clothes
mudarse	v	1.1004	move
mudo	adj	0.6632	mute | dumb
mueble	nm	0.5012	furniture | movable
mueblería	nf	0.0003	furniture factory | furniture shop
mueca	nf	0.5111	grimace | moue
muelle	nm	0.8889	dock
muellemente	adv	0.0794	softly
muérdago	nm	0.5656	mistletoe
muermo	nm	0.3573	glanders
muerte	nf	2.4959	death
muerto	adj	1.5957	dead
muesli	nf	0.4958	muesli
muestreo	nm	0.1777	sampling
mufla	nf	0.2781	muffle
mugido	nm	0.1546	moo
mugir	v	0.8811	low
mugre	nf	0.7807	filth | grime | dirt
muguete	nm	0.2726	lily of the valley
muhadiz	nm	0.0000	muhaddith
mujer	nf	4.9066	woman | wife
mujer cis	loc	0.1175	cis woman
mujer trans	loc	0.1888	trans woman
mujeriego	adj	0.4097	philanderer | skirt chaser | womanizer
mujeril	adj	0.3454	womanly
muleta	nf	0.2573	crutch
mulito	nm	0.9476	turkey
mulo	nmf	1.9068	mule | hinny
multa	nf	1.5026	fine
multar	v	1.2809	fine
multicasco	nm	0.1175	multihull
multicocinador	nm	0.0129	multicooker
multicolor	adj	0.7619	multicolored
multilateral	adj	0.1320	multilateral
multilenguaje	adj	0.0182	multilanguage
multilingüe	adj	0.9873	multilingual
multiplicable	adj	0.0000	multiplicable
multiplicación	nf	0.1485	multiplication
multiplicador	adj	0.0003	multipier | multiplying
multiplicar	v	0.6010	multiply
multipropiedad	nf	0.0000	timeshare
multisalto	nm	0.0182	multihop
multitud	nf	1.2771	crowd | multitude
multitudinario	adj	0.1143	multitudinous | massive
Mumbai	prop	0.2111	Bombay | Mumbai
mundano	adj	0.7227	mundane | worldly
mundo	nm	2.4478	world
Múnich	prop	0.2128	Munich
municipio	nm	1.0908	municipality | council
munificencia	nf	0.2356	munificence
muniqués	adj	0.0002	inhabitant of Munich
muñeca	nf	1.3337	doll | wrist
muñeco	nm	0.5223	doll
muñeco porfiado	loc	0.7717	roly-poly | roly-poly toy | tilting doll | tumbler | weeble | wobbly man
muon	nm	0.1524	muon
muón	nm	0.1524	muon
muralista	nmf	0.0000	muralist
muralla	nf	1.5035	wall
Murcia	prop	0.3088	Murcia
murciélago	nmf	4.8416	bat | flittermouse
múrido	adj	0.0515	murid
Múridos	n	0.0003	Muridae
murmullo	nm	0.7103	murmur
murmuración	nf	1.1187	gossip | murmuring
murmurar	v	0.9488	murmur
muro	nm	2.0046	wall
murta	nf	0.9293	myrtle | Chilean guava | New Zealand cranberry
murtilla	nf	0.0440	Chilean guava | New Zealand cranberry
musageta	adj	0.0003	musagete
músculo	nm	1.4439	muscle
músculo esternocleidomastoideo	loc	0.0223	sternocleidomastoid
músculo pectoral mayor	loc	0.0000	pectoralis major
músculo sartorio	loc	0.0004	sartorius muscle
musculoso	adj	1.0871	muscular
muselina	nf	0.3612	muslin
museo	nm	0.6557	museum
museológico	adj	0.0000	museological
musgaño	nm	0.3509	shrew
musgo	nm	1.4696	moss
música	nf	1.8022	music
música de fondo	loc	0.1444	background music | mood music
musical	adj	0.3506	musical
musicalidad	nf	0.1187	musicality
musicalizar	v	0.0000	musicalize
músico	nm	0.3465	musician
musicología	nf	0.2527	musicology
musitar	v	0.8038	murmur
muslime	adj	1.6175	Muslim
muslo	nm	2.1607	thigh
musofobia	nf	0.1404	musophobia
Mussetta	prop	0.0003	Mussetta
mustiarse	v	0.9464	dry
musulmán	adj	2.1268	Muslim
mutación	nf	1.1307	mutation
mutilación	nf	0.1208	mutilation
mutilador	adj	0.0000	mutilating | mutilator
mutilar	v	0.5353	clip
mutualidad	nf	0.6697	mutual | mutuality
mutualismo	nm	0.1204	mutualism
mutualmente	adv	0.1328	mutually
mutuamente	adv	0.1328	mutually
mutuo	adj	0.6697	mutual
muy	adv	2.4468	very
Myrta	prop	0.0003	Myrta
nabab	nm	0.3488	nabob | nawab
nabla	nf	0.0258	Del
nácar	nm	0.1803	mother-of-pearl
nacela	nf	0.1190	ogee
nacer	v	1.6752	sprout | be born | hatch | germinate
nacimiento	nm	1.8607	birth
nación	nf	2.5006	nation
nacional	adj	0.7299	national
nacionalidad	nf	0.5320	nationality
nacionalismo	nm	0.2776	nationalism
nacionalista	adj	0.3857	nationalist
nacionalización	nf	0.0000	nationalization
nacionalmente	adv	0.0681	nationally
nacionalsocialismo	nm	0.4255	National Socialism
nacionalsocialista	adj	0.1794	National Socialist
nacionalsocialista	n	0.1794	National Socialist
Naciones Unidas	n	0.3299	United Nations
nada		1.4522	nothing | nothingness
nadador	nm	0.6203	swimmer
nadar	v	1.9284	swim
nadería	nf	0.8065	trifle
nagual	nm	0.0000	nagual | nahual
náhuatl	nm	0.5572	Nahuatl
náhuatl central	loc	0.0000	Central Nahuatl
náhuatl clásico	loc	0.1187	Classical Nahuatl
naif	adj	0.8493	naive
naíf	adj	1.1961	naive
nailon	nm	0.3325	nylon
naipe	nm	1.4710	playing card
nalca	nf	0.0007	Chilean rhubarb | giant gunnera
nalga	nf	1.5223	buttock
Namibia	n	1.7744	Namibia
namibio	adj	0.1713	Namibian
nanay	nm	0.2942	cute
nano	interj	0.7157	dude | man
nanoamperio	nm	0.0000	nanoampere
nanocandela	nf	0.0446	nanocandela
nanofaradio	nm	0.0315	nanofarad
nanogramo	nm	0.0407	nanogram
nanohercio	nm	0.0000	nanohertz
nanojulio	nm	0.0000	nanojoule
nanokelvin	nm	0.0000	nanokelvin
nanolitro	nm	0.0364	nanolitre
nanómetro	nm	0.0288	nanometer | nanometre
nanonewton	nm	0.0003	nanonewton
nanoohmio	nm	0.0539	nano-ohm | nanoohm
nanoquímica	nf	0.0258	nanochemistry
nanosegundo	nm	0.0929	nanosecond
nanotecnología	nf	0.2016	nanotechnology
nanotribología	nf	0.0223	nanotribology
nanovatio	nm	0.0000	nanowatt
nanovoltio	nm	0.0000	nanovolt
Naomi	prop	0.2857	Naomi
napelo	nm	0.6632	aconite
napoleón	nm	0.0618	bolt cutter
Nápoles	prop	0.7353	Naples
naproxeno	nm	0.1928	naproxen
naranja	nf	3.6230	orange
naranja	nm	3.6230	orange
naranjero	nm	0.3339	orange tree | blue-and-yellow tanager | sanhaço-amarelo
naranjo	nm	2.5852	orange | orange tree
Narbona	prop	0.0386	Narbonne
narcisismo	nm	0.8201	narcissism | narcism
narciso	nm	0.5393	daffodil
narcolepsia	nf	0.1577	narcolepsy
narcótico	adj	0.3406	narcotic
narcotizar	v	0.4405	drug
narcotizarse	v	0.4405	drug
narcotraficante	nmf	0.4457	drug dealer | drug trafficker
narcotráfico	nm	0.0004	narco-traffic | drug trafficking | drug dealing
narguila	nm	0.7967	hookah | narghile
narguile	nm	0.7967	hookah | narghile
narguilé	nm	0.7967	hookah | narghile
narigudo	nmf	0.3842	proboscis monkey | proboscis bat
narina	nf	1.0149	nostril
nariz	nf	4.0351	nose
narración	nf	0.4577	narration
narrar	v	0.9856	narrate | recount | tell
narrativa	nf	0.3864	narrative
narval	nm	0.6177	narwhal | narwhale
nasa	nf	0.5574	weir
nasal	adj	0.3102	nasal
nasalización	nf	0.1692	nasalization
nasardo	nm	0.0258	nasard
nata	nf	1.8223	cream
natación	nf	0.4314	swimming
natal	adj	0.8980	home | native | nota ciudad | nota país
Natalia	prop	0.0000	Nathaly
natalidad	nf	0.0798	birthrate
Natanael	prop	0.0874	Nathanael
natividad	nf	0.0016	nativity of Jesus
nativo	adj	1.3972	native
natre	nm	0.0005	Chilean nightshade | Chilean potato tree | Chilean potato vine
naturaleza	nf	1.3029	nature
naturalizar	v	0.1674	naturalize
naturismo	nm	0.1577	naturism
naufragar	v	0.7387	fail | shipwreck | shipwrecked
naufragio	nm	0.3821	shipwreck
náufrago	adj	0.3339	castaway | shipwrecked
naumaquia	nf	0.0946	naumachia
Naún	prop	0.6257	Nahum
Nauru	n	0.2461	Nauru
nauruano	adj	0.1480	Nauruan
náusea	nf	0.6557	nausea
nauseabundo	adj	0.3247	nauseous
navaja	nf	0.6429	razor
naval	adj	0.2639	naval
Navarra	prop	0.1699	Navarre
nave	nf	3.6328	ship | nave
navegación	nf	0.4988	navigation | sailing
navegador	nm	0.3091	web browser
navegar	v	0.2510	navigate | sail
navidad	nf	3.4748	Christmas
Navidad	prop	1.5353	Christmas | Xmas
navideño	adj	0.5803	Christmas
navío	nm	1.6709	ship
nazi	adj	0.0983	nazi
neblina	nf	0.4752	mist
neblumo	nm	0.2732	smog
Nebraska	prop	0.0955	Nebraska
necedad	nf	1.7339	nonsense
necesario	adj	1.5462	necessary | needed
neceser	nm	0.0664	toilet bag
necesidad	nf	1.5048	necessity | need
necesitado	adj	0.1584	needy
necesitar	v	1.4875	need | require
necio	adj	0.9219	inane
necrofilia	nf	0.3441	necrophilia
necrófilo	adj	0.0002	necrophlie
necromancia	nf	0.2813	necromancy
Necronomicón	nm	0.0000	Necronomicon
necrópsico	adj	0.0000	necroscopic
necroscópico	adj	0.0000	necroscopic
necrosis	nf	0.4582	necrosis
necrótico	adj	0.0786	necrotic
néctar	nm	0.4770	nectar
nectarina	nf	0.2253	nectarine
necton	nm	0.0482	nekton
nectónico	adj	0.0000	nektonic
neerlandés	nm	1.3216	Dutch
neerlandés	adj	0.5559	Dutchman
nefelibata	adj	0.0002	nephelibate
nefrología	nf	0.1222	nephrology
nefrológico	adj	0.0000	nephrological
nefrón	nm	0.1458	nephron
nefrona	nm	0.1458	nephron
negación	nf	0.4651	negation
negar	v	0.8890	deny
negarse	v	0.2961	abandon
negativamente	adv	0.0482	negatively
negatoscopio	nm	0.0000	negatoscope
negligencia	nf	0.3596	negligence
negligente	adj	0.9093	careless | negligent
negociación	nf	0.4892	negotiation | bargaining
negociar	v	0.8046	to
negocio	nm	1.1633	affair | business
negrecer	v	0.1719	blacken
negregura	nf	0.2530	blackness
negrita	nf	1.1630	bold
negro sobre blanco	loc	0.0815	in black and white
negrura	nf	0.2530	blackness
negruzco	adj	0.1166	blackish
neguilla	nf	0.5665	corncockle | love-in-a-mist | devil-in-the-bush
Nehemías	prop	0.2484	Nehemiah
nel	adv	0.1328	nope
nelson	adv	0.0939	nope
nema	nf	0.3152	seal
NEMA	nm	0.0000	NEMA
nematodo	nm	0.1424	nematode
nemátodo	adj	0.1424	nematode
nemertino	nm	0.0000	proboscis worms | ribbon worm
némesis	nf	0.1208	nemesis
Némesis	n	0.0892	Nemesis
nemónico	adj	0.1468	mnemonic
nemotécnico	adj	0.1468	mnemonic
neoantígeno	nm	0.0258	neoantigen
neoconservadurismo	nm	0.0631	neoconservatism
neodimio	nm	0.4973	neodymium
neófito	adj	0.6697	neophyte
neógeno	adj	0.0003	neogene
neointuicionismo	nm	0.1724	intuitionism | neointuitionism
neoliberalismo	nm	0.0929	neoliberalism
neológico	adj	0.0000	neological | neologic
neologismo	nm	0.3413	neologism
neón	nm	0.5888	neon
neoplásico	adj	0.0364	neoplastic
neoyorkino	adj	0.1222	New Yorker
neoyorquino	adj	0.2116	New Yorker
neozelandés	adj	0.4644	New Zealand | New Zealander
neozoico	adj	0.1411	quaternary
Nepal	n	0.4489	Nepal
nepalés	nm	0.6892	Nepali | Nepalese
nepotismo	nm	0.4331	nepotism
neptunio	nm	0.5168	neptunium
Neptuno	n	0.7813	Neptune
nerfear	v	0.0722	nerf
Nerón	n	0.1046	Nero
nervadura	nf	0.0006	leaf vein | arch rib
nervio patético	loc	0.1219	trochlear nerve
nerviosismo	nm	0.2124	nervousness
nervosidad	nf	0.2467	vigour
nesosilicato	nm	0.0446	orthosilicate | nesosilicate
nestorianismo	nm	0.0005	nestorianism
neta	nf	0.4502	truth
netiqueta	nf	0.0515	netiquette
neumológico	adj	0.0515	pneumological
neumonía	nf	0.5577	pneumonia
neumonitis	nf	0.0515	pneumonitis
neumostática	nf	0.0002	pneumostatics
neurálgico	adj	0.0773	neuralgic
neurastenia	nf	0.0561	neurasthenia
neurasténico	adj	0.2655	neurasthenic
neuritis	nf	0.0835	neuritis
neuroanatómico	adj	0.0258	neuroanatomic
neurobiológico	adj	0.0000	neurobiologic | neurobiological
neurodivergente	adj	0.0687	neurodivergent
neurodiversidad	nf	0.3336	neurodiversity
neurolingüística	nf	0.0920	neurolinguistics
neurología	nf	0.2481	neurology
neuromito	nm	0.0000	neuromyth
neurona	nf	0.5433	neuron
neuronal	adj	0.1179	neuronal | neuronic
neurorradiológico	adj	0.0000	neuroradiological
neurosis	nf	0.2021	neurosis
neurotípico	adj	0.0729	neurotypical
neutral	adj	1.1319	neutral
neutralidad	nf	0.5685	neutrality
neutralización	nf	0.0929	neutralization
neutralizador	adj	0.0182	neutralizer | neutralizing
neutralizante	adj	0.0311	neutralizer | neutralizing
neutralizar	v	0.3117	neutralize
neutrino	nm	0.3485	neutrino
neutro	adj	1.0124	neutral | neuter
neutrón	nm	0.5088	neutron
Nevada	n	0.0845	Nevada
nevado	adj	0.2185	snowy
nevatilla	nf	0.2155	white wagtail
nevera	nf	0.5559	refrigerator
nevería	nf	0.0839	ice cream parlor
nevisca	nf	0.0003	blowing snow
nevoso	adj	0.3277	snowy
nevus	nm	0.1423	birthmark
newton	nm	0.1957	newton
nexo	nm	0.5142	nexus
ni hablar	loc	0.5209	no way
ni siquiera	adv	0.2857	not even
Nicaragua	n	0.4968	Nicaragua
nicaragüense	nmf	0.3851	Nicaraguan
nicaragüense	adj	0.3851	Nicaraguan
nicho	nm	0.4043	niche
Nicolás	prop	0.8003	Nicholas | Nick | Cole
nicolita	adj	0.0003	New Quaker | Nicholite
Nicosia	prop	0.4604	Nicosia
nicotina	nf	0.3773	nicotine
nictofobia	nf	0.2661	nyctophobia | scotophobia
nicturia	nf	0.1243	nycturia | nocturia
nidación	nf	0.0182	nidation
nido	nm	1.5988	nest
niebla	nf	2.2012	fog | mist
Niel	prop	0.0182	Niel
nies	nm	0.0386	bonch | choad | geish | gooch | grundle | guiche
nieta	nf	0.7124	granddaughter
nieto	nm	1.2517	grandchild | grandson
nietzscheano	adj	0.0955	Nietzschean
nieve	nf	3.5122	snow
Níger	n	0.3838	Niger
Nigeria	n	0.4040	Nigeria
nigeriano	adj	0.2140	Nigerian
nigerino	adj	0.2133	Nigerien
nigromancia	nf	0.2297	necromancy
nigromante	nmf	0.2963	necromancer
nigua	nf	0.2714	chigger | chigoe
nihilismo	nm	0.2045	nihilism
nihonio	nm	0.0876	nihonium
Nimega	prop	0.0682	Nijmegen
ninfómana	nf	0.1736	nymphomaniac
ningufonear	v	0.5773	to | phub
ningufoneo	nm	0.0258	phubbing
ningunear	v	0.6989	disregard | denigrate
nini	nmf	0.0464	NEET
niñada	nf	0.1928	childishness
niñez	nf	0.5960	childhood
niño	nmf	3.6355	child | girl | boy | kid
niño burbuja	loc	0.0000	bubble boy
niño Jesús	loc	0.0002	baby Jesus
niobio	nm	0.3796	niobium
niple	nm	0.3125	nipple
níquel	nm	0.5134	nickel
nirvana	nm	0.4984	nirvana
níspero	nm	0.7239	medlar | loquat
nistagmo	nm	0.0854	nystagmus
nitidez	nf	0.1916	clarity | vividness
nítido	adj	0.6216	pure
nítrico	adj	0.0996	nitric
nitrógeno	nm	1.6042	nitrogen | azote
Niue	n	0.1446	Niue
niueño	adj	0.1222	Niuean
nivel	nm	2.0485	level
nivelador	adj	0.0576	leveller | levelling
nivoso	nm	0.1629	Nivôse
nixtamal	nm	0.1255	hominy | nixtamal
Niza	prop	0.1030	Nice
nizarí	adj	0.0007	nizari
NN	nmf	0.2431	John Doe | Jane Doe | nomen nescio
no	adv	2.6572	no | not
no disyunción	loc	0.0005	non-disjunction
no es oro todo lo que reluce	saying	0.2150	all that glitters is not gold
no hay mal que por bien no venga	saying	0.6598	every cloud has a silver lining | blessing in disguise
no hay problema	loc	1.0602	no problem | no worries
no obstante	loc	1.1753	nevertheless | although
no tener pelos en la lengua	loc	0.0003	I don't mince words
no, gracias	loc	0.1320	no thank you
nobelio	nm	0.5203	nobelium
noble	adj	1.1739	noble
nobleza	nf	0.4797	nobility
nocebo	nm	0.2304	nocebo
noche	nf	3.6419	night | nighttime
noche y día	loc	0.3115	day and night | all the time | night and day | round the clock
nochebuena	nf	0.6364	poinsettia
Nochevieja	nf	0.2304	New Year's Eve
noción	nf	0.6664	notion
nocivo	adj	0.5526	hurtful | injurious | nocive
noctámbulo	adj	0.5204	night owl | night person
nocturia	nf	0.1243	nycturia | nocturia
nocturnamente	adv	0.0129	nocturnally
nodo	nm	0.9412	node
nódulo	nm	0.1120	nodule
noemático	adj	0.0000	noematic
nogal	nf	1.1206	walnut
nogalina	nf	0.0002	walnut ink
Nom Pen	prop	0.2231	Phnom Penh
nómada	adj	0.3579	nomad
nombramiento	nm	0.4381	appointment
nombrar	v	2.4556	name | appoint | assign
nombre	nm	3.9482	name | noun
nombre abstracto	loc	0.2444	abstract noun
nombre común	loc	0.6004	common noun
nombre concreto	loc	0.1616	concrete noun
nombre contable	loc	0.0665	countable noun
nombre continuo	loc	0.0680	non-count noun | noncountable noun | uncountable noun
nombre de pila	loc	1.4974	name
nombre discontinuo	loc	0.0665	countable noun
nombre discreto	loc	0.0665	countable noun
nombre no contable	loc	0.0680	non-count noun | noncountable noun | uncountable noun
nombre propio	loc	0.0946	proper name | proper noun
nombre sustantivo	loc	0.3349	substantive
nomenclador	nm	0.2222	gazetteer
nomenclátor	nm	0.2222	gazetteer
nomenclatura	nf	0.2204	nomenclature
nomenclatura binominal	loc	0.0002	binary nomenclature
nomenclatural	adj	0.1431	womanly
nomeolvides	nmf	0.2639	forget-me-not
nómina	nf	0.3433	salary | payroll
nominación	nf	0.3588	nomination | naming
nominalización	nf	0.1609	nominalization
nominalizar	v	0.2186	nominalize
nominar	v	0.3004	nominate
nominativo	nm	0.1888	nominative
nomofilo	nm	0.3477	leaf
nomograma	nm	0.0007	nomogramm
nomología	nf	0.0000	nomology
non	adv	0.7531	odd
nonagésimo	adj	0.5860	ninetieth
nonagonal	adj	0.1319	nonagonal
noni	nm	0.2496	noni
nonillizo	adj	0.0515	nonuplet
nónuplo	adj	0.1078	ninefold
nopal	nm	0.3420	nopal | prickly pear
noray	nm	0.2144	bitt | mooring bollard
Norberto	prop	0.0000	Norbert
nórdico	nm	0.6736	duvet
noria	nf	0.5446	noria | Ferris wheel | big wheel
Norilsk	prop	0.1030	Norilsk
norma	nf	0.4060	norm
Norma	prop	0.0515	Level
normal	adj	1.5481	normal
normalidad	nf	0.2315	normality
normalizar	v	1.6093	normalize | standardise | to
normalmente	adv	0.4630	normally
Normandía	n	0.2576	Normandy
normar	v	0.1588	normalize
norsahariano	adj	0.0003	North Saharan
Norteamérica	prop	0.4860	North America
norteamericano	adj	1.3300	American
Noruega	n	0.8990	Norway
noruego	nm	1.1522	Norwegian
noruego bokmål	loc	0.2378	Bokmål | Norwegian Bokmål
norvietnamita	adj	0.0258	North Vietnamese
nos		0.6899	us
nos vemos	loc	0.0729	hasta la vista | see you later
nosogenia	nf	0.0182	nosogeny
nosológico	adj	0.0000	nosologic
nosotros		2.2782	we | us
nostalgia	nf	0.9372	nostalgia
nostálgico	adj	0.2799	nostalgic
nostofobia	nf	0.0000	nostophobia
nota	nf	1.4829	note
notación	nf	0.3477	notation
notar	v	1.3402	note
notario	nm	0.1166	civil law notary | notary | notary public
noticia	nf	1.0596	news
notificar	v	0.1948	notify
notoriedad	nf	0.2116	notoriety
notro	nm	0.0311	Chilean firebush
nova	nf	0.1818	nova
novato	adj	0.8524	novice
novedad	nf	0.5954	novelty
novela	nf	0.7397	novel
novela gráfica	loc	0.1380	graphic novel
novelar	v	0.2140	novelize
novelesco	adj	0.0315	novelesque
novelista	n	0.4126	novelist
novelísticamente	adv	0.0000	novelistically
novelístico	adj	0.0000	novelistic
novena	nf	0.1152	novena
noveno	adj	0.8789	ninth
noventa	adj	1.1081	ninety
novial	nm	0.0009	novial
noviembre	nm	1.3015	November
novio	nmf	1.1603	bridegroom
novio	nm	0.4916	cranesbill
NTFS	nm	0.0000	NTFS
Nuakchot	prop	0.1137	Nouakchott
nube	nf	5.3333	cloud
nublado	adj	0.6964	cloudy
nublar	v	1.5843	cloud
nublarse	v	0.5561	darken | get cloudy
nuboso	adj	0.4080	cloudy
nuca	nf	0.6494	nape
nucleico	adj	0.0407	nucleic
núcleo	nm	1.1460	nucleus
núcleo caudado	loc	0.0386	caudate nucleus
nucleosíntesis	nf	0.0576	nucleosynthesis
núcula	nf	1.6443	nut
nudillo	nm	0.4656	knuckle
nudismo	nm	0.0005	Nudism
nudista	adj	0.3225	nudist
nudo	nm	1.6327	knot
nudo en ocho	loc	0.0008	figure-of-eight knot | figure-eight knot
nudofobia	nf	0.0609	gymnophobia
nuera	nf	0.8255	daughter-in-law
nuestro	adj	0.4722	our
nuestro		0.3425	ours
Nueva Caledonia	n	0.7349	New Caledonia
Nueva Jersey	n	0.0929	New Jersey
Nueva Orleans	prop	0.3432	New Orleans
Nueva York	n	0.5454	New York
Nueva Zelanda	n	1.0891	New Zealand
nuevamente	adv	0.5849	again | anew
nueve	adj	1.0241	nine
nueve	nm	1.0241	nine
nuevo	adj	2.7882	new
Nuevo Hampshire	n	0.0864	New Hampshire
Nuevo México	n	0.2174	New Mexico
nuez	nf	2.0921	walnut
nuez de Adán	loc	0.7612	Adam's apple
nuez pecana	loc	0.1513	pecan
nulidad	nf	0.1771	nullity
nulo	adj	0.5537	invalid
numen	nm	0.0405	numen
numeración	nf	0.4172	numbering | numeration
numeral	adj	0.6527	numeral
numerar	v	1.3222	number
numérico	adj	0.0849	numeric
número	nm	2.8157	number | figure
número algebraico	loc	0.1152	algebraic number
número atómico	loc	0.4475	atomic number
número cardinal	loc	0.1983	cardinal number
número complejo	loc	0.2813	complex number
número entero	loc	0.2106	integer
número imaginario	loc	0.0002	Imaginary number
número irracional	loc	0.0729	irrational number
número ordinal	loc	0.3390	ordinal number
número primo	loc	0.5634	prime number | prime
número racional	loc	0.1704	rational number
número real	loc	0.0835	real number
número trascendental	loc	0.1645	transcendental number
número trascendente	loc	0.1645	transcendental number
Números	n	0.0006	Book of Numbers | Numbers
Nunavut	prop	0.1288	Nunavut
nunca	adv	1.8231	never
nunca digas de esta agua no beberé	saying	0.0631	never say never
nunca jamás	loc	0.1304	never ever | never in a month of Sundays
nupcial	adj	0.0744	bridal
nupcias	nf	1.8965	wedding
Núremberg	prop	0.1857	Nuremberg
Nuremberga	prop	0.1857	Nuremberg
nutria	nf	1.4796	otter | coypu
nutria gigante	loc	0.1771	giant otter | giant brazilian otter
nutrición	nf	0.4863	nutrition
nutriente	nm	0.0964	nutrient
nutrir	v	0.4856	nurture | nourish
nutritivo	adj	0.1972	nutritive
nuyorriqueño	adj	0.0223	Nuyorican
nynorsk	nm	0.0003	nynorsk
ñacaniná	nf	0.0004	Brazilian smooth snake | false water cobra
ñacar	v	1.1710	hit
ñacaratiá	nm	0.0002	jacaratia
ñacurutú	nm	0.0003	southern great horned owl
ñam	interj	0.1066	yum
ñame	nm	1.0943	yam
ñanco	nm	0.1030	red-backed hawk
ñandú	nm	0.4330	rhea
ñandú cordillerano	nm	0.2165	Darwin's rhea
ñandú petiso	nm	0.2354	Darwin's rhea
ñauquear	v	0.5737	meow
ñire	nm	0.0933	Antarctic beech
ñiré	nm	0.0762	Antarctic beech
ñirre	nm	0.0933	Antarctic beech
ñoño	adj	1.0981	silly
ñu	nm	0.7935	wildebeest | gnu
ñudo	nm	2.0289	knot
o		2.4923	or
oasis	nm	0.5145	oasis
Oaxaca	prop	0.1840	Oaxaca
oaxaqueño	adj	0.0315	Oaxacan
obcecado	adj	0.1262	obsessed | blinded
obediencia	nf	0.4487	obedience | manageability | submission
obediente	adj	0.5002	obedient
obelisco	nm	0.4281	obelisk | dagger
óbelo	nm	0.3143	obelisk
obenque	nm	0.4173	shroud | stay
obertura	nf	0.1680	overture
obesidad	nf	0.5316	obesity
obesidad mórbida	loc	0.0631	morbid obesity
obeso	adj	0.5924	obese
obesofobia	nf	0.0311	obesophobia
obesogénico	adj	0.1179	obesogenic
obesógeno	adj	0.0589	obesogen
obispado	nm	0.4841	diocese | bishopric
obispo	nm	0.8070	bishop
óbito	nm	1.3796	decease | death
obituario	nm	0.2936	obituary
objeción	nf	0.7062	objection
objetivar	v	0.0977	objectify
objetivo	nm	0.8162	lens
objeto	nm	1.8140	object
objeto directo	loc	0.4046	direct object
objeto transneptuniano	loc	0.0682	trans-Neptunian object | transneptunian object
objeto transneptúnico	loc	0.0682	trans-Neptunian object | transneptunian object
oblea	nf	0.1446	wafer
oblicuo	adj	0.1549	oblique
oblicuo externo	loc	0.0004	exterior oblique
obligación	nf	1.0485	obligation
obligacionista	nm	0.0000	bondholder
obligatoriamente	adv	0.0657	compulsorily | mandatorily
obligatorio	adj	0.4524	obligatory
obliteración	nf	0.1244	obliteration
oblongo	adj	0.3554	oblong
obnubilar	v	0.4384	dazzle
obovado	adj	0.0000	oboval | obovate
oboval	adj	0.0000	oboval | obovate
obra	nf	4.4577	work | labour
obrera	nf	0.7939	worker
obscenidad	nf	0.0311	bawdiness | obscenity
obsceno	adj	1.4005	obscene
obsequiar	v	0.4580	entertain
obsequio	nm	3.4694	gift | present | donation
observación	nf	0.5501	observation
observador	adj	0.2918	observer
observar	v	1.2859	observe
observatorio	nm	0.2220	observatory
obsesión	nf	0.7318	obsession
obsesionante	adj	0.0000	obsessing
obsesionar	v	0.1262	obsess
obsesivamente	adv	0.0482	obsessively
obsesivo	adj	0.1272	obsessive
obseso	adj	0.0729	obsessed
obsidiana	nf	0.2556	obsidian
obsolescencia	nm	0.0705	obsolescence
obsoleto	adj	0.6238	obsolete | deprecated
obstáculo	nm	1.2136	obstacle
obstar	v	2.3718	hinder | impede | thwart
obstetricia	nf	0.3323	obstetrics | midwifery
obstinación	nf	0.5845	obstinacy
obstinadamente	adv	0.1866	obstinately
obstinado	adj	2.0357	obstinate | stubborn
obstrucción	nf	0.7173	obstruction
obstruir	v	2.0850	block
obtención	nf	0.0000	obtaining
obtener	v	1.1652	obtain
obturación	nf	0.0000	obturation
obturar	v	1.6277	block
obviamente	adv	0.4249	obviously
obviedad	nf	0.0569	obviousness
oca	nf	1.1313	goose
ocarina	nf	0.4297	ocarina
ocasión	nf	1.2138	occasion
ocasionalmente	adv	0.6496	occasionally
ocasionar	v	1.0122	cause | occasion
ocaso	nm	1.1774	sunset | sundown | dusk
occidental	adj	0.2185	occidental | western
Occidente	prop	0.2935	West
Occidente	nm	0.1360	occident
occipucio	nm	0.2336	occiput
Occitania	n	0.2774	Occitania
occitano	nm	0.3032	Occitan
Oceanía	n	0.7986	Oceania
oceánico	adj	0.1752	oceanic | Oceanic
océano	nm	2.1011	ocean
océano Atlántico	prop	0.6993	Atlantic Ocean
océano Índico	prop	0.6278	Indian Ocean
océano Pacífico	prop	0.6541	Pacific Ocean | Pacific
oceanografía	nf	0.1801	oceanography
oceanográfico	adj	0.1112	oceanographic | oceanographical
ocelote	nm	0.5025	ocelot
ochenta	adj	0.9989	eighty | eightieth
ocho	adj	1.3422	eight
ocio	nm	0.6413	leisure
ociosidad	nf	0.0000	faineance | do-nothingness
ocioso	adj	1.1461	idle
oclocracia	nf	0.1288	ochlocracy
oclofobia	nf	0.0000	ochlophobia
oclusión	nf	0.1844	occlusion
oclusivo	adj	0.0386	occlusive
ócrea	nf	0.0000	ochrea
octaédrico	adj	0.0804	octahedral
octaedro	nm	0.2491	octahedron
octagonal	adj	0.3368	octagonal
octal	adj	0.0660	octal
Octante	n	0.0003	The Octant
octavo	adj	0.8243	eighth
octeto	nm	0.5218	octet | byte
octogésimo	adj	0.6154	eightieth
octogonal	adj	0.3368	octagonal
octosílabo	adj	0.0773	octosyllabic
octubre	nm	1.0602	October
óctuplo	adj	0.1866	eightfold
ocular	adj	0.1654	ocular
óculo	nm	0.0888	oculus
ocultador	adj	0.0998	concealer | concealing
ocultar	v	2.2962	hide
ocultarse	v	0.0007	go into hiding
ocupación	nf	1.6278	occupation
ocupar	v	1.1375	occupy
ocurrencia	nf	0.5760	occurrence
oda	nf	0.2891	ode
odalisca	nf	0.0000	odalisk | odalisque
odiar	v	1.2226	hate
odinefobia	nf	0.0833	algophobia | odynephobia | odynophobia
odinofobia	nf	0.0833	algophobia | odynephobia | odynophobia
odio	nm	1.5212	hate | hatred
odioso	adj	0.6437	obnoxious | odious
odisea	nf	0.2702	odyssey
odontálgico	adj	0.0364	odontalgic
odontología	nf	0.1313	dentistry
odontológico	adj	0.0000	odontologic
odorable	adj	0.0704	smellable
odre	nm	0.3870	goatskin
ofender	v	1.2944	offend | insult
ofendidito	nmf	0.1718	snowflake
ofensa	nf	0.9452	offense
ofensivo	adj	1.1347	offensive
oferta	nf	0.3983	offer
ofertorio	nm	0.1301	offertory
oficializar	v	0.0386	officialize | officialise
oficialmente	adv	0.2116	officially
oficina	nf	1.6457	office
oficina de cambio	loc	0.3186	bureau de change
oficina de correos	loc	0.3706	post office
oficio	nm	1.8709	job | writ | office | craft | handicraft | missive
ofidiofobia	nf	0.0315	ophidiophobia
ofiolatría	nf	0.0000	ophiolatry
ofrecer	v	1.7245	offer
ofrecimiento	nm	0.2151	offering | affordance
ofrenda	nf	0.4019	offering
ofrendar	v	0.6939	sacrifice
oftalmológico	adj	0.0000	ophthalmologic | ophthalmological
ofuscamiento	nm	0.5663	blindness | confusion | bewilderment | blurring
ogro	nm	0.6711	ogre
Ohio	n	0.1237	Ohio
óhmico	adj	0.0464	ohmic
ohmímetro	nm	0.1204	ohmmeter
ohmio	nm	0.1166	ohm
oído	nm	1.2419	hearing | ear
oído cocina	loc	0.1151	got it
oír	v	1.7612	hear
ojal	nm	0.3553	buttonhole
ojalá	interj	0.6704	God willing | hopefully
ojeada	nf	0.3161	gaze
ojera	nf	0.0003	dark circle
ojete	nm	0.5532	grommet
ojiazul	adj	0.1049	blue-eyed
ojinegro	adj	0.0002	black eyed
ojiplático	adj	0.0364	saucer-eyed | wide-eyed
ojizarco	adj	0.2345	blue-eyed
ojo	nm	4.7084	eye
okapi	nm	0.1411	okapi
Okinawa	n	0.1593	Okinawa
okupa	n	0.2661	squatter
ola	nf	1.2733	wave
oleaginoso	adj	0.1995	oleaginous | oily
oleaje	nm	0.5074	surf | swell
oleato	nm	0.0515	oleate
oleoso	adj	0.1419	oily
oler	v	1.7958	smell
olfato	nm	0.4450	olfaction
olfatorio	adj	0.2151	olfactory
oliente	adj	0.2601	odorous
oligarca	n	0.2093	oligarch
oligarquía	nf	0.4473	oligarchy
oligárquico	adj	0.1546	oligarchic | oligarchical
oligoceno	adj	0.0003	oligocene
oligofrénico	adj	0.1244	oligophrenic
oligopolio	nm	0.1351	oligopoly
oligopsonio	nm	0.0000	oligopsony
oligospermia	nf	0.0364	oligospermia
oligotrófico	adj	0.0892	oligotrophic
olimpiada	nf	0.0902	olympiad
olimpíada	nf	0.0440	olympiad
olímpico	adj	0.0003	olympic
olismear	v	0.2739	snoop
olisquear	v	0.9167	pick up
oliva	nf	1.2959	olive | olive-tree
oliváceo	adj	1.2522	olive
olivar	nm	0.0003	olive orchard
Olivia	prop	0.1014	Olivia
olivino	nm	0.1440	olivine
olivo	nm	0.0012	olive-tree
olla	nf	1.4885	pot | stew
olla programable	loc	0.0002	programmable pot
olmo	nm	0.3766	elm
olmo de montaña	loc	0.0005	scots elm
ológrafo	adj	0.2149	holograph
olor	nm	2.5235	smell | odour | odor | scent
olote	nm	0.4458	cob
olura	nf	0.6966	smell | aroma
olvidadizo	adj	0.1922	forgetful
olvidar	v	2.0055	forget
olvido	nm	0.4557	oblivion
Omán	n	0.2923	Oman
ombligo	nm	2.1232	navel | belly button
ombú	nm	0.0000	ombu
ómbudsman	nm	0.1994	ombudsman
omega	nf	0.3489	omega
Ometepec	prop	0.0407	Ometepec
ómicron	nf	0.2849	omicron
ominar	v	0.3119	omen
ominoso	adj	0.4232	ominous
omisible	adj	0.0341	omissible
omisión	nf	0.4890	omission
omiso	adj	0.3915	neglectful | careless | remis
omitir	v	0.6307	omit
omitirse	v	0.2005	omit
omnipotencia	nf	0.2286	omnipotence
omnipotente	adj	0.5305	omnipotent | almighty
omnipresencia	nf	0.5613	omnipresence
omnipresente	adj	0.2111	omnipresent
omnisapiente	adj	0.0009	moniscient
omnisciencia	nf	0.2238	omniscience
omnisciente	adj	0.5958	omniscient
omniscio	adj	0.4429	omniscient
omóplato	nm	0.0704	scapula
OMS	nm	0.1345	WHO
onagro	nm	0.4886	onager
Onán	prop	0.0000	Onan
onanista	adj	0.5000	wanker
once	adj	0.6388	eleven
onceavo	adj	0.8587	eleventh
oncogén	nm	0.0604	oncogene
oncogénico	adj	0.0182	oncogenic
oncología	nf	0.1137	oncology
oncológico	adj	0.0182	oncological
oncólogo	nmf	0.1262	oncologist
onda	nf	1.0301	wave
onda acústica	loc	0.0004	acoustic wave | sound wave
ondeante	adj	0.3381	wavy
ondear	v	0.8705	float
ondulante	adj	0.3760	wavy
ondular	v	0.7685	wave
ondulatorio	adj	0.4998	wavy | undulating
oneroso	adj	0.3026	burdensome | onerous
ónfalos	nm	0.0223	omphalos
ónice	nm	0.2991	onyx
onicofagia	nf	0.0498	onychophagia
onirofobia	nf	0.0000	oneirophobia
onironauta	nm	0.0258	oneironaut
ónix	nm	0.3327	onyx
online	adv	0.7058	online
onomasiología	nf	0.2024	onomasiology
onomasiológico	adj	0.0546	onomasiological
onomatopeya	nf	0.5316	onomatopoeia
onomatopéyico	adj	0.0589	onomatopoetic
ontogenia	nf	0.1349	ontogeny
ontogénico	adj	0.0515	ontogenetic | ontogenic
ontología	nf	0.2231	ontology
ontológico	adj	0.2077	ontological | ontic
onza	nf	0.3406	ounce
onza troy	loc	0.0407	troy ounce
oolítico	adj	0.0000	oolithic
opacidad	nf	0.1108	opacity
opacoscopio	nm	0.0002	opaque projector
ópalo	nm	0.5599	opal
OPEP	nf	0.0998	OPEC
ópera	nf	0.3189	opera
operación	nf	0.9821	operation | surgery
operador de incremento	loc	0.0003	increment operator
operador diferencial	nm	0.0364	differential operator
operar	v	0.5693	operate
operístico	adj	0.0697	operatic
opiáceo	adj	0.0835	opiate
opinar	v	1.4094	think
opinión	nf	1.6508	opinion
opinión pública	nf	0.2487	public opinion
opio	nm	0.4286	opium
oponente	adj	0.8918	opponent
oponer	v	0.5838	oppose | object
oportunidad	nf	1.0066	opportunity
oportuno	adj	0.6292	opportune
oposición	nf	1.0330	opposition
opresión	nf	0.2845	oppression
oprimir	v	1.8088	oppress | press
oprobio	nm	0.4966	opprobrium
optar	v	1.6722	change
óptico	nm	0.1180	optician
optimismo	nm	0.4720	optimism
optimista	adj	0.2204	optimistic
optimizable	adj	0.0000	optimizable
optimizar	v	0.1196	optimize
optometría	nf	0.0751	optometry
optometrista	n	0.1737	optometrist
opuesto	adj	1.2215	opposite
opulencia	nf	0.2880	opulence
opulento	adj	0.4082	opulent | rich
opúsculo	nm	0.3709	tract
oración	nf	1.7197	sentence | prayer
oración compuesta	loc	0.1262	compound sentence
oración simple	loc	0.1458	simple sentence
oración subordinada	loc	0.2361	subordinate clause
oráculo	nm	0.5554	oracle
órale	interj	0.8994	wow | come on | ok
orangután	nm	0.2891	orangutan
orate	adj	0.2951	crazy
orbe	nm	0.4558	orb
órbita	nf	0.6406	orbit
orbital	adj	0.2391	orbital
orbital	nm	0.1150	atomic orbital
orbitar	v	0.3020	orbit
orca	nf	0.5844	killer whale | orca
ordalía	nf	0.2725	ordeal
orden de compra	loc	0.0705	purchase order
ordenación	nf	0.2552	ordination
ordenadamente	adv	0.0258	tidily
ordenado	adj	0.4702	tidy
ordenador subportátil	loc	0.0000	subnotebook
ordenanza	nf	0.2638	orderly | mandate | ordinance
ordenar	v	2.7819	order
ordeñador	nmf	0.1334	milker
ordeñador	adj	0.1046	milking
ordeñar	v	1.1213	milk
ordinariez	nf	0.2817	vulgarity | commonness
ordinario	adj	1.4281	ordinary
ordovicense	adj	0.1319	Ordovician
ordovícico	adj	0.1319	Ordovician
Ordovícico	n	0.3940	Ordovician
orear	v	1.8876	air | aerate | aerify
orégano	nm	0.5005	oregano
Oregón	n	0.1012	Oregon
oreja	nf	4.7501	ear
oreja de Judas	loc	0.1046	Jew's ear | Judas's ear
orejera	nf	0.1569	moldboard | earflap
orejón	adj	0.0006	big ears
orfanato	nm	0.4137	orphanage
orfandad	nf	0.1208	orphanhood | orphandom | orphanity
orfanidad	nf	0.1208	orphanhood | orphandom | orphanity
orfebrería	nf	0.0000	goldsmithing
orfelinato	nm	0.3532	orphanage
órfico	adj	0.0446	Orphic
organdí	nm	0.0446	organdy
orgánico	adj	0.7321	organic
organísmico	adj	0.0182	organismic
organismo	nm	0.5916	organism | organ system
organismo público	loc	0.0003	public organization
organismo unicelular	loc	0.0003	unicellular organism
organización	nf	0.8604	organization | organisation
Organización de los Estados Americanos	n	0.0004	Organization of American States
organizador	adj	0.2890	organizer | organizing
organizar	v	1.0089	organize
órgano	nm	1.1959	organ | Mexican fencepost
organoponía	nf	0.0000	organoponics
organopónico	adj	0.0000	organoponic
orgánulo	nm	0.2968	organelle
orgasmo	nm	0.5135	orgasm
orgía	nf	0.5065	orgy
orgullo	nm	1.3059	pride
orgulloso	adj	1.2890	proud
orientación	nf	0.5133	orientation
orientación sexual	loc	0.7466	sexual orientation | sexual preference
orientar	v	0.6245	orient | guide | orientate | position
orientarse	v	0.3369	orient
oriente	nm	1.2970	east | East | orient | Orient
Oriente	prop	0.0499	Orient
Oriente Medio	prop	0.3751	Middle East
Oriente Próximo	prop	0.3201	Middle East
orificio	nm	0.3760	orifice
oriflama	nf	0.1180	oriflamme
origami	nm	0.3522	origami
origen	nm	1.1970	origin
original	adj	1.1439	original
originalidad	nf	0.4682	originality
originar	v	0.3084	originate
originario	adj	0.8334	native
originarse	v	0.3490	originate
orilla	nf	0.5250	gob
orillas	nf	0.0857	outskirt
orina	nf	2.2562	urine | piss
orinar	v	1.3732	urinate
Orión	prop	0.0002	the Hunter
oriundo	adj	0.7217	native
Orizaba	prop	0.0000	Orizaba
orlar	v	0.4820	border
Ormuz	prop	0.0631	Ormus | Hourmazd
ornamentar	v	0.6778	decorate
ornamento	nm	0.6541	ornament
ornitisquio	nm	0.0000	ornithischian
ornitofobia	nf	0.0546	ornithophobia
ornitología	nf	0.2614	ornithology
ornitológico	adj	0.0000	ornithologic | ornithological
ornitóptero	nm	0.1562	ornithopter
ornitorrinco	nm	0.9990	platypus | duckbill | buck-billed platypus
oro	nm	3.3193	gold
orofaringe	nf	0.0576	oropharynx
orogénico	adj	0.0631	orogenic | orogenous
orográfico	adj	0.0998	orographic | orographical
oronja	nf	0.3913	Caesar's mushroom
orozuz	nm	0.0000	liquorice
orquesografía	nf	0.0589	orchesography | dance notation
orquesta	nf	0.4718	orchestra
orquesta de cámara	loc	0.0515	chamber orchestra
orquestador	adj	0.0258	orchestrator
orquestar	v	0.0864	orchestrate
orquídea	nf	0.1609	orchid
orquídeo	adj	0.1137	orchid
orquitis	nm	0.0888	orchitis
ortejo	nm	1.8082	toe
órtesis	nf	0.0000	orthotics
ortiga	nf	0.9824	nettle | stinging-nettle
ortodoncia	nf	0.0644	orthodontics
ortodoxo	adj	0.3987	orthodox
ortodrómico	adj	0.0129	orthodromic
ortoedro	nm	0.1017	cuboid
ortofónica	nf	0.1093	gramophone
ortofónica	adj	0.0000	orthophonic
ortofónico	adj	0.0000	orthophonic
ortognático	adj	0.0005	orthognatic
ortografía	nf	1.1024	orthography | spelling
ortológico	adj	0.0003	orthologic
ortopedia	nf	0.1411	orthopedics
ortopedista	nm	0.0929	orthopedist
ortorexia	nf	0.1123	orthorexia
oruga	nf	1.2012	caterpillar
orujo	nm	0.2396	marc
orza	nf	0.2410	sword
orzuelo	nm	0.7372	stye | hordeolum
os		2.6801	you
osadía	nf	0.9931	daring
osado	adj	0.6564	sassy | cheeky
osamenta	nf	0.7948	frame
osar	v	0.7234	dare
osario	nm	0.3968	ossuary
Óscar	prop	0.6127	Oscar
oscilación	nf	0.3852	oscillation
oscilar	v	0.5433	oscillate | sway
osciloscopio	nm	0.1235	oscilloscope
ósculo	nm	1.8131	osculum | kiss | osculation
oscurecer	v	0.5561	darken
oscurecimiento	nm	0.1196	darkening | dimming
oscurecimiento global	nm	0.0590	global dimming
oscuridad	nf	1.1587	darkness | obscurity
oscuro	adj	1.1163	dim
Oseas	n	0.9464	Hosea
oseltamivir	nm	0.0223	oseltamivir
óseo	adj	0.3225	bony | osseous
osético	nm	0.0762	Ossetic
oseto	nm	0.0446	Ossetic
osezno	nm	0.2474	bear cub
osiánico	adj	0.0000	Ossianic
osificar	v	0.0740	ossify
osito lavador	loc	0.1785	crab-eating raccoon | crab-eating racoon
Oslo	prop	0.2857	Oslo
osmio	nm	0.5308	en | osmium
osmol	nm	0.0182	osmole
osmolalidad	nf	0.0315	osmolality
osmótico	adj	0.1123	osmotic
oso	nmf	3.2135	bear
oso blanco	loc	0.5036	polar bear
oso hormiguero	loc	0.8155	anteater | ant eater
oso lavador	nm	1.0318	raccoon
oso mielero	loc	0.0005	southern tamandua
oso negro	loc	0.0000	black bear
oso polar	loc	0.5036	polar bear
osobuco	nm	0.1555	osso buco
ossobuco	nm	0.0911	osso buco
Ostende	prop	0.0705	Ostend
ostensible	adj	0.5608	apparent
ostensiblemente	adv	0.1910	ostensibly | conspicuously | signally
ostentación	nf	0.4903	ostentation
ostento	nm	0.0003	natural wonder
osteocito	nm	0.0705	osteocyte
osteocondritis	nf	0.0000	osteochondritis
osteofito	nm	0.0546	osteophyte
osteológico	adj	0.0000	osteologic | osteological
osteólogo	nmf	0.0631	osteologist
osteópata	n	0.0835	osteopath | osteopathist
osteopenia	nf	0.2702	osteopenia
osteotomía	nf	0.0773	osteotomy
ostión	nm	0.4941	oyster
ostra	nf	0.8265	oyster
ostra vegetal	loc	0.3950	salsify | vegetable oyster
osuno	adj	0.0258	bearlike
otaku	n	0.1580	otaku
OTAN	prop	0.1937	NATO
otear	v	0.0576	size up | survey
otero	nm	0.1222	knoll
otilar	v	0.9733	howl
otitis	nf	0.1180	otitis
otolito	nm	0.2633	otolith | otolite
otológico	adj	0.0223	otologic | otological
otomano	adj	0.0511	Osmanic
otoñal	adj	0.4959	autumnal
otoño	nm	2.0765	autumn | fall
otoplastia	nf	0.0000	otoplasty
otorgar	v	0.6412	grant
otorrinolaringólogo	nm	0.3309	otorhinolaryngologist | otolaryngologist
otosclerosis	nf	0.0258	otosclerosis
otro	adj	0.7307	other
Ottawa	prop	0.2829	Ottawa
otubre	nm	0.9397	October
óvalo	nm	1.0073	oval
ovario	nm	0.7598	ovary
oveja	nf	2.1624	sheep | ewe
oveja negra	loc	0.3790	black sheep
ovejero	nm	0.7819	shepherd
overbooking	nm	0.2676	overbooking
ovillo	nm	0.2286	clew | ball
ovíparo	adj	0.1424	oviparous
ovni	nm	1.0603	UFO | unidentified flying object
ovogénesis	nf	0.0682	oogenesis
ovoide	adj	0.1518	ovoid
ovovivíparo	adj	0.0794	ovoviviparous
ovulación	nf	0.3586	ovulation
ovular	v	0.0682	ovulate
óvulo	nm	1.5149	ovum | egg | eggcell
oxalato	nm	0.2627	oxalate
oxear	v	0.0000	shoo away
oxford	nm	0.2240	Oxford
Oxford	prop	0.2240	Oxford
oxidación	nf	0.1840	oxidation
oxidar	v	0.7917	rust
oxidarse	v	0.3558	rust
óxido	nm	0.2343	oxide
óxido férrico	loc	0.0995	ferric oxide
oxidrilo	nm	0.2392	hydroxyl
oxígeno	nm	1.8268	oxygen
oxímoron	nm	0.2167	oxymoron
oxítono	adj	0.2045	oxytone
oye	interj	0.5365	hey
oyente	n	0.2927	listener
ozono	nm	0.2831	ozone
pabellón	nf	1.5132	pavilion | flag | tent | accessory | pinna
pabilo	nm	0.9404	wick
pábilo	nm	0.9404	wick
Pablo	prop	0.4918	Paul
paca	nf	0.7677	paca | bale
pacano	nm	0.2583	pecan | pecan tree
pachá	nm	0.3574	pasha | pascha
Pachuca de Soto	prop	0.1257	Pachuca
paciencia	nf	0.6439	patience
paciente	n	0.5712	patient
pacificación	nf	0.3035	pacification
pacificar	v	0.4361	pacify
pacífico	adj	0.9177	peaceful | pacific
Pacífico	n	0.4521	Pacific | Pacific Ocean
pacifismo	nm	0.3864	pacifism
pacifista	n	0.1651	pacifist
pactar	v	0.6241	pact
pacto	nm	0.9385	pact
padecer	v	1.3099	suffer | endure
padecimiento	nm	0.0622	sufferance
padrastro	nm	0.6632	stepfather | hangnail
padre	nm	4.7687	father | dad
padre biológico	loc	0.0003	biological father
padrillo	nm	0.9571	stallion
padrino	nm	1.7581	godfather | godparent | second
Padua	prop	0.3176	Padua
paella	nf	0.3204	paella
paga	nf	1.2772	pay
pagable	adj	0.0386	payable
pagadiós	nm	0.0004	dine an dash
pagafantas	adj	0.0000	friendzoned
pagamecera mayor	loc	0.0003	edible burdock
pagamento	nm	0.5583	taste | satisfaction
paganismo	nm	0.2115	paganism | heathenism
pagano	adj	1.5636	pagan | heathen
pagar	v	2.5628	pay | ante up
pagaré	nm	0.1785	IOU
página	nf	2.0442	page
página web	loc	0.5118	web page
paginación	nf	0.0851	pagination
paginar	v	0.1440	paginate
pagoda	nf	0.2768	pagoda
paico	nm	0.4965	epazote | Jesuit's tea | Mexican tea | wormseed
paidofilia	nf	0.9044	pedophilia
paintball	nm	0.1180	paintball
paipa	nm	1.3563	penis
País Vasco	prop	0.5292	Basque Country
País Vasco francés	prop	0.0006	Northern Basque Country
paisaje	nm	0.9493	landscape | scenery
paisajista	adj	0.0223	landscape architect | landscape gardener | landscape painter
Países Bajos	prop	1.1408	Netherlands
paja	nf	2.1451	straw | wank | chaff | drinking straw
pajarete	nm	0.0002	paxarette
pajarillo	nm	0.3652	birdie
pajarita	nf	0.8144	bowtie | bow tie
pajarita de las nieves	loc	0.2601	white wagtail
pajarito	nm	0.4021	birdie
pájaro	nm	3.5436	bird
pájaro carpintero	loc	1.0038	woodpecker
paje	nm	1.8121	page
pajearse	v	0.2598	jerk off | beat the meat | jack off
pajero	adj	0.7061	wanker
pajilla	nf	0.5336	drinking straw
Pakistán	n	0.6947	Pakistan
pakistaní	nmf	0.4103	Pakistani
pakistaní	adj	0.4103	Pakistani
pala	nf	2.0930	shovel | spade | paddle | blade
palabra	nf	1.6105	word
palabra fantasma	loc	0.0657	ghost word
palabreo	nm	0.1262	eyewash
palabrería	nf	1.2660	gossip
palacete	nm	0.2639	mansion | mansionette
palacio	nm	0.5423	palace
paladar	nm	0.4755	palate | flavour | sense of taste
paladino	nm	0.5793	paladin
paladio	nm	0.5505	palladium
paladión	nm	0.0005	palladion
palafrén	nm	0.0576	palfrey
palanca	nf	0.8912	lever
palangana	nf	1.2748	basin
palanqueta	nf	0.3958	crowbar
Palaos	prop	0.2093	Palau
palatalización	nf	0.1546	palatalization
palatalizar	v	0.3286	palatalize
palco	nm	0.8392	box
paleador	adj	0.0751	shoveler | shoveller
palear	v	0.4910	shovel | scoop
paleoceno	adj	0.0003	paleocene
paleógeno	adj	0.0003	paleogene
paleográfico	adj	0.0946	paleographic | paleographical
paleolítico	adj	0.4561	Paleolithic | paleolithic
Paleolítico	n	0.1480	Paleolithic
paleontográfico	adj	0.0000	paleontographical
paleontología	nf	0.3344	paleontology | palaeontology
paleontológico	adj	0.0315	paleontologic | paleontological
paleontólogo	nmf	0.1974	paleontologist
paleopatología	nf	0.0364	paleopathology
paleozoico	adj	0.0000	paleozoic
paleozoología	nf	0.0929	paleozoology
Palermo	prop	0.1785	Palermo
Palestina	n	2.2553	Palestine
palestino	adj	0.8394	Palestinian
paleta	nf	1.6024	palette | blade | trowel | popsicle
paletó	nm	0.5902	overcoat | greatcoat | topcoat
pali	nm	0.2940	Pali
paliar	v	1.0072	mask | alleviate
paliativo	adj	0.1281	palliative
palidecer	v	0.3421	pale
palidez	nf	0.2379	paleness
pálido	adj	1.4778	pale | pallid
palilalia	nf	0.0576	palilalia
palillo	nm	0.7773	chopstick | toothpick
palimpsesto	nm	0.3088	palimpsest
palíndromo	nm	0.2839	palindrome
palingenésico	adj	0.0258	palingenesic
palinología	nf	0.1222	palynology
palito	nm	0.0006	little stick | pretzel stick
palma	nf	2.0519	palm tree | palm | palm frond
palma negra	loc	0.2222	Christ's thorn | carnauba palm
palmada	nf	1.0138	slap | clap
palmarés	nm	0.6220	record
palmera	nf	0.8364	palm
palmeral	nm	0.0003	palm grove
palmeta	nf	0.0000	palmette
palo	nm	2.9513	stick
palo de golf	loc	0.1152	golf club
palo seco	adj	0.0000	sans-serif
paloduz	nm	0.0000	liquorice
paloma	nf	3.3246	dove | pigeon | culver
Paloma	prop	0.0000	Dove
paloma de alas blancas	loc	0.0000	white-winged dove
Palomar	prop	0.0864	dovecote
palometa negra	loc	0.0004	Ray's bream | pomfret
palomino	nm	0.1393	skid mark
palomita	nf	0.9098	popcorn | bare-faced ground-dove
palomita de la Virgen	loc	0.0013	picui dove | picui ground dove
paloseco	adj	0.1669	sans serif
palpable	adj	0.6307	palpable
palpitar	v	1.5398	beat
palta	nf	1.8547	avocado
palto	nm	1.3737	avocado
paludismo	nm	0.5857	malaria
palustre	nm	0.6053	trowel
pambol	nm	1.0908	football | footie | soccer | footy
pámpano	nm	0.0004	shoot of a vine
Pamplona	prop	0.0740	Pamplona
pampsiquismo	nm	0.2078	panpsychism
pan	nm	2.8041	bread
pan comido	loc	0.4361	piece of cake
pan de molde	loc	0.1893	sliced bread
pan lactal	loc	0.2035	sliced bread
pana	nf	1.2927	cord | corduroy | breakdown
panacea	nf	0.3126	panacea
panacea universal	loc	0.2210	panacea
panadería	nf	1.0523	bakery | baker's | bakeshop
panal	nm	0.6543	honeycomb
Panamá	n	0.5667	Panama
panameño	adj	0.2289	Panamanian
panamericanismo	nm	0.0315	Pan-Americanism
panamericano	adj	0.0515	Pan-American
panarabismo	nm	0.0751	pan-Arabism
pancarta	nf	0.3267	placard | banner
panceta	nf	0.6965	bacon
pancho	nm	0.4173	bilge
pancho	adj	1.2202	quiet | content
pancracio	nm	0.0005	pangrateion | pankration
Pancracio	prop	0.1152	Pancras
páncreas	nm	0.3349	pancreas
pancreático	adj	0.0804	pancreatic
pancromático	adj	0.0258	orthochromatic
pandeísmo	nm	0.2917	pandeism
pandeísta	n	0.1062	pandeist
pandemia	nf	0.0590	pandemia | pandemic
pandémico	adj	0.2202	pandemic
pandeo	nm	0.0955	buckling
pandereta	nf	0.2457	tambourine
pandero	nm	0.9499	tambourine
pandillero	n	0.3530	gangster
pandorga	nf	0.7533	kite
panegírico	adj	0.3368	panegyric
panera	nf	0.1262	breadbox
panetón	nm	0.1480	panettone
pánfilo	adj	0.3393	gullible
panfleto	nm	0.3491	pamphlet
Pangea	prop	0.2318	Pangaea
pangénesis	nf	0.0446	pangenesis
pangenotípico	adj	0.0000	pangenotypic
pangolín	nm	0.7173	pangolin | scaly anteater
pangrama	nm	0.0929	pangram
panhelénico	adj	0.0604	Panhellenic
panícula	nf	0.1534	panicle
paniquear	v	0.3910	panic
paniquearse	v	0.9999	panic | to
panizo	nm	0.5335	foxtail millet | panic grass
panizo negro	loc	0.5961	pearl millet | camel corn | sorghum
panoli	adj	0.2413	booby
panoplia	nf	0.1222	panoply
panque	nm	0.0003	Chilean rhubarb
panqueque	nm	0.9562	pancake
pansa	nf	0.2774	raisin
pansexual	adj	0.1262	pansexual
pansexualidad	nf	0.2857	pansexuality
pantagruélico	adj	0.1667	pantagruelian
pantalla	nf	1.1412	screen | shade
pantalón	nm	0.2452	trousers | pants
pantano	nm	0.5285	bog
pantanoso	adj	0.5852	muddy | tricky | marshy
panteísmo	nm	0.1995	pantheism
panteísta	adj	0.0813	pantheist
panteón	nm	0.9482	pantheon | mausoleum
pantera	nf	0.7524	panther
pantocrátor	nm	0.0003	pantocrator
pantografía	nf	0.0000	pantography
pantógrafo	nm	0.3080	pantograph
pantomima	nm	0.2431	pantomime
pantomímico	adj	0.0258	pantomimic
pantorrilla	nf	1.1115	calf
pantufla	nf	1.2324	slipper
pantuflo	nm	1.1784	slipper
panyabí	n	0.5355	Punjabi
panza	nf	3.5255	belly | tummy
panzón	adj	0.3393	potbellied
panzudo	adj	0.2865	potbellied
pañal	nm	0.5510	diaper
paño	nm	0.8428	cloth
pañuelo	nm	0.9227	handkerchief | hanky
papa	nmf	2.5080	pope
papa	nf	3.4161	potato
papá	nm	0.8618	dad
papada	nf	0.6066	double chin
papagayo	nm	2.2456	parrot | popinjay | parakeet | kite
papahígo	nm	0.1803	main course
papal	adj	0.2177	papal
papalote	nm	1.2259	kite
papamóvil	nm	0.1062	Popemobile
paparazzi	nm	0.2231	paparazzi | paparazzo
paparrucha	nf	0.3315	humbug
paparruchada	nf	0.2746	humbug
papaya	nf	1.1374	papaya
papayo	nm	0.8183	papaya
papel	nm	3.0655	paper
papel de calco	loc	0.1803	tracing paper
papel de fumar	loc	0.1771	rolling paper
papel de liar	loc	0.1771	rolling paper
papel higiénico	loc	0.4724	toilet paper
papelería	nf	0.3918	stationery
papeleta	nf	0.4288	ballot
papelillo	nm	0.1910	rolling paper
papilionácea	nf	0.0002	Faboideae
Papilionoideae	nf	0.0004	Papilionoideae
papiloma	nm	0.0773	papilloma
papiroflexia	nm	0.2465	origami
páprika	nf	0.6542	paprika
Papúa Nueva Guinea	n	0.4113	Papua New Guinea
pápula	nf	0.0911	papule
papuloso	adj	0.0000	papulose
papus	nm	0.0644	pappus
paquebote	nm	0.0000	packet-boat
paquicefalosaurio	nm	0.0364	pachycephalosaurus
paquidérmico	adj	0.0000	pachydermous
paquidermo	adj	0.0604	pachyderm
par	nm	2.4395	pair
par	adj	3.2028	even | equal
par mínimo	loc	0.2601	minimal pair
para		1.8104	for
para usted	interj	0.3144	thank you
parábasis	nf	0.0258	parabasis
parabeno	nm	0.0288	paraben
parábola	nf	0.4035	parabola | parabole
parabólico	adj	0.0929	parabolic
parabrisas	nm	0.0576	windscreen | windshield
paracaídas	nm	1.1462	parachute
paracaidismo	nm	0.2049	parachuting
paracaidista	adj	0.7791	parachutist
parachoques	nm	0.6761	bumper
paracono	nm	0.0000	paracone
parada	nf	1.8755	stop
paradero	nm	1.0343	stop | location
paradigma	nm	0.2810	paradigm
parado	adj	0.4938	unemployed
paradoja	nf	0.3872	paradox
paradójicamente	adv	0.0427	paradoxically
paradójico	adj	0.1093	paradoxical
paradón	nm	0.3422	save
parafernalia	nf	0.0993	paraphernalia
parafilia	nf	0.4942	paraphilia
parafínico	adj	0.0129	paraffinic
paráfrasis	nf	0.0000	paraphrasis | paraphrase
paragimnohimenial	adj	0.0002	paragymnohymenial
paragoge	nf	0.1362	paragoge
paraguas	nm	0.9556	umbrella
Paraguay	n	0.7436	Paraguay
paragüero	nm	0.0794	umbrella stand
parahúso	nm	0.4097	drill
paraíso	nm	0.1629	eden
paraje	nm	1.2220	place | stopover
paralaje	n	0.1866	parallax
paralaje horizontal	loc	0.0005	horizontal parallax
paralelamente	adv	0.1318	parallelly
paralelepípedo	nm	0.1551	parallelepiped
paralelismo	nm	0.1137	parallelism
paralelogramo	nm	0.3284	parallelogram
paralenguaje	nm	0.0315	paralanguage
paralipsis	nf	0.1866	apophasis | paraleipsis
paralizar	v	0.1840	paralyze
paramédico	adj	0.0998	paramedic
parámetro	nm	0.1244	parameter
paramilitar	adj	0.4019	paramilitary
paramnesia	nf	0.0704	paramnesia
Parangaricutirimícuaro	prop	0.0003	Parangaricutirimicuaro
parangón	nm	0.3018	comparison
paraninfo	nm	0.0000	paranymph
paranoia	nf	0.2014	paranoia
paraplejía	nf	0.0657	paraplegia
parapsicológico	adj	0.0407	parapsychological
parapsicólogo	nmf	0.0364	parapsychologist
parar	v	2.4969	stop | stand
parar bolas	loc	1.1379	to | pay attention | pay heed
pararrayos	nm	0.5457	lightning rod | lightning conductor
pararse	v	1.9159	stop | stand up
parashá	nm	0.0446	parashah
parasíntesis	nf	0.0604	parasynthesis
parasitario	adj	0.2943	parasitic
parasiticida	adj	0.0762	parasiticide
parasítico	adj	0.2943	parasitic
parasitismo	nm	0.2625	parasitism
parásito	adj	0.2092	scrounger
parasitología	nf	0.3321	parasitology
parasitosis	nf	0.0386	parasitosis
paratiroideo	adj	0.0499	parathyroid
paratiroides	adj	0.1434	parathyroid gland
parcamente	adv	0.0258	scantily
parcela	nf	0.7536	lot | bill | parce
parcero	nmf	0.3455	buddy
parche	nm	1.0077	patch
parche curita	loc	0.8313	band-aid | adhesive bandage | plaster | sticking plaster
parcialidad	nf	0.4068	partiality
parco	adj	0.9135	moderate | sparing | frugal | economical
pardal	nm	2.5841	sparrow | leopard | giraffe | aconite
pardeamiento	nm	0.0002	food browning
pardo	adj	0.0010	brownish gray | brownish grey | dun
pare	nm	1.3863	stop sign | stop
parecencia	nf	0.2886	resemblance
parecer	v	0.7932	seem
parecer	nm	1.3689	opinion | appearance
parecido	adj	1.0409	alike
parecido	nm	1.1191	similarity
pared	nf	2.9104	wall
pared abdominal	loc	0.1222	abdominal wall
pareidolia	nf	0.1338	pareidolia
pareja	nf	2.4554	couple | make | mate | partner | pair
paremia	nf	0.0546	paroemia
paremiología	nf	0.1728	paremiology
paremiológicamente	adv	0.0000	paremiologically
paremiológico	adj	0.0000	paremiological
paremiólogo	nmf	0.0000	paremiologist
parénesis	nf	0.0129	parenesis
parénquima	nm	0.2229	parenchyma
parentalidad	nf	0.0835	parenthood
parentela	nf	0.0311	kinsfolk
parentesco	nm	0.6559	kinship | relationship
paréntesis	nm	0.5086	bracket
paréntesis angular	loc	0.3308	angle bracket | chevron | diamond bracket
pareo	nm	0.0407	pareo
paresia	nf	0.1093	paresis
paria	adj	0.2832	pariah
paridad	nf	0.6040	parity
paridad de género	loc	0.0005	gender parity
pariente	adj	1.2050	relative
parihuela	nf	0.2815	stretcher
parina	loc	0.5325	flamingo
parina chica	loc	0.0002	puna flamingo
parina grande	loc	0.0002	andean flamingo
pario	adj	0.0315	Parian
parir	v	1.0400	give birth
París	n	1.0064	Paris
parisino	adj	0.5519	Parisian
parlamento	nm	0.7043	parliament
parlante	nm	1.3033	speaker
parlotear	v	1.3628	babble | chat
Parma	prop	0.0815	Parma
parodia	nf	0.5446	parody
parodiar	v	0.5006	parody
parónimo	nm	0.1798	paronym
paronomasia	nf	0.2884	paronomasia
paronomástico	adj	0.0000	paronomastic
paroxismo	nm	0.0000	paroxism
paroxítono	adj	0.2633	paroxytone
parpadear	v	1.5861	blink | twinkle
párpado	nm	0.6501	eyelid | palpebra
parpar	v	0.2243	quack
parque	nm	1.1191	park
parqué	nm	0.0694	parquet
parquear	v	1.0855	park
parquímetro	nm	0.1496	parking meter
párrafo	nm	0.6136	paragraph
parricida	adj	0.1186	parricide
parrilla	nf	0.6014	grid
parrillada	nf	0.6578	barbecue
parroquia	nf	0.6770	parish
pársec	nm	0.6155	parsec
parsimonia	nf	0.8862	parsimony
parsimonioso	adj	0.3498	parsimonious
parte de la oración	loc	0.4736	part of speech
parte del león	loc	0.1910	lion's share
parteaguas	nm	0.8569	watershed | drainage divide | drainage basin
partenogenético	adj	0.0182	parthenogenetic | parthenogenic
partero	nmf	0.8881	midwife
partición	nf	0.8031	partition
participación	nf	0.5991	participation | say
participio	nm	0.4412	participle
participio de presente	loc	0.0717	present participle
participio pasado	loc	0.1857	past participle
participio presente	loc	0.2321	present participle
partícula	nf	1.7805	particle
partícula elemental	loc	0.1070	elementary particle
partícula subatómica	loc	0.0911	subatomic particle
partida	nf	1.9625	game | match | departure | lot
partidamente	adv	0.1125	separately
partidario	adj	0.5710	partial
partir	v	1.2547	depart
partisano	nm	0.4365	partisan
partitivo	adj	0.1093	partitive
partitura	nf	0.3726	sheet music | score
parturienta	nf	0.0000	parturient
parvulario	nm	0.2690	kindergarten
pasa	nf	1.1868	raisin
pasaboca	nm	0.3050	hors d'oeuvre | finger food | snack
pasabocas	nm	0.6734	snack | hors d'oeuvre
pasacalle	nm	0.2286	passacaglia
pasado	nm	1.9256	past
pasado de moda	loc	0.4580	dated | old-fashioned | outdated
pasado mañana	nm	0.9412	day after tomorrow
pasaje	nm	0.9692	ticket
pasamontañas	nm	0.4473	balaclava
pasapelotas	nmf	0.1785	ball boy | ball girl
pasaporte	nm	0.8507	passport
pasar	v	1.5319	happen
pasar a mejor vida	loc	0.0005	go to heaven | rest in peace
pasatiempo	nm	1.0427	hobby | pastime
pascal	nm	0.0946	pascal
Pascua	nf	0.8792	Easter
Pascual	prop	0.0705	Pascal
paseo	nm	1.5747	walk
paseo virtual	loc	0.0003	virtual tour
pasillo	nm	0.5152	corridor
pasión	nf	1.3861	passion
pasionaria	nf	0.0000	passion flower
pasivo	adj	0.6700	bottom | passive
pasmo	nm	0.4181	astonishment
pasmoso	adj	0.3581	astonishing | amazing
paso	nm	2.2277	step | pace
paso	adj	0.6948	dried
pasodoble	nm	0.0000	pasodoble
pasquín	nm	0.0005	local rag
pasta	nf	0.8575	paste | pasta | pastry
pasta de zapatos	loc	0.5097	shoe polish
pastar	v	0.8278	graze
pastel	nm	1.4370	cake
pastel de carne	loc	0.0000	cottage pie | meat loaf
pastelería	nf	0.3691	confectionery
pastelero	adj	0.3390	confectioner
pasterización	nf	0.0000	pasteurization
pasterizar	v	0.2971	pasteurize
pasteurización	nf	0.0000	pasteurization | pasteurisation
pasteurizar	v	0.2971	pasteurize | pasteurise
pastilla	nf	2.3676	pill | drop
pastillaje	nm	0.0315	sugar paste | gum paste
pasto	nm	1.1462	pasture | meadow
pasto del chancho	loc	0.1878	cat's ear | catsear | false dandelion
pasto dulce	loc	0.0862	Yorkshire fog | velvet grass
pastrón	nm	0.0657	pastrami
pata	nf	2.4570	leg | paw
patada	nf	0.6229	kick
patán	adj	0.5398	dolt
patata	nf	3.9695	potato
paté	nm	0.3490	pâté
paté	adj	0.0000	patté | pattée
patear	v	0.8938	kick
patena	nf	0.1288	paten
patente	nf	0.0009	vehicle registration certificate
patente	adj	0.2437	viewable
paterfamilias	nm	0.0000	pater familias
paternal	adj	0.4779	paternal | fatherly
paternidad	nm	0.1021	paternity
patético	adj	0.7079	pathetic
patíbulo	nm	0.5149	gallows
patín	nm	0.1959	ice skate
patinar	v	0.6020	skate
patineta	nf	0.3512	skateboard
patinete eléctrico	loc	0.0003	(e-scooter)
patio	nm	0.3566	patio
patiperro	adj	0.7233	footloose | vagabond
patizambo	adj	0.2526	knock-kneed
pato	nmf	3.3581	duck | drake
pato anteojillo	loc	0.0002	spectacled duck
pato capuchino	loc	0.0003	silver teal
pato castaño	loc	0.0003	southern pochard
pato colorado	loc	0.0000	cinnamon teal
pato cortacorrientes	loc	0.0407	torrent duck
pato criollo	loc	0.0000	muscovy | muscovy duck | musk duck | musky duck
pato cuchara	loc	0.0003	red shoveler
pato de alas azules	loc	0.0002	blue winged teal
pato de Berbería	loc	0.0006	Muscovy Duck
pato de mar	loc	0.0007	guanay cormorant | shag
pato doméstico	loc	0.2677	mallard
pato gargantillo	loc	0.0003	white cheecked pintail
pato jergón chico	loc	0.0002	Chilean teal
pato jergón grande	nm	0.0003	brown pintail
pato juarjual	loc	0.0002	Crested duck
pato lilo	loc	0.0007	guanay cormorant | shag
pato negro	loc	0.0005	rosy-billed pochard
pato puna	loc	0.0002	Puna teal
pato rana de pico ancho	loc	0.0002	Andean duck
pato rana de pico delgado	loc	0.0003	lake duck
pato real	loc	0.0006	chiloe wigeon
pato rinconero	loc	0.0000	black-headed duck
pato silbón	loc	0.0000	fulvous whistling duck
patógeno	adj	0.3115	pathogen
patología	nf	0.3954	pathology
patológicamente	adv	0.0815	pathologically
patovar	nm	0.0182	pathovar
patraña	nf	0.6335	fib | lie | story
patria	nf	0.9800	homeland | fatherland
patria potestad	loc	0.0003	patris potestas
patriarca	nm	0.4685	patriarch
Patricia	prop	0.1288	Patricia
patricio	adj	0.2704	patrician
Patricio	prop	0.1624	Patrick
patrimonio	nm	0.7007	patrimony
patrimonio industrial	loc	0.0008	industrial heritage
patriota	n	0.2479	patriot
patriótico	adj	0.1235	patriotic
patriotismo	nm	0.3931	patriotism
patrocinar	v	1.0295	support | sponsor
patrón	nmf	1.7774	host | boss
patronímico	adj	0.6169	patronymic
patrono	nmf	0.9796	boss | patron
patrulla	nf	0.4349	patrol
patrullar	v	0.3075	patrol
pausa	nf	0.9401	pause
Pavía	prop	0.1262	Pavia
pavimentación	nf	0.0864	paving
pavimentar	v	0.7453	to | pave
pavimento	nm	0.0815	paving
pavo	nmf	0.8010	ninny
Pavo	prop	0.2542	Pavo
pavo ocelado	loc	0.0000	ocellated turkey
Pavo Real	prop	0.0005	The Peacock
pavonear	v	0.4461	display
pavonearse	v	0.6094	display
pavor	nm	1.3312	terror | fright
pavoroso	adj	0.7977	dreadful
pax	n	0.1410	pax
payaso	nm	1.0286	clown
payola	nf	0.0352	payola
paz	nf	5.6418	peace
pazguato	adj	0.8593	foolish
pear	v	2.5690	fart
peatón	nmf	1.4595	pedestrian
peatonalidad	nf	0.0005	pedestrianity
peca	nf	0.5717	freckle
pecado mortal	loc	0.1201	deadly sin | mortal sin
pecador	adj	0.1572	sinner
pecar	v	0.4187	sin
pecarí	nm	0.1995	peccary
pecé	nm	0.2618	personal computer
pececillo de plata	loc	0.3971	silverfish | bristletail
pecera	nf	0.0681	fish tank
pechichar	v	0.8164	to | cuddle | snuggle
pecho	nm	3.6014	chest | breast | bosom | thorax
pecho de paloma	loc	0.0499	chicken breast
pechuga	nf	1.8167	breast
pechuguera	nf	0.0002	chesty cough
pecio	nm	0.5731	shipwreck
pecoso	adj	0.1928	freckled
pectosa	nf	0.0000	pectose
pecuario	adj	0.4815	cattle
peculado	nm	0.1965	embezzlement
peculiaridad	nf	0.1313	peculiarity
pecuniario	adj	0.2428	monetary
pedagogía	nf	0.2444	pedagogy
pedagógicamente	adv	0.0546	pedagogically
pedagógico	adj	0.3268	pedagogical | pedagogic
pedal	nm	0.3915	pedal
pedalear	v	0.4289	pedal
pedante	adj	0.6682	pedantic
pedantería	nf	0.2877	pedantry
pedar	v	3.1126	fart
pedazo	nm	1.4935	piece
peder	v	3.1318	fart
pederasta	adj	0.2193	pederast
pederastia	nf	0.2835	pederasty
pedernal	nm	0.4119	flint | flintstone
pedestal	nm	0.3971	pedestal
pediatra	nm	0.1639	pediatrician
pediatría	nf	0.1609	pediatrics
pedibús	nm	0.0004	WSB
pedicelo	nm	0.1255	pedicel | stalk
pedicoj	nm	0.2869	hop
pediculofobia	nf	0.0004	phthiriofobia
pediculosis	nf	0.1113	pediculosis
pedicura	nf	0.0740	pedicure
pedido	nm	1.6086	order | request
pedigrí	nm	0.2947	pedigree
pedir	v	0.5394	ask for | order
pedir la luna	loc	0.0004	cry for the moon
pedir prestado	loc	0.3257	borrow
pedo	nm	3.2798	fart
pedoclimático	adj	0.0000	pedoclimatic
pedofilia	nf	0.9044	pedophilia | paedophilia
pedófilo	adj	0.3561	pedophile | pedophilic
pedorrear	v	3.3186	fart
pedregoso	adj	0.4260	stony
pedregullo	nm	0.1572	gravel
pedreñal	nm	0.0129	poitrinal
Pedro	prop	1.2451	Peter
pedúnculo	nm	0.0923	peduncle
peer	v	2.8341	fart
peerse	v	0.4439	fart
pegadizo	adj	0.4352	sticky | infectious | catchy
pegajoso	adj	0.4352	sticky
pegamento	nm	0.3452	adhesive
pegante	nm	0.3742	glue
pegante	adj	0.2114	adhesive | sticking
pegar	v	2.9426	stick | fasten | glue
pegarse	v	1.0086	burn
pegársele a alguien las sábanas	loc	0.0845	oversleep
pegatina	nf	0.5399	sticker | decal
pegosteado	adj	0.3186	sticky
pegostear	v	0.2231	gluey | sticky | to make
pegostearse	v	0.2231	gluey | sticky | to get
pehuén	nm	0.0511	monkey puzzle tree
peinado	nm	0.1486	hairstyle
peinar	v	1.1285	brush | comb
peinarse	v	0.6642	comb
peinazo	nm	0.0531	crosspiece
peine	nm	1.7026	comb
peine navaja	loc	0.0129	razor comb
pela	nf	1.4536	money
pelado	adj	3.3241	bald | boy | vulgar | nude
pelagatos	nmf	0.6579	nobody
pelagoscopio	nm	0.0003	pelagoscope
pelagroso	adj	0.0000	pellagric | pellagrous
pelaje	nm	1.0900	coat
pelambrera	nf	0.4768	mop
pelapapas	nm	0.0003	potato-peeler
pelar	v	1.1447	peel
pelarse	v	0.7209	steal
pelásgico	adj	0.0773	Pelasgian | Pelasgic
peldaño	nm	1.0973	step
pelea	nf	2.4232	fight
peleador	adj	0.5315	feisty | quarrelsome | combative | fighting
pelear	v	1.8151	fight
pelela	nf	0.3851	chamber pot
peliagudo	adj	1.0050	dodgy | thorny | crafty | tricky
pelícano	nm	0.5760	pelican
pelicorto	adj	0.0223	shorthaired
película	nf	1.5033	movie | film
peligrar	v	0.4439	danger
peligro	nm	1.2440	danger
peligroso	adj	0.8747	dangerous
pelilargo	adj	0.0000	longhaired
pelirrojo	adj	1.7316	redheaded | ginger
pelirrubio	adj	0.2613	blond
pellizcador	adj	0.0000	pinchy
pellizcar	v	0.3115	nip | pluck
pellizco	nm	0.2578	pinch
pelo	nm	2.9538	hair
pelonear	v	0.4113	shave
pelota	nf	2.9036	ball
pelota vasca	nmf	0.0005	basque pelota
pelotari	n	0.5514	player | pelota
pelotas	nf	0.5222	balls
pelotera	nf	0.7932	fight
pelotero	nm	0.9575	fight
pelotero	nmf	0.0762	ball player
pelotillero	adj	0.5479	sycophant | flatterer
pelotudez	nf	0.5573	stupidity
pelotudo	adj	0.6087	moron
pelta	nf	0.1603	buckler | pelta | peltarion | pelte | target shield
peltasta	nm	0.0223	peltast
peltre	nm	0.1699	pewter
peluca	nf	0.4428	wig
peluche	nm	0.3931	plush
peludo	adj	1.7451	hairy | furry
peluquería	nf	0.4690	hairdresser | hairdresser's | hairdressing salon | salon
peluquero	nm	0.6025	barber | hairdresser
pelvis	nf	0.3628	pelvis
pena	nf	2.4758	pain | penalty | punishment | feather
pena ajena	loc	0.0946	empathic embarrassment | secondhand embarrassment | vicarious embarrassment | vicarious shame
pena capital	nm	0.4694	capital punishment | death penalty
pena de muerte	nm	0.4479	death penalty | capital punishment
penacho rebeco	loc	0.0002	chamois hair
penal	nm	0.6901	penalty | gaol
penal	adj	1.2308	criminal
penalista	nm	0.0446	criminal lawyer | criminal attorney | criminal barrister
penco	adj	1.1282	poor
pendejada	nf	0.9698	trifle | dumbness
pendejo	nm	0.2627	pubes | pube
pender	v	0.3589	droop
pendiente	nf	0.8420	cant
pendular	adj	0.0386	pendular
péndulo	nm	0.4084	pendulum | flicker
pene	nm	5.6874	penis | cock | dick
penetrar	v	1.0335	penetrate | pierce
penetrarse	v	0.2428	see through
peniafobia	nf	0.0352	peniaphobia
penígero	adj	0.3385	winged | feathered
Peniná	prop	0.0002	Penina
península	nf	0.7584	peninsula
penitencia	nf	0.3913	penance
pensable	adj	0.1466	thinkable
pensador	adj	0.3663	thinker
pensamiento	nm	2.4344	thought | think | pansy | heartsease | malice | suspicion | intention | purpose
pensante	adj	0.1296	thinking
pensar	v	2.3780	think
pensar en la inmortalidad del cangrejo	loc	0.5715	daydream
pensativo	adj	0.6572	pensive
Pensilvania	prop	0.2012	Pennsylvania
pensión	nf	0.8499	pension
pentagonal	adj	0.1654	pentagonal
pentágono	nm	0.8620	pentagon
pentagrama	nm	0.7280	staff
pentasílabo	adj	0.0911	pentasyllabic
Pentateuco	n	0.2144	Pentateuch
pentatlón	nm	0.1093	pentathlon
pentecostalismo	nm	0.0003	pentecostalism
Pentecostés	nm	0.3565	Pentecost | Whitsunday
penthouse	nm	0.1468	penthouse
penúltimo	adj	0.4992	penultimate | last but one
peón	nm	1.0326	pawn
peonza	nf	0.9447	top
pepa	nf	0.5385	cleat | stud
pepe	nm	0.7612	dandy | fop
pepenador	nmf	0.1864	garbage collector | scavenger
pepino	nm	2.8914	cucumber
pepita	nf	0.3338	nugget
Pepito paga doble	loc	0.2226	shell game | thimblerig
peplo	nm	0.0773	peplos
peplómero	nm	0.0000	peplomer
pepónide	nmf	0.1180	pepo
peptídico	adj	0.0364	peptidic
péptido	nm	0.1262	peptide
peque	n	0.5113	kid
pequeñez	nf	0.1089	littleness | smallness
pequeñísimo	adj	0.0000	smallest
pequeño	adj	3.8148	small | little | kid
pequinés	nm	0.0003	pekingese
per diem	nm	0.0664	per diem
pera	nf	1.6347	pear
peral	nm	0.2601	pear tree
peralte	nm	0.0705	camber
percal	nm	0.2358	percale
percance	nm	0.3540	mishap
percatación	nf	0.1595	awareness
percatarse	v	0.0364	realise | realize
percebe	nm	0.3407	barnacle
percentil	nm	0.1222	percentile
percepción	nf	0.5111	perception
percepción extrasensoria	loc	0.1502	extrasensory perception
percepción extrasensorial	loc	0.1840	extrasensory perception
perceptrón	nm	0.0682	perceptron
percha	nf	0.0352	clothes hanger
perchero	nm	0.0800	coat rack
percherón	adj	0.0000	Percheron
percolación	nf	0.1577	percolation
percusión	nf	0.1502	percussion
percusionista	n	0.2393	percussionist
percutir	v	1.0235	hit | strike | percuss
perdedor	adj	0.5014	loser
perder aceite	loc	0.0129	sugar in one's tank
perder de vista	loc	0.0427	lose sight of
perder la cabeza	loc	0.1123	lose one's head
perderse	v	0.0007	be lost
perdida	nf	0.1964	missed call
pérdida	nf	0.9309	loss
perdido	adj	0.4379	lost
perdiendo también se gana	saying	0.4346	blessing in disguise | every cloud has a silver lining
perdiz	nf	0.8501	partridge
perdón	nm	1.5807	forgiveness | pardon
perdonable	adj	0.1338	forgivable
perdonar	v	0.7220	forgive | pardon
perdurable	adj	0.2949	long-lasting
perdurar	v	1.3805	last | to
perecer	v	1.3198	perish | die | pass away
peregrinación	nf	0.3870	pilgrimage
peregrino	adj	0.4341	wanderer
pereion	nm	0.0000	pereon
perejil	nm	1.2333	parsley
perengano	nmf	0.4009	so-and-so | thingamabob
perenne	adj	1.0289	perennial
perennemente	adv	0.0364	perennially
perennidad	nf	0.0000	perennity
perennifolio	adj	0.1842	evergreen
perestroika	nf	0.1757	perestroika
pereza	nf	1.2930	laziness | sloth
perezoso	nm	1.8276	sloth
perezoso	adj	1.7921	lazy
perfección	nf	0.4272	perfection
perfeccionista	adj	0.3253	perfectionist
perfectamente	adv	0.4010	perfectly | perfect
perfectivo	adj	0.1731	perfective
perfidia	nf	0.1712	perfidy
pérfido	adj	1.0487	perfidious
perfolla	nf	0.4505	husk
perforación	nf	0.1662	perforation | drilling
perforar	v	0.9225	pierce
performance	nf	0.2047	performance
perfume	nm	0.9143	perfume
perfumería	nf	0.2382	perfumery
perfusión	nf	0.1577	perfusion
pergamino	nm	1.0887	parchment
Pérgamo	prop	0.0004	Pergamo
pérgola	nf	0.2441	pergola | arbor | arbour
perianto	nm	0.1545	perianth
pericárdico	adj	0.0515	pericardial
pericardio	nm	0.1728	pericardium
pericardio fibroso	loc	0.0003	fibrous pericardium
pericarpio	nm	0.2569	pericarp
pericia	nf	0.3832	expertise
pericintio	nm	0.0946	periselene | pericynthion | perilune
peridoto	nm	0.3072	peridot
periferia	nf	0.2286	periphery
periférico	nm	0.2996	peripheral device
perifrástico	adj	0.2799	periphrastic
perigeo	nm	0.0825	perigee
perihelio	nm	0.2128	perihelion
perilla	nf	0.4125	goatee
perilunio	nm	0.0946	periselene | pericynthion | perilune
perimenopausia	nf	0.1480	perimenopause
perimetral	adj	0.0311	perimetric | perimetrical
perimétrico	adj	0.0311	perimetric | perimetrical
perímetro	nm	0.4588	perimeter
periné	nm	0.3047	perineum
perineal	adj	0.1078	perineal
perineo	nm	0.3346	perineum
periódicamente	adv	0.0657	periodically
periódico	nm	1.1401	newspaper
periodismo	nm	0.4179	journalism
periodista	nmf	0.6537	journalist
periodístico	adj	0.1524	journalistic
periodo	nm	1.7374	period | term
período	nm	1.9992	period | term
peripatético	adj	0.2484	peripatetic
periplo	nm	0.1152	periplus
periquito	nm	0.4100	parakeet
periscópico	adj	0.0499	periscopic
periscopio	nm	0.1468	periscope
periselenio	nm	0.0762	periselene | pericynthion | perilune
peristalsis	nf	0.1108	peristalsis
peristilo	nm	0.1115	peristyle
perito	adj	1.5901	expert
peritoneal	adj	0.0773	peritoneal
perjudicar	v	1.5983	damage | prejudice
perjudicial	adj	0.8215	harmful
perjuicio	n	0.8420	harm
perjurio	nm	0.1075	perjury
perla	nf	0.4851	pearl
Perla	prop	0.0129	Pearl
permanente	adj	0.7014	permanent
permanganato	nm	0.1030	permanganate
permanganato de potasio	nm	0.1502	potassium permanganate
permanganato de sodio	loc	0.0010	sodium permanganate
permansión	nf	0.0922	permanence
permeabilidad	nf	0.2300	permeability
permiso	nm	0.8472	permission
permitir	v	2.4941	allow | permit | let | accord | admit
permitividad	nf	0.0407	permittivity
permuta	nf	1.0052	exchange | swap
permutar	v	0.1255	permute
pernera	nf	0.5376	leg
pernicioso	adj	0.5808	pernicious
pero	nm	1.8438	apple | apple tree
pero	adv	1.2116	though
perogrullada	nf	0.3022	truism
peroné	nm	0.3113	fibula
peronismo	nm	0.0631	Peronism
peronista	adj	0.0341	Peronist
perorar	v	0.0515	perorate
perpendicular	adj	0.4904	perpendicular
perpetrar	v	0.0003	inflictperpetrate
perpetuación	nf	0.0407	perpetuation
perpetuamente	adv	0.3035	perpetually | forever
perpetuidad	nf	0.3759	perpetuity
Perpiñán	prop	0.1093	Perpignan
perplejidad	nf	0.4521	perplexity
perplejo	adj	0.3819	baffled | confused | perplexed
perra	nf	1.5481	bitch
perrete	nm	0.0129	poochie
perrito	nm	0.7946	doggy | doggie
perrito caliente	loc	0.4943	hot dog
perro	nmf	7.0310	dog | hound
perro	adj	0.0028	aligator clip
perro caliente	loc	0.5428	hot dog
perroflauta	adj	0.1992	crusty | gutter punk
perruno	adj	0.0405	doglike
persa	nm	1.8743	Persian | Farsi
persa	adj	0.0012	persian
persecución	nf	0.4050	persecution | pursuit
perseguir	v	0.9902	pursue | follow | stalk | harass | prosecute
perseidad	nf	0.0005	perseity
perseverancia	nf	0.7076	perseverance
persiana	nf	0.6834	blind
persignar	v	1.1280	cross
persignarse	v	1.2387	cross
persistencia	nf	0.4862	persistence
persistir	v	0.4648	persist
persona	nf	3.1468	person
personaje	nm	1.0246	character
personal	nm	0.4542	personnel
personalidad	nf	0.8592	personality
personalización	nf	0.0998	personalization
personalizar	v	0.1768	personalize | personalise
personificación	nf	0.1222	personification
perspectiva	nf	0.4942	perspective
perspectiva axonométrica	loc	0.0002	axonometric projection
perspectiva de género	loc	0.0004	gender perspective
perspectiva lineal	loc	0.0315	linear perspective
perspicacia	nf	0.0000	far-sightedness
perspicaz	adj	0.4600	perspicacious
persuasible	adj	0.0973	persuasive
persuasión	nf	0.1717	persuasion
persuasivamente	adv	0.0609	persuasively
persuasivo	adj	0.4070	persuasive
persuasor	adj	0.0417	persuader | persuading
persuasorio	adj	0.2753	persuasive
pertenecer	v	0.9562	belong | pertain
perteneciente	adj	0.2197	belonging
pertenencia	nf	0.3324	ownership
pértiga	nf	1.9932	pole
pertinente	adj	0.2185	pertinent
pertrechar	v	0.0000	accoutre
perturbación	nf	0.6056	disorder
perturbador	adj	0.3040	disruptive | disturbing | perturbing | troublemaker | unsettling | upsetting
perturbar	v	0.4583	perturb
Perú	n	0.9289	Peru
peruano	adj	0.5567	Peruvian
peruviano	adj	0.2275	Peruvian
perversidad	nf	0.2406	perversity
perversión	nf	0.3816	perversion
pesadilla	nf	0.7152	nightmare
pesado	adj	2.6312	heavy | deep | annoying
Pésaj	nm	0.2715	Passover | Pesach
pésame	nm	0.2845	condolences
pesario	nm	0.1137	pessary
pesca	nf	0.5289	fishing
pescadería	nf	0.2275	fishmonger's
pescadero	adj	0.5256	fishmonger
pescado	nm	1.6958	fish
pescador	nm	0.2628	fisher
pescar	v	2.4288	fish
pescatero	nmf	0.4736	fishmonger
pese a	loc	0.4866	despite | in spite of | regardless of
pesebre	nm	0.3490	manger
pesillo	nm	0.0002	pair of gold scales
pesimismo	nm	0.4438	pessimism
pesimista	adj	0.7392	pessimistic | pessimist
peso	nm	1.0473	weight
peso atómico	loc	0.3183	atomic weight
peso bruto	loc	0.0773	gross weight
peso muerto	loc	0.0964	deadlift
peso neto	loc	0.2865	net weight
pésol	nm	1.7830	pea
pestaña	nf	1.3114	eyelash | lash | tab
pestañear	v	0.4297	blink
pestañeo	nm	0.3980	wink
peste	nf	1.3797	Black Death | plague
peste negra	loc	0.0003	black death | black plague
pesticida	adj	0.2677	pesticide | pesticidal
pestífero	adj	0.2316	pestiferous
pestilente	adj	0.0000	pestilential
pestillo	nm	0.9368	bolt
pesto	nm	0.1108	pesto
petaamperio	nm	0.0003	petaampere
petaca	nf	0.5334	flask | fib
petacandela	nm	0.0003	petacandela
petafaradio	nm	0.0003	petafarad
petagramo	nm	0.0000	petagram
petahercio	nm	0.0000	petahertz
petajulio	nm	0.0182	petajoule
petakelvin	nm	0.0000	petakelvin
petalitro	nm	0.0182	petalitre
pétalo	nm	0.7286	petal
petámetro	nm	0.0000	petametre
petanca	nf	0.4336	pétanque | bowls
petanewton	nm	0.0003	petanewton
petaohmio	nm	0.0003	petaohm
petaquear	v	0.8046	to | ruin
petar	v	2.0473	fuck | hang | knock | please | to
petardo	nm	0.4817	firecracker
petasegundo	nm	0.0182	petasecond
petate	nm	0.5940	bluff | petate
petatearse	v	0.5042	croak
petavatio	nm	0.0000	petawatt
petavoltio	nm	0.0003	petavolt
petición	nf	0.9493	petition | request
petifoque	nm	0.0499	flying jib
petimetre	n	0.3918	fop
petirrojo	nm	0.4887	robin | robin redbreast
peto	nm	0.3533	breastplate
petricor	nm	0.2444	petrichor
petrificar	v	0.2736	petrify
petrificarse	v	0.2369	petrify
petrográfico	adj	0.0515	petrographic
petróleo	nm	2.6091	petroleum | oil | petrol
petrología	nf	0.0911	petrology
petulancia	nf	1.3482	arrogance | petulance
petulante	adj	0.8339	vain
peyorativo	adj	0.4212	pejorative
peyote	nm	0.1999	peyote
pez	nm	4.1631	fish
Pez Austral	prop	0.0003	The Sourthen Fish
pez de san Pedro	loc	0.0007	atlantic John Dory
pez dorado	loc	0.2116	goldfish
Pez Espada	prop	0.0007	The Goldfish | The Swordfish
pez gordo	loc	0.1603	head honcho
Pez Volador	prop	0.0003	The Flying Fish
pezón	nm	1.0671	nipple
pezpítalo	nm	0.2397	white wagtail
pezuña	nf	0.4900	hoof
Phnom Penh	prop	0.1932	Phnom Penh
Phoenix	prop	0.2917	Phoenix
phrasal verb	nm	0.0751	phrasal verb
Phuthaditjhaba	prop	0.0004	Phuthaditjhaba
pi	nm	0.7663	pi
piafar	v	0.6683	stamp | paw the ground
Piamonte	prop	0.1577	Piedmont
pianista	n	0.1917	pianist
piano	nm	1.8408	piano
piano de cola	loc	0.1108	grand piano
piano de media cola	loc	0.0386	baby grand | boudoir grand | parlor grand
piapoco	nm	0.9808	toucan
piara	nf	0.5268	herd | sounder
piastra	nf	0.1150	piastre
pibón	nm	0.2352	bombshell | knockout
picacho	nm	0.2439	peak
picachu	nm	0.2982	grinder
picadero	nm	0.0006	exercise ring
picador	nm	0.3706	grinder
picaflor	nm	0.9978	hummingbird
picante	adj	0.4321	spicy
picapica	nf	0.3549	gorse
picaporte	nm	0.2827	door handle | doorknob | knob
picar	v	2.7447	itch | puncture | burn | tease | mince
Picardía	prop	0.1551	Picardy
pícaro	adj	1.8063	cunning | crafty | erotic | unabashed
picarón	nm	0.0364	donut
picazón	nf	0.6229	itch
pichel	nm	1.6515	level
pichi	nm	0.0008	red-breasted blackbird
pichí	nm	0.6330	pee | piss
pichín pichán	loc	0.3056	so-so
pichula	nf	0.4367	dick
pícnic	nm	0.2491	picnic
pícnico	adj	0.0315	pyknic
picnómetro	nm	0.0364	pycnometer
picnosis	nf	0.0000	pyknosis
pico	nm	2.5838	beak | bill | pickaxe | pick | woodpecker | spout | peck
pico	adv	0.0025	peak my ass
picoamperio	nm	0.0000	picoampere
picocandela	nf	0.0003	picocandela
picofaradio	nm	0.0258	picofarad
picofeo	nm	0.7969	toucan
picogramo	nm	0.0315	picogram
picohercio	nm	0.0003	picohertz
picojulio	nm	0.0000	picojoule
picokelvin	nm	0.0000	picokelvin
picolitro	nm	0.0182	picolitre
picómetro	nm	0.0000	picometre
piconewton	nm	0.0000	piconewton
picoohmio	nm	0.0003	picoohm
picor	nm	0.0000	itchiness
picosegundo	nm	0.0604	picosecond
picota	nf	0.5714	pickaxe
picotear	v	0.9631	nibble | pick at
picotearse	v	0.2343	bicker | squabble
picovatio	nm	0.0000	picowatt
picovoltio	nm	0.0000	picovolt
pictográfico	adj	0.0258	pictographic
pictórico	adj	0.2151	pictorial
picuí	nf	0.0013	picui dove | picui ground dove
pidén	nm	0.0005	landbeck's rail
pie	nm	3.6841	foot | feet
pie de metro	loc	0.0000	vernier
pie de página	loc	0.1180	footer
piedad	nf	0.5778	piety
piedra	nf	4.4931	stone | rock
piedra angular	loc	0.0005	Cornerstone | cornerstone
piedra caliza	loc	0.3216	limestone
piedra filosofal	loc	0.0000	philosophers' stone
piedra pómez	loc	0.4767	pumice
piedra preciosa	loc	0.2168	precious stone
piedro	adj	0.6648	angry | mad | upset
piejo	nm	1.7555	louse
piel	nf	3.6284	skin | hide
pierna	nf	1.7399	leg
pierogi	nm	0.0981	pierogi
pieza	nf	1.7128	piece | ordinary | chessman | man
pigmentación	nf	0.0794	pigmentation
pigmento	nm	0.4252	pigment
pihuel	nm	0.0995	red-backed hawk
pila	nf	2.9797	pile | stack | basin | battery
pila bautismal	loc	0.2327	baptismal font
pila de agua bendita	loc	0.0003	holy water font
pilar	nm	0.2638	pillar
pilastra	nf	0.0794	pilaster
píldora	nf	0.9125	pill
pillaje	nm	0.3054	pillage | loot
pillo	n	1.2177	rascal | escorts
pilluelo	nm	0.2031	rascal
píloro	nm	0.1208	pylorus
piloso	adj	0.8827	hair | hairy
piloto	nm	0.1724	pilot light
pimentera	nf	1.0531	pepper | Brazilian pepper | chasteberry
pimentero	nm	0.1561	pepper pot
pimentón	nm	0.4467	paprika
pimienta	nf	2.0223	pepper
pimienta negra	loc	0.5919	black pepper
pimiento	nm	1.9347	bell pepper | pepper | capsicum
pimpante	adj	0.2034	cocky | boastful
pimpón	nm	0.2923	table tennis | ping pong | ping-pong
pináculo	nm	0.2991	pinnacle
pinar	nm	0.0892	pinery
pinball	nm	0.2311	pinball
pincel	nm	0.3390	paintbrush
pincelada	nf	0.6671	stroke
pincharse	v	0.3519	pierce
pinga	nf	0.5638	cock
pingajo	nm	0.4563	rag
pingüe	adj	0.0007	fat plump abundant copious
pino	nm	1.6445	pine | pine tree
pino negro	loc	0.1255	mountain pine | teocote pine | twisted leaf pine | european black pine
pino rodeno	loc	0.2563	maritime pine | cluster pine
pinocha	nm	0.2318	pine needle
pinrel	nm	0.8780	foot
pinta	nf	0.8090	pint
pintarrajar	v	0.2004	anoint
pintarrajear	v	0.2004	anoint
pintor	nmf	0.6203	painter
Pintor	prop	0.0003	Easel
pintor de cámara	loc	0.0004	court painter
pintura	nf	1.8496	painting | paint
pintura al óleo	loc	0.2474	oil painting
pintura al temple	loc	0.4628	tempera
pintura corporal	loc	0.0964	body painting
pinturero	adj	0.0815	show-off
pinyin	n	0.0000	pinyin
pinza	nf	0.7297	dart | tongs | pincer | clothes-peg
piña	nf	0.8345	pinecone | cone | piña
piñata	nf	0.2563	piñata | pinata
piñonera	nf	0.0258	cogset
pío	adj	1.0649	pious | gullible
piocha	nf	0.2974	goatee | badge
piojo	nm	2.3743	louse
piola	nf	0.8898	cord
piolet	nm	0.0000	piolet
piolín	nm	0.5922	cable
pion	nm	0.1791	pion
pionero	nm	0.3659	pioneer
pipa	nf	1.1813	sunflower seed | pipe
pipa de agua	loc	0.7967	hookah | narghile
pipar	v	2.3513	drink
pipeta	nf	0.1108	pipette
pipí	nm	0.3165	pee
pipirigallo	nm	0.2416	French honeysuckle | Italian sainfoin | Spanish sainfoin | cock's head | honeyplant | sulla clover
pique	nm	1.2691	spade | honey fungus
piqué	nm	0.0315	piqué
pira	nf	0.0006	burn at the stake
pirámide	nf	1.7156	pyramid
piraña	nf	0.7479	piranha
pirárselas	loc	0.4006	beat it | skedaddle
piratería	nf	0.6814	piracy | counterfeit
pirático	adj	0.0000	piratic | piratical
pirca	nf	0.4918	milestone | dry stonewall
pirenaico	adj	0.2666	Pyrenean
pírico	adj	0.5379	fire
piriforme	adj	0.0773	pear-shaped | pyriform
pirineo	adj	0.2571	Pyrenean
Pirineos	prop	0.1577	Pyrenees
pirinola	nf	0.4371	spinning top
piripi	adj	0.1502	tipsy
pirita	nf	0.6862	pyrite
piroclasto	nm	0.0182	pyroclast
pirólisis	nf	0.1709	pyrolysis
piromanía	nf	0.1201	pyromania
pirómano	adj	0.2252	pyromaniac
piromaquia	nf	0.0000	pyromachy
pirómetro	nm	0.0892	pyrometer
piropo	nm	0.8543	pyrope | compliment
piroquinesis	nf	0.0003	pryrokinesis
piróscafo	nm	0.2286	steamboat | steamship
piroxeno	nm	0.3020	pyroxene
Pirra	prop	0.0892	Pyrrha
pírrico	adj	0.0657	Pyrrhic
pirrolisina	nf	0.0000	pyrrolysine
pirsin	nm	0.1692	piercing
pirueta	nf	0.3390	twirl
pis	nm	0.8904	piss
pisapapeles	nm	0.1639	paperweight
pisapatatas	nm	0.1840	potato masher
pisar	v	1.0541	stamp | step
piscifactoría	nf	0.1701	fish farm
piscina	nf	1.6818	swimming pool | pool | fishpond
Piscis	prop	0.6865	Pisces
piscolabis	nm	0.1992	collation
pisgo	nm	0.3828	nipple
piso	nm	2.9429	flat | floor | stage
pisotear	v	0.9653	trample | abase
pispear	v	0.1914	peep | peer
pista	nf	1.6981	track | runway | clue | racetrack | ski run | ski slope
pistilo	nm	0.4993	pistil | pestle
pistolete	nm	0.0005	pistolshot
pitada	nf	1.1035	whistle
pitahaya	nf	0.0804	pitaya
pitanza	nf	0.1973	pittance
pitecántropo	nm	0.0003	pithecanthropus
pitido	nm	0.2659	beep
pitijopo	nm	1.1556	dragonfly
pitillera	nf	0.0002	cigarrete case
pito	nm	2.2375	whistle
pitón	nmf	0.4820	python
pitonisa	nf	0.2102	Pythia
piuquén	nm	0.0003	Andean goose
piuria	nf	0.0386	pyuria
pivotar	v	0.2191	pivot
pixel	nm	0.8002	pixel
píxide	nf	0.0846	pyx
piyama	nf	0.5439	pajamas
pizarra	nf	1.3069	shale | slate | chalkboard
pizarrón	nm	0.6072	blackboard | chalkboard
pizca	nf	1.3629	pinch
pizcar	v	0.0258	zip down
pizza	nf	1.4340	pizza | pie | pizza pie
pizzero	adj	0.0998	pizzamaker
placenta	nf	0.5322	placenta
placenteramente	adv	0.0364	pleasurably
placentero	adj	0.8850	pleasant | pleasurable
placer	nm	2.3999	pleasure | fun | appeal
placidez	nf	0.0997	placidity | placidness
plácido	adj	0.4059	placid
placiente	adj	0.2277	entertaining
placodermo	adj	0.0000	placoderm
placoso	adj	0.1473	gaudy
plaga	nf	0.7302	plague
plagiador	adj	0.0902	plagiarist
plagiario	nm	0.0902	plagiarist
plagio	nm	1.0088	plagiarism
plagiocefalia	nf	0.0631	plagiocephaly
plagioclasa	nf	0.0482	plagioclase
plaguicida	adj	0.2888	pesticide
plan	nm	1.5020	plan
plancha	n	1.8155	iron | griddle | ironing
planchabragas	nm	0.2915	henpecked
planchado	nm	0.2765	ironing
planchar	v	1.4514	iron
planctónico	adj	0.0386	planktonic
planeador	nm	0.3423	glider | sailplane
planear	v	1.6358	plan | glide
planemo	nm	0.0669	planemo
planeta	nm	1.5646	planet
planeta extrasolar	loc	0.0311	extrasolar planet
planeta rojo	loc	0.0006	red planet
planeta superhabitable	loc	0.0006	superhabitable planet
planicie	nf	1.3690	plain
planisferio	nm	0.0993	planisphere
plano	nm	1.2857	plane
plano	adj	1.3196	even
plano americano	loc	0.0005	american shot
plano de tres cuartos	loc	0.0005	american shot
plano inclinado	loc	0.1709	inclined plane
planta	nf	2.6308	plant | floor
planta de ostras	loc	0.3865	salsify | vegetable oyster
planta medicinal	loc	0.1947	herb
plantígrado	adj	0.1654	plantigrade
plantilla	nf	0.4793	template
plánula	nf	0.0000	planula
plañir	v	0.5840	bemoan | wail | bewail | lament
plasma	nm	0.2749	plasma
plasmar	v	0.3596	shape
plasmarse	v	0.2543	shape
plasmático	adj	0.0386	plasmatic | plasmic
plásmido	nm	0.1115	plasmid
plasmogamia	nf	0.0446	plasmogamy
plasmón	nm	0.1208	plasmon
plasticidad	nf	0.1519	plasticity
plasticina	nf	0.0000	modelling clay | plasticine
plástico	nm	0.3392	plastic | credit card
plastificar	v	0.0879	plasticize | plasticise
plastiglomerado	nm	0.0515	plastiglomerate
plastilina	nf	0.0000	plasticine | modelling clay
plata	nf	4.0997	silver
plataforma	nf	1.0042	platform
platanar	nm	0.0004	banana plantation
plátano	nm	3.7304	plane | banana | plantain | sycamore | sycamore maple
plátano falso	loc	0.5134	sycamore | Scottish maple | great maple
plateado	adj	0.7193	silvery | silver-plated
platelminto	nm	0.3048	flatworm
platero	nm	0.5349	silversmith | band-tailed sierra finch
platicar	v	3.1354	chat
platillo volador	loc	0.4229	flying saucer
platinífero	adj	0.0576	platiniferous
platino	nm	0.8987	platinum
platito	nm	0.1995	saucer
plato	nm	1.9926	plate | course | dish
plató	nm	0.6391	board
plausibilidad	nf	0.0628	plausibility
plausible	adj	0.5522	plausible
plausiblemente	adv	0.0352	plausibly
playa	nf	2.8536	beach | strand
plaza	nf	1.9433	square | place
plazo	nm	0.4863	deadline | time limit
pleamar	nf	0.7514	high tide
plebe	nf	0.5023	plebs
plebeyo	adj	0.4653	plebeian | plebian
plegable	adj	0.1108	folding
plegadizo	adj	0.1744	pliable
plegar	v	1.2905	fold | crease
plegaria	nf	1.1733	prayer
pleistoceno	adj	0.0003	pleistocene
pleita	nf	0.4640	mat
pleitear	v	0.1486	plea
pleitesía	nf	0.2416	accomplishment
pleito	nm	1.2834	fight | lawsuit
plenilunio	nm	0.3102	full moon
plenitud	nf	0.2258	fullness
pleno	adj	0.1166	plenum
pleomorfismo	nm	0.0000	pleomorphism
pleon	nm	0.0000	pleon
pleonasmo	nm	0.4584	pleonasm
plesiosaurio	nm	0.0835	plesiosaur
pletórico	adj	0.2199	plethoric
pleurocárpico	adj	0.0386	pleurocarpous
pleurocarpo	adj	0.0386	pleurocarpous
plexo	nm	0.1038	plexus
pliego	nm	0.0874	piece of paper
pliegue	nm	0.6403	crease | fold
plioceno	adj	0.0003	pliocene
plisar	v	0.1100	pleat
plomada	nf	0.0000	plumb-bob
plomo	nm	4.1718	lead
plomo	adj	2.2018	gray | grey
pluma	nf	2.3481	feather
plumado	adj	0.0003	plumety
plúmbeo	adj	0.8219	leaden
plumín	nm	0.3070	nib
plumofobia	nf	0.1159	sissyphobia | effeminiphobia
plumón	nm	0.1257	marker
plural	nm	0.3549	plural
pluralia tantum	loc	0.0669	plurale tantum
pluralidad	nf	0.3313	plurality
pluricelular	adj	0.0902	multicellular
plurilingüe	adj	0.9625	multilingual | plurilingual
plusvalor	nm	0.3091	surplus value
plutino	nm	0.0892	plutino
plutocracia	nf	0.3390	plutocracy
plutocrático	adj	0.1152	plutocratic | plutocratical
plutoide	nm	0.0288	plutoid
Plutón	nm	0.8217	Pluto
plutonio	nm	0.6055	plutonium
pluviométrico	adj	0.0000	pluviometric | pluviometrical
pluviómetro	nm	0.0352	pluviometer
pluvioso	nm	0.6355	rainy
pluviselva	nf	0.3679	tropical rainforest
PNL	nf	0.0258	NLP
población	nf	2.1055	population
poblado	nm	0.7107	town
poblador	adj	0.6304	settler
poblar	v	0.1244	inhabit
pobremente	adv	0.2111	poorly
pobreza	nf	1.5594	poverty
pochocho	nm	0.3571	popcorn
pocilga	nf	0.8738	pigsty
poco a poco	loc	0.2144	little by little
póculo	nm	0.0000	poculum
poda	nf	0.1319	pruning
podadera	nf	0.0407	clippers
podar	v	1.4140	to | prune
pódcast	nm	0.6882	podcast
podenco	nmf	0.3479	hound
poder	v	1.0258	may
poder absoluto	loc	0.0003	absolut power
poder de decisión	nm	0.6401	say
poder de resolución	loc	0.0762	resolving power
poder ejecutivo	loc	0.0004	executive power
poder judicial	nm	0.0003	judicial power
poder legislativo	loc	0.0003	legislative power
poderes públicos	nm	0.5015	state
poderoso	adj	0.4082	almighty
podio	nm	0.2134	podium
podofilia	nf	0.0311	podophilia
podrecer	v	0.4149	blacken
podredumbre	nf	1.4586	putrefaction | decay
podredumbre mental	loc	0.0000	brainrot
podrido	adj	0.8883	rotten
podsol	nm	0.0773	podzol
podsolización	nf	0.0182	podzolization | podzolizing
podsolizar	v	0.0129	podzolize
podsolizarse	v	0.0129	podzolize
podzolización	nf	0.0182	podzolization | podzolizing
poema	nm	2.2067	poem
poema sinfónico	loc	0.1030	symphonic poem | tone poem
poesía	nf	0.7119	poetry
poeta	nmf	0.0015	poet
poéticamente	adv	0.0546	poetically
poético	adj	0.3346	poetic
pogo	nm	0.0364	pogo
pogromo	nm	0.6501	pogrom
poiquilotermo	adj	0.0515	poikilothermic
pokayoke	nm	0.0000	poka-yoke
polaco	adj	0.8141	Pole
polaina	nf	0.0000	legwarmer
polar	adj	0.2898	polar
polaritón	nm	0.0386	polariton
polarización	nf	0.1669	polarization
polarizar	v	0.0854	polarize
polarón	nm	0.0773	polaron
polea	nf	0.8237	pulley
polen	nm	0.2471	pollen
polenta	nf	0.0628	polenta
polera	nf	0.5585	T-shirt | polo-neck shirt
poliarquía	nf	0.1221	polyarchy
policarbonato	nm	0.2140	polycarbonate
policía	nf	1.6770	police
policía	n	1.5003	police officer
policía secreta	loc	0.1201	secret police
policotiledón	adj	0.0000	polycotyledon
policotiledóneo	adj	0.0364	polycotyledonous
policromía	nf	0.0729	polychromy
polideportivo	nm	0.0576	sports center
polidipsia	nf	0.0000	polydypsia
poliedro	nm	0.2410	polyhedron
poliéster	nm	0.1222	polyester
polietileno	nm	0.2182	polyethylene
polifagia	nf	0.0546	polyphagia
poligamia	nf	0.7935	polygamy
poliginia	nf	0.0835	polygyny
poligloto	adj	0.8075	polyglot
polígloto	adj	0.8707	polyglot
polígono	nm	0.9395	polygon
polígono regular	loc	0.0386	regular polygon
poligrafía	nf	0.0000	polygraphy
polígrafo	nm	0.0839	polygraph
polilla	nf	0.5008	moth
polímata	n	0.7466	polymath | polyhistor
polimatía	nf	0.0669	polymathy
polímero	nm	0.2115	polymer
Polinesia Francesa	n	0.0815	French Polynesia
polinesio	adj	0.1862	Polynesian
polineuropatía	nf	0.0773	polyneuropathy
polinización	nf	0.4127	pollination
polinizar	v	0.1014	pollinate
polinomio	nm	0.1491	polynomial
polisacárido	nm	0.0854	polysaccharide
polisemia	nf	0.3279	polysemy
polisémico	adj	0.1361	polysemous | polysemic
politécnico	adj	0.0561	polytechnic
politeísmo	nm	0.6195	polytheism
politeísta	adj	0.1654	polytheist | polytheistic
política	nf	0.4593	politics | policy
políticamente	adv	0.1208	politically
políticamente correcto	loc	0.2455	politically correct
políticamente incorrecto	loc	0.0604	politically incorrect
político	nmf	0.2260	politician
politizar	v	0.1845	politicize
poliuria	nf	0.1821	polyuria
polizón	nmf	0.8613	bustle | stowaway
polla	nf	2.1833	common moorhen | prick | dick | chick | kitty | pool | pullet
pollada	nf	0.0007	flock of young fowls
pollera	nf	0.8289	skirt
polleruda	adj	0.2699	henpecked
pollerudo	adj	0.5614	henpecked
pollo	nm	2.1772	chicken | chick | gob
polluelo	nm	1.3998	chick
polo	nm	1.4781	pole | polo
polola	nf	0.7704	girlfriend
pololear	v	1.5834	date | go out
pololo	nm	0.4502	knickerbockers | pantaloons | pantalettes
Polonia	n	1.0684	Poland
polonio	nm	0.5161	polonium
poltergeist	nm	0.1524	poltergeist
polvareda	nf	0.0005	dust cloud
polvo	nm	1.0234	dust | powder
polvo cósmico	loc	0.1313	cosmic dust | space dust
pólvora	nf	0.3720	gunpowder
polvoriento	adj	0.3710	dusty
polvorizar	v	0.0576	pulverize
pomelo	nm	0.7050	grapefruit
pómez	nf	0.8236	pumice
pomífero	adj	0.0405	pomiferous
pomológico	adj	0.0729	pomological
pompeyano	adj	0.0000	Pompeian | Pompeiian
pomposamente	adv	0.0705	pompously
pomposo	adj	0.3984	pompous
pómulo	nm	0.1316	zygomatic bone | cheek bone
poncho	nm	0.3434	poncho
ponderable	adj	0.0546	ponderable
ponderar	v	0.6445	weigh
poner	v	2.0106	put
poner de patitas en la calle	loc	0.0000	kick to the curb | throw out in the cold
poner la mente de uno en algo	loc	0.0129	put one's mind to it
poner la mesa	loc	0.0446	lay the table | set the table
poner los cachos	loc	1.2321	cheat | cuckold
poner los cuernos	loc	1.4948	cuckold | cheat
ponerse	v	0.8222	put on
ponerse en contacto	loc	0.2421	contact
poni	nm	0.1496	pony
ponible	adj	0.1446	wearable
pontífice	nm	0.1928	pontiff
pontificio	adj	0.0946	pontifical
popa	nf	1.3144	stern | poop
popote	nm	1.0813	drinking straw | straw
populación	nf	0.5826	population
popularidad	nf	0.2891	popularity
popularizar	v	0.2389	popularise
póquer	nm	0.3105	poker
poquitico	adv	0.0002	(a) tiny little bit (of)
poquito	adv	0.0005	(a) little
por		2.4979	for | by
por angas o por mangas	loc	0.0986	by hook or by crook
por arte de birlibirloque	loc	0.0604	as if by magic
por cierto	loc	0.5659	by the way
por consiguiente	loc	1.6953	so | therefore | thus | consequently
por doquiera	loc	0.0003	everywhere wherever
por ejemplo	loc	1.9605	for example | for instance
por ende	loc	0.4771	therefore
por eso	loc	0.9034	why
por excelencia	loc	0.1966	par excellence
por favor	loc	1.4553	please
por lo bajini	loc	0.0493	on the Q.T.
por lo mucho	loc	0.1130	at most
por lo que a mí respecta	loc	0.0427	as far as I'm concerned
por lo que respecta a	loc	0.2739	concerning | respecting | regarding
por los clavos de Cristo	interj	0.0813	gadzooks | zounds
por partes	loc	0.1572	step by step
por qué	loc	0.9947	why
por tanto	loc	1.9541	therefore | so
porcelana	nf	0.4991	porcelain | china
porcentaje	nm	0.5142	percentage
porche	nm	0.4221	porch
porciento	nm	0.2036	percent
porcino	adj	0.2543	porcine
porción	nf	1.1602	portion | piece | slice
pordiosero	adj	0.2559	beggar
porfía	nf	1.1970	quarrel | insistence
porfiado	nm	0.9714	roly-poly | tilting doll | tumbler | weeble | wobbly man
pórfido	nm	0.0972	porphyry
pormenor	nm	0.4608	detail
porno	adj	0.1137	porn
pornografía	nf	0.4961	pornography
pornográfico	adj	0.4529	pornographic
poro germinal	n	0.0000	germ pore
poroso	adj	0.1375	porous
poroto	nm	1.3836	bean
porque		2.2256	because
porquería	nf	0.1608	dirtiness
porqueriza	nf	0.7499	pigsty
porra	nf	2.1173	club | night stick
porrazo	nm	0.7411	erection
porrear	v	0.2761	crush
porrista	n	0.3139	cheerleader
porro	nm	3.7597	joint | spliff | leek
porrón americano	loc	0.2260	redhead
portaaviones	nm	0.4720	aircraft carrier
portada	nf	2.0562	cover | front page | facade | title page
portaequipaje	nm	0.0005	roof luggage rack
portahelicóptero	nm	0.0258	helicopter carrier
portahelicópteros	nm	0.0258	helicopter carrier
portal	nm	1.3760	gate | manger | stable | entrance hall | hallway | vestibule
portalápiz	nm	0.4677	pencil case | pencil holder
portaminas	nm	0.0978	leadholder | mechanical pencil
portañuela	nf	0.9040	port | fly | porthole
portátil	adj	0.6180	portable
portátil	n	0.7950	laptop
portavasos	nm	0.5300	coaster
portaviones	nm	0.4857	aircraft carrier
portavoz	nmf	0.5084	spokesperson | spokeswoman | spokesman
portazgo	nm	0.4454	toll | tollbooth
portento	nm	0.9331	wonder
portero	nmf	1.0792	gatekeeper | doorman | goalkeeper | caretaker
pórtico	nm	0.3854	portico
portorriqueño	adj	0.4664	Puerto Rican
portuario	adj	2.7363	port
Portugal	n	1.6305	Portugal
portugués	nm	1.6713	Portuguese
porvenir	nm	0.8004	future
posadero	nm	0.2862	innkeeper
posadolecente	adj	0.0000	postadolescent
posar	v	3.1725	pose | sit for | stay | lodge | rest | settle | alight | perch
posavasos	nm	0.5300	coaster
pose	nf	0.3847	bearing
poseer	v	1.0356	possess
posesión	nf	0.5274	possession
posesionar	v	0.1726	possess
posesivamente	adv	0.0000	possessively
posesor	n	0.0005	possesor
posfeminismo	nm	0.0004	posfeminism
posfordismo	nm	0.0005	Postfordism
posgrado	nm	0.0002	graduate studies
posguerra	nf	0.1129	post-war
posibilidad	nf	0.8131	possibility
posiblemente	adv	0.8148	maybe | possibly
posición	nf	1.4509	position
pósit	nm	0.0000	post-it
positivo	nm	0.7476	positive
positrón	nm	0.2891	positron
positrónico	adj	0.0315	positronic
positronio	nm	0.0892	positronium
posmodernidad	nf	0.0499	postmodernity
posmodernismo	nm	0.2382	postmodernism
posmodernista	adj	0.1943	postmodernist
posmoderno	adj	0.0751	postmodern
posología	nf	0.1137	posology
posponer	v	0.7785	postpone
posproducción	nf	0.1546	post-production
post-it	nm	0.0000	post-it
postal	adj	0.4257	postal
postal	nf	0.7142	postcard
poste	nm	0.3152	jamb
póster	nm	0.5462	poster
postergar	v	0.4740	postpone | put off
posteridad	nf	0.1679	posterity
posterior	adj	0.0005	back, tail
postfordismo	nm	0.0005	Postfordism
postigo	nm	0.3888	shutter
postillón	nm	0.1130	postilion
postit	nm	0.0000	post-it
postmodernidad	nf	0.0499	postmodernity
postmoderno	adj	0.0920	postmodern
postración	nf	0.1992	prostration
postrero	adj	0.7970	last
póstumo	adj	0.3333	posthumous
postura	nf	0.3116	posture
posturear	v	0.4157	show off | posture
potable	adj	0.3613	drinkable | passable
potar	v	0.7192	puke | throw up | vomit
potasio	nm	0.4825	potassium
potencia	nf	2.5425	power
potencialidad	nf	0.0364	potentiality | virtuality
potencialmente	adv	0.1112	potentially
potente	adj	0.5545	powerful | potent | mighty
potestad	nf	0.6567	power
potingue	nm	0.5511	beverage
potofobia	nf	0.0005	potophobia
potomanía	nf	0.1546	dipsomania | potomania
potro	nm	1.5627	foal | colt
pozo	nm	2.6388	well | pit
práctica	nf	1.1956	internship | practice
practicar	v	0.5699	practice
prácticas	nf	0.1444	internship
práctico	nmf	1.2860	pilot
práctico	adj	0.3774	pragmatic
pradera	nf	0.3508	prairie | grassland
prado	nm	0.9307	meadow
Praga	prop	0.4405	Prague
pragma	nm	0.0000	pragma
pragmáticamente	adv	0.0364	pragmatically
pragmatismo	nm	0.4012	pragmatism
praseodimio	nm	0.4903	praseodymium
preámbulo	nm	0.4394	preamble
prebenda	nf	0.5078	dowry
precámbrico	adj	0.0004	precambrian
precariado	nm	0.0955	precariat
precaución	nf	0.9591	caution | precaution
precaver	v	1.0356	prevent
preceder	v	0.1483	precede
precepto	nm	2.1252	precept | order | commandment
preceptor	nmf	0.0739	preceptor
precerámica	nf	0.0000	preceramic
precinto	nm	1.3797	seal
precio	nm	1.2714	price
precipicio	nm	0.4874	precipice
precipitación	nf	0.5711	precipitation
precipitoso	adj	0.2356	pending
precisión	nf	0.4352	precision | accuracy
preciso	adj	0.9675	formal
precolombino	adj	0.0657	pre-Columbian
precomisionado	nm	0.0002	pre-commissioning
predador	nm	0.3810	predator | pillager | plunderer
predecesor	adj	0.4395	predecessor
predecible	adj	0.1681	predictable
predecir	v	0.6502	predict | foretell
predeterminación	nf	0.0405	predetermination
predeterminar	v	0.1432	predetermine | foredetermine
predicado	nm	0.1826	predicate
predicamento	nm	0.2002	predicament
predicar	v	0.3601	preach
predicción	nf	0.5423	prediction
predilección	nf	0.3472	predilection
predominación	nf	0.0963	predominant
predominancia	nf	0.0963	predominant
predominante	adj	0.2325	predominant
preeclampsia	nf	0.0000	pre-eclampsia | preeclampsia
preeminente	adj	0.0963	preeminent
preescolar	adj	0.2044	preschool
preescolar	nm	0.4253	kindergarten
preexistir	v	0.0575	preexist
prefabricación	nf	0.0482	prefabrication
prefacio	nm	1.2481	preface | preamble | foreword
prefación	nf	0.5510	preface
preferible	adj	0.1180	preferable
preferir	v	0.8518	elect
prefiguración	nf	0.0364	prefiguration
prefijo	adj	0.3981	prefix
prefrontal	adj	0.0482	prefrontal
pregonar	v	0.7491	betray | announce | advertise
pregonero	nm	0.0008	common crier
pregunta	nf	1.9706	question
preguntar	v	1.5806	ask
prehispánico	adj	0.0000	prehispanic
prehistoria	nf	0.5641	prehistory
prehistórico	adj	0.0000	prehistorical
prejuiciado	adj	0.1648	prejudiced
prejuiciar	v	0.1690	prejudice
prejuicio	nm	0.4781	prejudice
prejuicioso	adj	0.1139	prejudicial
prejuzgar	v	0.1496	prejudge
prelado	nm	0.3194	prelate
preludio	nm	0.2576	prelude
premamá	adj	0.1465	maternity | dressaccessories
prematuramente	adv	0.2010	prematurely
premaxilar	nm	0.0258	incisive bone
premedicación	nf	0.0407	premedication
premiar	v	1.2600	crown
premio	nm	1.3230	award | prize | premium
Premio Nobel	loc	0.2457	Nobel Prize
premonición	nf	0.6927	premonition
premura	nf	0.7535	attention
prenda	nf	1.5547	pledge | garment
prender	v	2.1515	ben | catch | fix
prenderse	v	0.4879	catch
prensa	nf	0.8264	press
prensa escrita	loc	0.5060	press
prensar	v	0.2922	press
prensil	adj	0.0892	prehensile
preñar	v	0.2302	impregnate
preocupación	nf	1.0139	worry | care
preocupar	v	0.5924	concern
prepandémico	adj	0.0740	prepandemic
preparación	nf	0.6302	preparation
preponderancia	nf	0.3535	preponderance | superiority
preponderante	adj	0.0498	preponderant
preposición	nf	0.3508	preposition
preposicional	nm	0.1835	prepositional
prepotencia	nf	0.0386	prepotency
preproducción	nf	0.0341	pre-production
prepucio	nm	0.7643	foreskin | prepuce
prerrogativa	nf	0.3303	prerogative
presa	nf	0.7880	prey
presagiar	v	0.4776	foresee
presbicia	nf	0.2433	presbyopia
presbiope	adj	0.0000	presbyope
présbita	adj	0.0000	presbyope
présbite	adj	0.0000	presbyope
presbiteriano	adj	0.0000	presbyterian
presbiterio	nm	0.1056	presbytery
presbítero	nm	0.1014	presbyter
presciencia	nf	0.1391	prescience | foreknowledge
prescribir	v	0.3950	prescribe | enjoin
presencia	nf	1.0138	presence | appearance
presentación	nf	0.6365	presentation
presente	interj	1.7612	present
presente	nm	1.9791	present tense | gift
presentimiento	nm	1.1601	feeling
preservación	nf	0.1558	preservation | perpetuation
presidencia	nf	0.3069	presidency
presidencial	adj	0.1502	presidential
presidencialismo	nm	0.0000	presidentialism
presidiario	nm	0.4530	convict
presidir	v	0.1784	preside
presión	nf	0.1733	pressure
presión atmosférica	loc	0.2218	atmospheric pressure
presionar	v	1.2753	push
preso	adj	0.7989	prisoner | captive
presocrático	adj	0.0003	presocratico
prestación	nf	0.6614	benefit
préstamo	nm	0.5227	loan
prestar	v	0.9634	lend | pay | render | borrow
prestidigitador	nm	0.1814	prestidigitator
prestigio	nm	0.5674	prestige
presunción	nf	0.7439	presumption
presuncioso	adj	0.3425	conceited | egoistical | egotistical | vain
presuntuoso	adj	0.3940	bumptious
presuposición	nf	0.0981	presupposition
presupuestal	adj	0.1451	budgetary
presupuestar	v	0.6255	budget
presupuestario	adj	0.1451	budgetary
presupuesto	nm	0.7801	budget | presupposition
pretender	v	1.1531	aim | to pretend | try
pretensión	nf	0.0315	pretence | pretension | pretention
preterición	nf	0.0481	praeteritio
pretérito	nm	0.0005	Past simple
pretérito imperfecto	loc	0.3179	imperfect
pretérito pluscuamperfecto	loc	0.1137	past perfect
pretermisión	nf	0.0352	pretermission
pretexta	nf	0.4630	excuse
pretexto	nm	0.9235	pretext
pretil	nm	0.2201	windowsill
pretor	nm	0.1708	praetor
pretzel	nm	0.2901	pretzel
prevaleciente	adj	0.3827	prevalent
prevalencia	nf	0.0966	prevalence
prevalente	adj	0.3382	prevalent
prevaricar	v	0.0963	prevaricate
prevaricato	nm	0.1880	prevarication
prevención	nf	0.4082	prevention
prevenir	v	0.8065	appear
preventivo	adj	0.1480	preventive
previo	adj	0.6666	previous | prior
previsión	nf	0.4120	foresight
priapismo	nm	0.3441	priapism
prima de riesgo	loc	0.1281	risk premium
prima donna	loc	0.1272	prima donna
primado	nm	0.4112	primate
primaria	nf	0.3749	primary | (election) | primary school
primaria presidencial	loc	0.0003	presidential primary
primarias	nf	0.3247	primary | primary election
primario	adj	0.9051	primary
primate	nm	0.2374	primate
primate	adj	0.0000	primatical
primatológico	adj	0.0003	primatologic | primatological | primatologico
primavera	nf	4.9362	spring | springtime
primaveral	adj	0.1571	springlike
primera	adj	0.0631	eleventh grade
Primera Guerra Mundial	loc	0.0386	First World War
primera persona	loc	0.2423	first person
primeramente	adv	0.6916	firstly
primerizo	adj	1.6241	first | newbie | timer
primero	adj	2.3678	first
primeros auxilios	loc	0.2624	first aid
primevo	adj	0.2947	primeval
primicia	nf	0.4981	scoop | firstfruit
primicias	nf	0.0000	firstfruits
primigenio	adj	0.5955	primeval
primípara	nf	0.1257	primipara
primitivo	adj	0.4741	primitive
primo	nmf	1.3678	cousin
primogénito	adj	0.4291	firstborn
primor	nm	0.4050	excellence
primordial	adj	0.5166	primordial
principado	nm	0.2732	principality
principados	nm	0.0182	principalities
principalmente	adv	0.2429	chiefly
principar	v	0.5773	to | (as a prince) | rule
principiante	adj	0.7037	novice
principiar	v	0.6729	begin
principio	nm	1.7316	beginning | principle
principio activo	loc	0.0705	active ingredient
principio antrópico	loc	0.0682	anthropic principle
principios	nm	0.0892	front matter
prior	adj	0.3866	prior
priorato	nm	0.1288	priory
prioridad	nf	0.5937	priority
prioritario	adj	0.0000	prioritised
prioste	nm	0.2265	prior | butler
Prípiat	prop	0.1457	Pripyat
prisa	nf	0.5344	haste | hurry
prisión	nf	1.6846	prison
prisionero	nmf	0.7989	prisoner
privacidad	nf	0.5118	privacy
privar	v	0.7043	booze | drink | deprive
privarse	v	0.3219	deprive
privatizar	v	0.2898	privatize
privilegiado	adj	0.1313	privileged
privilegiar	v	0.2795	privilege
privilegio	nm	0.5349	privilege
proa	nf	2.9397	bow | prow
probabilístico	adj	0.0682	probabilistic
probable	adj	0.5292	probable | likely | provable
probablemente	adv	0.4185	probably
probar	v	1.2276	test | taste | prove | try on
probarse	v	0.6775	fit
probeta	nf	0.0004	culture tube | test tube
probidad	nf	0.1959	probity
problema	nm	2.6671	problem | trouble | issue
problemático	adj	0.1673	problematic
procarionte	adj	0.1078	prokaryote
procariota	adj	0.0864	prokaryotic
procedencia	nf	0.7060	source
procedimiento	nm	0.5740	process
procela	nf	2.1468	storm | gale | squall
proceloso	adj	0.6261	stormy
proceso	nm	0.4755	process
proceso isotérmico	loc	0.0003	isothermal process
proclamación	nf	0.3542	proclamation
proclamar	v	0.5664	proclaim
proclítico	adj	0.1313	proclitic
proclividad	nf	0.2092	proclivity
procónsul	nm	0.1170	proconsul
procrastinación	nf	0.3020	procrastination
procrastinador	nf	0.0288	ne'er-do-well
procrastinar	v	0.4552	procrastinate
procrear	v	0.2382	procreate
proctología	nf	0.2247	proctology
proctológico	adj	0.0000	proctological
proctólogo	nm	0.0997	proctologist
procurar	v	1.3855	deliver
procurarse	v	0.7272	buy
procústeo	adj	0.0223	procrustean
prodal	nm	0.0003	Khmer boxing | Kun Khmer | pradal serey
prodigar	v	0.7078	squander | waste
prodigio	nm	0.4009	prodigy
pródigo	adj	0.5419	spendthrift
prodrómico	adj	0.0386	precursory | prodrome | prodromous
producción	nf	0.9139	production
producidor	adj	0.2690	producer | producing
producir	v	1.6546	produce
producirse	v	0.5706	produce
productividad	nf	0.4524	productivity
productivo	adj	0.6046	productive
producto	nm	1.3600	product
proel	adj	0.0000	bowsman
proemio	nm	0.0546	proem
proeza	nf	0.4837	prowess | feat
profanación	nf	0.0407	profanation
profanar	v	0.6793	defile | desecrate
profármaco	nm	0.0604	prodrug
profase	nf	0.0892	prophase
profecía	nf	0.6814	prophecy
proferir	v	0.7109	utter | profer | pronounce
profesión	nf	1.6593	profession | occupation
profesionalmente	adv	0.0892	professionally
profesor	nmf	3.1247	professor | teacher
profeta	nmf	0.0016	prophet
profetar	v	0.3143	prophesy
profético	adj	0.3777	prophetic
profetizar	v	0.6413	prophesy
profilaxis	nf	0.6085	prophylaxis
profligar	v	0.6666	to | overcome | strike
profundidad	nf	0.7410	depth | profundity
profundo	adj	2.2258	deep | profound | abstruse
profusamente	adv	0.0660	profusely
profuso	adj	0.3503	profuse
progenitor	nmf	0.9227	progenitor
progeria	nf	0.2702	progeria
progesterona	nf	0.0773	progesterone
prognatismo	nm	0.1893	prognathism
prognosis	nm	0.2535	prognosis | forescast | prognostication
programa	nm	0.7932	program | programme
programable	adj	0.0561	programmable
programación	nf	0.9143	programming | computer programming | programs
programación orientada a objetos	loc	0.1411	object-oriented programming
programar	v	1.3479	program | set | plan | schedule | code
progresar	v	0.8444	progress
progresión	nf	0.5269	progression
progreso	nm	1.2246	progress
prohibición	nf	0.8137	prohibition | ban
prohibido	adj	0.4097	forbidden
prohibido el paso	loc	0.0003	no passage
prohibir	v	1.7444	prohibit | forbid | ban
prohibitivo	adj	0.2300	prohibitive
prolativo	n	0.0000	prolative
prole	nf	0.8539	offspring
proletariado	nm	0.3391	proletariat
proletario	adj	0.5366	proletarian
proletarización	nf	0.0815	proletarianization
proletarizar	v	0.0341	proletarianize
prolífico	adj	0.2807	prolific
prolijamente	adv	0.2712	thoroughly
prolina	nf	0.0773	proline
prólogo	nm	0.8950	prologue | prolog
prolongación	nf	0.2764	prolongation
prolongador	adj	0.0182	prolonger
prolongamiento	nm	0.0444	prolongment
prolongar	v	0.5760	prolong
prolongarse	v	0.1440	prolong
promesa	nf	0.2431	promise
prometedor	adj	0.3802	promising | auspiciously
Prometeo	prop	0.3378	Prometheus
prometio	nm	0.4938	promethium
prominencia	nf	0.2660	prominence
promiscuidad	nf	0.1199	promiscuity
promiscuo	adj	0.3114	promiscuous
promisorio	adj	0.2204	promising | promissory
promoción	nf	0.9024	promotion
promocionar	v	0.0939	publicise
promontorio	nm	0.4081	promontory
promover	v	0.6988	promote
promulgación	nf	0.1446	promulgation
promulgar	v	0.7043	issue
pronación	nf	0.0604	pronation
pronombre	nm	0.8105	pronoun
pronombre personal	loc	0.4781	personal pronoun
pronombre reflexivo	loc	0.0854	reflexive pronoun
pronominal	adj	0.2392	pronominal
pronosticador	adj	0.0407	forecaster | forecasting
pronosticar	v	1.0274	forecast | prognosticate
pronóstico	nm	0.2111	prognostic
pronto	adj	1.3125	ready
pronunciación	nf	0.5323	pronunciation
pronunciar	v	1.0081	pronounce
propagación	nf	0.3507	propagation
propagandista	adj	0.2326	propagandist
propagandístico	adj	0.0864	propagandistic
propagar	v	0.5550	propagate
proparoxítono	adj	0.2152	proparoxytone
propedéutica	nf	0.0003	propaedeutics | propedeutics
propedéutico	adj	0.1123	propaedeutic
propender	v	0.3167	tend
propiedad	nf	1.7001	property | ownership
propietario	adj	0.6018	proprietary | owning
propina	nf	1.1814	tip
propinar	v	0.2821	administer
propio	adj	0.6414	proper
propóleo	nm	0.1290	propolis
propóleos	nm	0.1290	propolis
proponedor	adj	0.0364	proposer | proposing
proponer	v	0.4186	propose
proporción	nf	0.2657	symmetry
proporcionalidad	nf	0.0631	proportionality
proposición	nf	0.6260	proposition
propósito	nm	1.3116	purpose
propugnador	adj	0.2731	supporter | supporting
propulsar	v	0.9370	bar
propulsión	nf	0.1577	propulsion
propulsión a chorro	loc	0.0682	jet propulsion
prorrogar	v	0.5176	extend | prolong | postpone
prosa	nf	0.7747	prose | kerning
prosaico	adj	0.3065	prosaic
proscenio	nm	0.1036	proscenium
proselitismo	nm	0.1629	proselytism
prosélito	nmf	0.4841	proselyte
prosencéfalo	nm	0.2378	forebrain | prosencephalon
prosodia	nf	0.4317	prosody
prosonomasia	nf	0.2431	paronomasia
prosopometamorfopsia	nf	0.0000	prosopometamorphopsia
prosopopeya	nf	0.0000	prosopopeia
prosperidad	nf	0.4717	prosperity
próstata	nf	0.4284	prostate
prostíbulo	nm	1.6012	brothel | whorehouse | lupanar
prostitución	nf	1.1115	prostitution
prostituir	v	1.5150	prostitute
protactinio	nm	0.5168	protactinium | protoactinium
protagonismo	nm	0.0000	protagonism
protección	nf	1.2915	protection
proteccionismo	nm	0.2543	protectionism
proteccionista	adj	0.2231	protectionist
protectorado	nm	0.1084	protectorate
proteger	v	1.1125	protect
proteína	nf	0.5705	protein
proteoma	nm	0.1229	proteome
protervo	adj	0.4583	heinous | wicked
prótesis	nf	0.1569	prosthesis
protesta	nf	0.0407	protestation | demonstration
protestante	n	0.3309	Protestant
protestante	adj	0.0311	protestant
protestantismo	nm	0.0004	protestantism | Protestantism
protista	nm	0.0000	protista
protoblema	nf	0.0002	protoblem
protocelta	adj	0.0003	Proto-Celt
protocolo	nm	0.3443	protocol
protocono	nm	0.0000	protocone
protohistoria	nf	0.0446	protohistory
protoindoeuropeo	nm	0.4654	Proto-Indo-European
protón	nm	0.7586	proton
protonefridio	nm	0.0315	protonephridium
protónico	adj	0.0364	protonic
protoplasmático	adj	0.0182	protoplasmatic
protoplasto	nm	0.0407	protoplast
protosecuela	nf	0.0631	prequel
prototipo	nm	0.0000	antetype
protozoo	nm	0.0717	protozoan
protráctil	adj	0.0407	protractile
protrombina	nf	0.0964	prothrombin
protuberancia	nf	0.2741	bulge
proveedor	adj	0.2361	provider | supplier
proveer	v	0.8257	provide
proveerse	v	0.1687	provide
provenir	v	1.1275	spring
Provenza	nf	0.3652	Provence
proverbio	nm	0.8904	proverb
Proverbios	n	0.5722	Proverbs
providencial	adj	0.0831	providential
provincia	nf	1.3578	province
provisión	nf	0.6264	provision
provisional	adj	0.5751	temporary | provisional
provocación	nf	0.5298	provocation
provocador	adj	0.3444	provocative | provoking
provocar	v	0.7570	provoke
proxémica	nf	0.0515	proxemics
proxeneta	nmf	1.7011	pimp
próximamente	adv	1.2088	soon | next | shortly | following
proximidad	nf	0.4771	proximity | vicinity
próximo	adj	3.4922	next | following | near
proyección	nf	0.8022	projection
proyectar	v	0.9228	project
proyectil	nm	0.4893	projectile
proyectivo	adj	0.0000	projective
proyector	nm	0.3320	projector
prudencia	nf	1.0204	prudence
prueba	nf	2.0563	test | evidence
prueba de embarazo	loc	0.0762	pregnancy test
pruna	nf	2.2705	plum
Prusia	prop	0.2959	Prussia
prusiano antiguo	loc	0.1932	Old Prussian
prusiato	nm	0.3904	cyanide
pseudociencia	nf	0.1030	pseudoscience
pseudocientífico	adj	0.1927	pseudoscientific
pseudocódigo	nm	0.0794	pseudocode
pseudoepigráfico	adj	0.0002	pseudoepigraphic
pseudofeminismo	nm	0.0000	pseudofeminism
psi	nf	0.1221	psi
psicoactivo	nm	0.0007	psychoactive drug | psychopharmaceutical | psychotropic
psicofonía	nf	0.0000	psychophony
psicolingüística	nf	0.0981	psycholinguistics
psicología	nf	2.3965	psychology
psicológico	adj	0.3125	psychological
psicólogo	nmf	0.3821	psychologist
psicooncología	nf	0.0003	psycho-oncology
psicópata	nm	0.0003	psycopath
psicopatología	nf	0.0815	psychopathology
psicopolítica	nf	0.1524	psychopolitics
psicosis	nf	0.1313	psychosis
psicosomático	adj	0.1180	psychosomatic
psicoterapéutico	adj	0.0835	psychotherapeutic
psicoterapia	nf	0.1152	psychotherapy
psicótico	adj	0.1186	psychotic
psicótico	nmf	0.1186	psychotic
psicotrópico	adj	0.1395	psychotropic
psique	nf	0.5534	psyche
psiquiatra	n	0.1629	psychiatrist
psiquiatría	nf	0.1970	psychiatry
psiquiátrico	adj	0.1137	psychiatric
psíquico	adj	0.4825	psychic | psychical
psitacismo	nm	0.0182	psittacism
psoriasis	nf	0.0933	psoriasis
pterodáctilo	nm	0.1093	pterodactyl
pteroma	nm	0.0000	pteroma
pterosaurio	nm	0.0929	pterosaur
ptialismo	nm	0.0258	ptyalism
ptiriasis	nf	0.0341	phthiriasis
púa	nf	0.2439	peak
puaj	interj	1.2494	yuck | ick | ugh
pub	nm	0.7995	pub
púber	adj	0.0682	pubertal | puberal
pubertad	nf	0.4405	puberty
púbico	adj	0.0705	pubic
publicable	adj	0.0835	publishable
publicación	nf	0.6471	publication
publicador	adj	0.0631	publishing
publicano	nm	0.1907	publican
publicar	v	0.9874	publish
publicidad	nf	0.4253	publicity
publicitar	v	0.1721	promote
Pucallpa	prop	0.0000	Pucallpa
puches	nmf	0.6587	porridge
pucho	nm	1.4064	butt
pudor	nm	0.6065	modesty
pudrición	nf	1.5135	putrefaction | decay
pudrir	v	0.5886	rot | decompose
pudú	nm	0.0815	pudu
Puebla	prop	0.2116	Puebla
Puebla de Zaragoza	prop	0.1695	Puebla City
pueblecito	nf	0.4352	town
pueblo	nm	3.0786	people | village | town
puente	nm	2.4864	bridge
puénting	nm	0.2247	bungee jumping
puentismo	nm	0.0004	brigde swing jumping
puerco	nm	3.8900	pig
puercoespín	nmf	0.5554	porcupine
puericultura	nf	0.0695	puericulture
pueril	adj	1.1156	childish | puerile
puerta	nf	2.3372	gate | door
puerto	nm	0.7685	col | pace
Puerto Rico	n	0.3527	Puerto Rico
puertorriqueño	adj	0.0000	Porto Rican | Puerto Rican
puesto que	loc	0.4967	given | since provided
pugilismo	nm	1.4404	boxing
pugnaz	adj	0.2734	pugnacious
pulcro	adj	0.6534	neat
pulga	nf	1.1198	flea
pulgada	nf	0.7902	inch
pulgar	nm	1.1012	thumb
pulgón	nm	0.8667	aphid | greenfly | plant louse
pulir	v	1.3410	polish
pulla	nf	0.4179	booby | gannet | wisecrack
pulmón	nm	1.1814	lung
pulmonar	adj	0.2845	pulmonary
pulóver	nm	0.8745	pullover
pulpería	nf	0.0311	corner shop
púlpito	nm	0.2406	pulpit
pulpo	nm	1.0744	octopus | bungee
pulque	nm	0.1516	pulque
pulsación	nf	0.1581	throb
pulsar	v	1.4107	pulsate | press
pulsar	nm	0.4910	pulsar
púlsar	nm	0.2034	pulsar
pulseada	nf	0.0005	arm wrestilin
pulsear	v	0.0000	arm wrestle
pulsera	nf	0.7131	bracelet
pulverización	nf	0.1112	pulverization
pulverizar	v	0.0998	pulverize
puma	nm	0.3110	puma | cougar | mountain-lion
pumita	nf	0.4385	pumice
punción	nf	0.5864	puncture
puncionar	v	0.7023	clear
punitivo	adj	0.1030	punitive
punta	nf	1.7739	point | tip
puntaje	nm	0.2764	score
puntapié	nm	0.6229	kick
puntería	nf	0.9422	aim | marksmanship
puntero	nm	1.0508	top
puntiagudo	adj	1.1522	sharp | pointy
puntillismo	nm	0.0005	pointilism
puntillosamente	adv	0.0000	punctiliously
punto	nm	2.6455	point | dot | period | full stop | gag
punto ciego	loc	0.3171	blind spot
punto de conveniencia	loc	0.0004	collection point | pick-up point | pickup point
punto de fuga	loc	0.0657	vanishing point
punto de inflexión	loc	0.0000	inflection point
punto de vista	loc	0.5195	point of view
punto de vista neutral	loc	0.0003	neutral point of view
punto decimal	loc	0.1979	decimal point
punto G	nm	0.1338	G-spot
punto muerto	loc	0.8191	neutral | dead end
punto y coma	loc	0.2909	semicolon
puntos por pulgada	nm	0.0182	dots per inch
puntos suspensivos	nm	0.3048	ellipsis
puntuación	nf	0.3786	punctuation | scoring
puntual	adj	0.1975	punctual
puntualidad	nf	0.1992	punctuality
puntualizar	v	0.6341	perfect
puntualmente	adv	0.1186	punctually
puntuar	v	0.6673	score | punctuate
punzador	adj	0.0000	perforating | perforator | puncher | punching | stinging | twinging
punzar	v	1.0486	to
puñado	nm	0.2682	fistful
puñal	nm	0.7659	dagger
puñalada	nf	0.2421	stab
puño	nm	1.0887	fist
puño de escota	loc	0.2639	clew
pupila	nf	0.6677	pupil
pupitre	nm	0.2639	desk | lectern
pupo	nm	1.3161	navel | belly button
pupusa	nf	0.0182	pupusa
puramente	adv	0.1190	purely
puré	nm	0.5280	cream
pureza	nf	0.5033	purity
purgante	adj	0.4360	laxative
purgar	v	0.6155	purge
puridad	nf	0.9504	purity
purificación	nf	0.3278	purification
Purificación	prop	0.0003	Purification
purificar	v	0.4978	purify
purismo	nm	0.4044	purism
puro	adj	1.7529	cigar | pure
púrpura	adj	1.3194	purple
purpúreo	adj	0.9540	purple
purulento	adj	0.2231	purulent
pus	nm	0.6846	pus
pusilánime	adj	0.4886	fainthearted | pusillanimous
pustuloso	adj	0.0129	pustular
puta	nf	1.9841	whore | bitch
putañero	adj	0.5955	whoremonger
putativo	adj	0.2318	putative
putofobia	nf	0.0258	whorephobia
putrefacción	nf	1.3935	putrefaction | decay
putrefacto	adj	0.6291	rotten
putrescible	adj	0.1728	putrescible
pútrido	adj	0.2966	rotten
pyme	nf	0.1785	SME | small and medium enterprises
Pyongyang	prop	0.1689	Pyongyang
qatgani	nm	0.0002	qatgani
qaysí	adj	0.0002	Qays
qì	nm	0.0182	qi
que		0.7874	than | so that
qué	adv	0.0010	what a
qué		2.1358	what
qué huevada	loc	0.2026	what the fuck
qué onda	loc	0.3068	what's up
qué va	loc	0.5895	no way
quebequés	adj	0.0000	Quebecois
quebrada	nf	0.6065	ravine
quebrantahuesos	nm	0.0223	bearded vulture | lammergeyer
quebrantar	v	1.6093	crush
quebrapedra	nf	0.0000	stonebreaker
quebrar	v	1.0884	break down
quechua	nm	0.4635	Quechua
quechua cuzqueño	loc	0.0002	Cusco Quechua
quedar	v	1.5635	stay | remain | become
quedarse	v	0.7660	remain | stay
quehacer	nm	0.5773	task | chore
queja	nf	0.8214	complaint
quejarse	v	0.5036	complain
quejido	nm	0.2622	moan
quejigo	nm	0.1393	Portuguese oak
quelícero	nm	0.1453	chelicera
queltehue	nm	0.1340	southern lapwing
quema	nf	0.1981	burning
quemadura	nf	1.0086	burn | burning
quemadura de congelación	loc	0.0729	freezer burn
quemar	v	2.3986	burn warm | burn
quenya	nm	0.0854	Quenya
quepis	nm	0.2116	kepi
queratina	nf	0.2116	keratin
querer	v	2.3641	want | love | tend
querer bien	loc	1.0178	love
querer es poder	saying	0.0000	where there is a will | where there is a will there is a way
querido	adj	1.3414	dear | kind | beloved
querido	nmf	1.3282	lover
queroseno	nm	0.6477	kerosene
querubín	nm	0.4449	cherub
querulante	adj	0.0446	querulant
quesadilla	nf	0.1093	quesadilla
queso	nm	2.4075	cheese
quesque	adv	0.3401	allegedly
quetru no volador	loc	0.0003	Magellanic fligthless steamer duck
quetru volador	loc	0.0002	flying steamer duck
quetzal	nm	0.3737	quetzal
quevedos	nm	0.6957	pince-nez
quiasma	nm	0.1180	chiasma
quiasmo	nm	0.1255	chiasmus
quiche	nf	0.2062	quiche
quiebra	nf	0.5101	bankruptcy
quiebrapiedra	nf	0.0000	stonebreaker
quien		1.4742	who | whom
quién		1.2257	who
quien a hierro mata, a hierro muere	saying	0.0794	live by the sword, die by the sword
quien mucho abarca, poco aprieta	saying	0.0003	don’t bite off more than you can chew
quien se fue a la villa, perdió su silla	saying	0.0815	you snooze you lose
quien se fue a Sevilla, perdió su silla	saying	0.0815	you snooze you lose
quien se pica, ajos come	loc	0.0002	if the shoe fitswear it
quienquiera		0.1546	whoever
quiera que no	loc	0.0002	despite everything
quiescencia	nf	0.0609	quiescence | quiescency
quiescente	adj	0.1255	quiescent
quietud	nf	0.4548	quietness
quif	nm	0.1022	kif | keef
quijada	nf	0.9665	jaw
quijotesco	adj	0.2093	quixotic
quilate	nm	0.3223	carat | karat
quilla	nf	0.3950	keel
Quilla	prop	0.0003	Keel
quillo	nm	0.9100	dude
quilo	nm	0.1187	chyle
quilombo	nm	2.1346	brothel | lupanar | whorehouse
quiltro	nm	0.4686	mongrel | mutt
quimera	nf	0.2977	chimaera | chimera | ghost shark
quimérico	adj	0.0440	chimeric | fantastic
quimeriforme	nm	0.1553	chimaera
quimerino	adj	0.0182	chimeric
química	nf	1.1857	chemistry
químico	adj	0.4841	chemical
químico	nmf	0.4068	chemist
quimiotaxia	nf	0.2837	chemotaxis
quimioterapia	nf	0.1624	chemotherapy
quimo	nm	0.2701	chyme
quinario	nm	0.0000	quinarius
quincalla	nf	0.2819	trinket
quince	adj	0.2621	fifteen
quinceavo	nm	0.3497	fifteenth
quincena	nf	0.6146	fifteen | days
quincuagenario	adj	0.0223	quinquagenary
quincuagésimo	adj	0.6361	fiftieth
quinesiología	nf	0.1411	kinesiology
quiniela	nf	0.0669	football pool
quinoto	nm	0.4757	kumquat
quinquenal	adj	0.1017	quinquennial
quinquenio	nm	0.1363	quinquennium
quinteto	nm	0.3004	quintet
quintil	n	0.0499	quintile | Quintile | Quintilis
quintillizo	adj	0.1245	quintuplet
quinto	adj	1.3177	fifth
quíntuple	adj	0.1074	quintuple
quíntuplo	adj	0.2735	fivefold
quiosco	nm	0.7743	kiosk | convenience store | drugstore
quique	nm	0.0006	lesser grison
quiquille	nm	0.0006	Austral pigmy owl
quiquiriquí		0.2509	cock-a-doodle-doo
quiral	adj	0.0998	chiral
quiralidad	nf	0.4925	chirality
quirófano	nm	0.0006	operating theater | operating room
quiromancia	nf	0.0005	plamistry
quirúrgico	adj	0.0000	chirurgic
quisquilloso	adj	0.8827	fussy | touchy
quiste	nm	0.2109	cyst
quístico	adj	0.0515	cystic
quitaipón	nm	0.1014	detachable
quitamiedos	nm	0.2238	crash barrier | guardrail
quitanieves	nm	0.1173	snowplow
quitar	v	1.2926	take away
quitarse	v	0.3159	remove
Quito	n	0.1995	Quito
quiyá	nm	0.4039	coypu
quizá	adv	2.4405	perhaps | maybe | possibly
quizás	adv	2.5031	perhaps | maybe | possibly
quizque	adv	0.3401	allegedly
qwerty	nm	0.0000	qwerty
rabadán	nmf	0.0005	flock-master
rabadilla	nf	0.3252	rump
rábano	nm	0.5653	radish
Rabat	n	0.2020	Rabat
rabdofobia	nf	0.0000	rhabdophobia
rabdomante	nmf	0.3933	dowser
rabia	nf	1.2247	rabies
rabiada	nf	0.3357	tantrum
rabieta	nf	0.4747	tantrum
rabínico	adj	0.1543	rabbinic | rabbinical
rabo	nm	1.6641	tail
racial	adj	0.1030	racial
racimo	nm	0.8419	bunch | cluster | raceme
ración	nf	0.4898	portion
racionalidad	nf	0.2279	rationality
racionalismo	nm	0.0944	rationalism
racionalización	nf	0.4197	rationalization
racionalizar	v	0.1382	rationalize
racionalmente	adv	0.1123	rationally
racionamiento	nm	0.0998	rationing
racionar	v	0.1480	ration
racismo	nm	1.2156	racism | racialism
racista	adj	0.1551	racist
Radamanto	prop	0.0427	Daedalus
radar	nm	0.3453	radar
radiación	nf	0.3486	radiation
radiación de cuerpo negro	loc	0.0003	black-body radiation
radiación electromagnética	loc	0.2340	electromagnetic radiation
radiación infrarroja	loc	0.1093	infrared radiation
radiación ultravioleta	loc	0.1123	ultraviolet radiation
radiactividad	nf	0.2732	radioactivity
radiactivo	adj	0.1803	radioactive
radiador	nm	0.2576	radiator
radical	nm	0.9958	stem
radicalmente	adv	0.0515	radically
radicar	v	0.7346	root
radícula	nf	0.0000	radicle
radio	nm	1.5751	radium | radius
radio	nmf	2.2431	radio
radiocomunicación	nf	0.0002	radio message
radiografía	nf	0.2503	radiograph | radiography
radiografiar	v	0.1979	X-ray
radiología	nf	0.2093	radiology
radiológico	adj	0.1093	radiological
radiotelegrafista	nm	0.0000	radiotelegraphist
radioyente	nm	0.0002	radio listener
radón	nm	0.5241	radon
rádula	nf	0.1598	radula
raer	v	0.5468	abrade | erode
Rafael	prop	0.3773	Raphael
ráfaga	nf	0.7407	gust
raga	nm	0.1719	raga
raíces	nf	0.0631	roots
raigambre	nf	1.3725	root | tradition | deep-rootedness
raíz	nf	2.7624	root
rajaleña	nm	0.0002	rajalena
rajar	v	1.7184	to
ralea	nf	0.4337	ancestry
ralentí	nm	0.2397	slow motion | idle speed
ralentizar	v	1.0511	slow
ralentizarse	v	0.8144	slow | slow down
rallador	nm	0.4092	grater
rama	nf	1.7256	branch | bough
ramadán	nm	0.1747	Ramadan
rambla	nf	0.2856	boardwalk | torrent
ramillete	nm	0.1976	posy
ramo	nm	0.7930	bouquet
Ramón	prop	0.3139	Raymond
ramoneo	nm	0.2159	browse
rampete	nm	0.1680	plantain
rana	nf	1.8544	frog
rana arbórea	loc	0.2020	tree frog
rana dorada	loc	0.0003	Panamanian golden frog | Zetek's golden frog
rancho	nm	0.9411	mess | ranch
rancio	adj	0.5609	rancid | ex
rancor	nm	0.3696	rancor | rancour
rango	nm	1.4875	rank
Rangún	prop	0.0000	Rangoon
ranking	nm	0.1253	ranking
ranúnculo	nm	0.1269	buttercup
ranura	nf	0.3841	slot
rap	nm	0.3468	rap
Rapa Nui	prop	0.3125	Easter Island
rapado	nm	0.1244	shaven
rapar	v	1.5928	shave
rapaz	adj	0.5795	rapacious
rape	nm	0.1728	anglerfish | goosefish
rapear	v	0.1795	rap
rápel	nm	0.1257	rappel
rápidamente	adv	3.7526	fast | quickly | apace | expeditiously | promptly | rapidly | swiftly
rapidez	nf	1.1551	speed
rápido	adj	3.2119	quick | fast | rapid | swift | speedy | prompt
rápido	adv	2.4514	quickly | swiftly
rapiña	nf	1.0767	plunder | rapine
rapsodia	nf	0.2077	rhapsody
rapsódico	adj	0.0000	rhapsodic
raptar	v	0.8252	kidnap
rapto	nm	0.4292	kidnapping
raptor	adj	0.5211	thief | kidnapper
Raquel	n	0.4258	Rachel
raqueta	nf	0.1936	racket
raquis	nm	0.3770	rachis
raquitis	nf	0.2657	rickets
raquitismo	nm	0.2657	rickets
rara	nf	0.0007	rufous-tailed plantcutter
raramente	adv	0.3192	seldom
rarefacción	nf	0.0576	rarefaction
raridad	nf	0.1572	weirdness
raro	adj	2.2870	rare | strange | odd | weird | seldom
rascacielos	nm	0.4805	skyscraper
rascar	v	1.2457	itch
rascarse	v	2.5064	scratch | scrape | squawk | itch
rasera	nf	0.4259	skimmer
rasero	nm	0.1712	strickle
rasgar	v	0.7621	rip | tear
rasgo	nm	0.5761	trait | feature
rasgón	nm	0.5242	burst
raspar	v	0.8563	scrape
rasqueta	nf	0.2980	scraper
rasquetear	v	0.0000	brush down
rastrillar	v	0.6324	rake
rastrillo	nm	1.5229	rake | hackle | hatchel | razor
rastro	nm	1.5908	rake | trail
rata	nf	2.5383	rat
ratero	adj	1.4621	thief
raticida	nm	0.2169	rat poison | raticide
ratificar	v	0.3669	ratify
ratio	nf	0.2518	ratio
Ratisbona	prop	0.2008	Regensburg | Ratisbon
rato	nm	1.7351	while
ratón	nm	3.3920	mouse
ratón viejo	loc	0.0000	black witch
ratonera	nf	0.2545	mousetrap
ravioli	nm	0.0546	ravioli
raya	nf	1.0476	ray | skate
rayadito	nm	0.0008	thorn-tailed rayadito
rayo	interj	0.3028	heck | hell
rayo alfa	loc	0.1078	alpha ray
rayo gamma	loc	0.1669	gamma ray
rayón	nm	0.2025	rayon
rayos X	nm	0.0000	x-ray
raza	nf	1.7672	race | breed
rázago	nm	0.0976	sackcloth
razia	nf	0.0003	ghazw
razón	nf	2.1114	reason
razonablemente	adv	0.3063	reasonably
razonamiento	nm	0.4263	reasoning
razonar	v	0.7210	reason
reabrir	v	0.0546	reopen
reacción	nf	0.4941	reaction
reacción química	loc	0.1567	chemical reaction
reactante	adj	0.1244	reagent
readmitir	v	0.0762	readmit
reajustar	v	0.0499	readjust
reajuste	nm	0.0762	readjustment
real	adj	0.0010	real, actual, objective, material
Real de Catorce	prop	0.0003	Real de Catorce
realidad	nf	0.9864	reality
realimentación	nf	0.4744	feedback
realismo	nm	0.3080	realism | royalism
reality show	nm	0.0997	reality show
realización	nf	0.3047	realization
realizar	v	0.7368	carry out | achieve
realizarse	v	0.9126	appear
realzar	v	0.3033	enhance
realzarse	v	0.0002	rise again
reanimar	v	0.7450	teach
reanudar	v	0.1553	resume
reavivar	v	0.2186	rekindle | relight
rebaba	nf	0.6156	burr | fin | flash | overpress
rebanar	v	0.7305	slice
rebañar	v	0.3530	sweep
rebaño	nm	1.4837	flock | herd
rebasar	v	0.3577	exceed
rebatible	adj	0.0005	easily refuted
rebeca	nf	0.6233	cardigan
Rebeca	prop	0.0834	Rebecca
rebeco	nm	1.0003	chamois
rebelar	v	0.6119	rebel
rebelarse	v	0.4479	rebel
rebelde	adj	1.4510	rebel | stubborn | default | unruly | rebellious
rebeldía	nf	0.2116	rebelliousness
rebelión	nf	1.0547	rebellion | revolt
rebisabuelo	nmf	0.4554	great-great-grandfather | great-great-mother | great-great-grandparent
rebola	nf	0.9774	madder
rebosar	v	0.3159	disembark
rebote	nm	0.4764	bounce | rebound
rebozar	v	0.7608	bread
rebullicio	nm	0.8033	uproar | ruckus
rebuznar	v	0.6032	bray
recadero	n	0.1449	courier
recaer	v	0.2374	relapse
recalcitrante	adj	0.1616	recalcitrant
recalcular	v	0.0631	recalculate
recamar	v	0.1546	embroider
recargable	adj	0.1087	rechargeable
recaudar	v	0.9148	collect
recelar	v	0.3714	distrust
recelo	nm	0.4530	distrust
recepción	nf	0.7585	front desk | employ
receptáculo	nm	0.2292	receptacle
receptar	v	0.2150	receive
receptividad	nf	0.1187	receptivity
recesión	nf	0.2455	recession
receta	nf	0.6230	prescription
recetar	v	0.3551	prescribe
rechazar	v	1.0884	reject
rechazo	nm	1.0784	refusal | rejection
rechistar	v	0.4943	answer
recibir	v	2.9343	receive | get | accept | catch | accredit | admit
recibo	nm	1.5220	receipt
reciclaje	nm	0.1605	recycling
reciclar	v	0.2484	recycle
recidiva	nf	0.2374	relapse
recién nacido	loc	0.3874	newborn
recientemente	adv	0.4856	recently
recinto	nm	0.6489	compound
recíproco	adj	0.7994	reciprocal | mutual
recital	nm	0.2774	recital | concert
recitar	v	0.4637	recite
reclamar	v	1.0692	demand
reclamo	nm	0.5808	complaint
reclasificar	v	0.0000	reclassify
recluir	v	0.3917	lock up
reclutamiento	nm	0.4685	recruitment | conscription
reclutar	v	0.7192	recruit
recobrar	v	0.2144	get back
recodo	nm	0.4893	bend | turn
recogepelotas	nmf	0.2154	ball girl | ball boy
recoger	v	0.9701	pick
recolección	nf	0.1890	collecting | harvesting
recolectar	v	0.9787	gather | collect
recomendación	nf	0.5250	recommendation
recomendar	v	0.4144	recommend
recomenzar	v	0.0002	begin again
recompensa	nf	0.9179	reward
recompensar	v	0.7001	reward
recomponer	v	0.9562	fix
reconciliación	nf	0.6448	reconciliation
reconciliar	v	0.2781	reconcile
recóndito	adj	0.5367	hidden | obscure | recondite | remote
reconfortar	v	0.5099	fortify
reconocer	v	1.5014	identify | acknowledge | recognize
reconocerse	v	0.3041	recognize | acknowledge
reconocible	adj	0.1245	recognizable | recognisable
reconocidamente	adv	0.0892	admittedly
reconocimiento	nm	0.5944	recognition | acknowledgement
reconquistar	v	0.0744	recapture
reconsiderar	v	0.1708	reconsider
reconstituir	v	0.0943	reconstruct
reconstrucción	nf	0.2328	reconstruction
reconstruir	v	0.2817	rebuild | reconstruct
recopilar	v	0.4650	gather | compile
recordar	v	0.7463	wake
recordarse	v	0.2827	recall
recorrer	v	0.5450	traverse
recorrido	nm	0.8368	course
recortar	v	1.6700	cut | reduce
recorte	nm	1.1498	cut
recostarse	v	0.3195	groan
recreativo	adj	0.1802	recreational
recriminar	v	0.5828	blame
recrudecer	v	0.3270	worsen
recta	nf	0.3249	straight
rectángulo	nm	0.3652	rectangle
recto	adj	1.6732	correct | direct | literal | upright
recto	nm	0.6379	right angle
recua	nf	0.3410	train
recubrir	v	0.2311	clothe
recuerdo	nm	1.1450	memory
recular	v	0.7622	back off | recoil
recuperación	nf	0.5077	recovery | recuperation
recursivo	adj	0.2249	recursive
recurso	nm	1.2299	resource
recurso natural	loc	0.2116	natural resource
red	nf	1.1760	net
red social	loc	0.5084	social network | social | social media
redacción	nf	0.6961	editing | editing room | editors | composition
redada	nf	0.4077	bust
redaño	nm	0.5437	mesentery | guts
redecilla	nf	0.4245	reticulum
redefinir	v	0.0611	redefine
redención	nf	0.2246	redemption
redentor	adj	0.1221	redeemer
redil	nm	0.0003	sheep pen
redimir	v	0.6027	redeem | ransom
redistribuir	v	0.0955	redistribute
rédito	nm	0.6393	revenue
redondear	v	0.1731	round up
redondo	adj	1.6991	round
redro	adv	0.4079	behind
reducción	nf	0.8589	reduction | reducer
reduccionismo	nm	0.2526	reductionism
reducible	adj	0.0835	reducible
reducidor	nm	0.8380	fence
reducir	v	1.1124	reduce
reductasa	nf	0.0631	reductase
reducto	nm	0.1030	redoubt
redundancia	nf	0.4214	redundancy | redundance
redundante	adj	0.5721	redundant
reduplicar	v	0.0407	reduplicate
reedificar	v	0.0000	re-edify
reelegir	v	0.1411	reelect
reembolsar	v	0.3065	pay off
reemplazar	v	0.6954	replace
reemprender	v	0.1553	resume
reencarnación	nf	0.1957	reincarnation
reencarnar	v	0.0604	reincarnate
reenviar	v	0.0773	resend
reescribir	v	0.1387	rewrite
reestreno	nm	0.0000	rerelease
reestructuración	nf	0.0004	Perestroyka
reestructurar	v	0.1795	restructure
reexpedir	v	0.3300	forward
refectorio	nm	0.2725	refectory
referencia	nf	0.6579	reference
referendo	nm	1.5079	referendum
referéndum	nm	0.3912	referendum
réferi	nm	0.5934	referee
referir	v	0.5265	refer
referirse	v	0.3406	refer
refinar	v	0.2392	refine
reflejo	nm	0.4003	reflex
reflexión	nf	0.0000	reflexion
reflexionar	v	0.0010	riflettere
reflexivo	adj	0.5353	reflexive | reflective
reflujo	nm	0.2492	reflux
reforestación	nf	0.1519	reforestation
reforma	nf	0.4633	reform
reformar	v	0.4796	reform
refracción	nf	0.5408	refraction
refractar	v	0.1014	refract
refractario	adj	0.1558	refractory
refractarse	v	0.4971	break
refractivo	adj	0.0000	refractive
refrán	nm	1.1414	saying | refrain | adage | proverb
refregar	v	0.8495	rub | scrub
refrescante	adj	0.0798	refreshing
refresco	nm	0.6810	coke | pop | soda | soft drink | fizzy drink
refrigerador	nm	0.5755	refrigerator
refrigerar	v	0.9712	cool | cool down
refugiado	adj	0.3576	refugee
refugio	nm	1.1753	refuge | shelter
refunfuñar	v	1.0594	grumble
refutar	v	0.7235	refute | rebut
regadera	nf	1.2810	watering can | shower
regadío	nm	0.2592	irrigation | irrigated land
regaliz	nm	0.0000	liquorice
regalo	nm	3.4239	present | gift | donation
regalón	adj	0.1056	oversensitive
regañar	v	1.4264	scold | nag | whine
regañina	nf	0.4962	scolding
regañón	adj	0.2198	nag
regar	v	2.9606	irrigate | water
regata	nf	0.2932	regatta
reggae	nm	0.1137	reggae
regiamente	adv	0.0386	regally | royally
regidor	adj	0.2333	ruler
régimen	nm	0.3063	regime
regimiento	nm	0.3026	regiment
Regina	prop	0.1279	Regina
regio	adj	0.4914	kingly | regious | royal
región	nf	1.0168	region
regional	adj	0.1545	regional
regionalismo	nm	0.1017	regionalism
registrar	v	1.2721	register
registro	nm	1.0753	register
regla	nf	2.2080	rule | ruler | period
Regla	prop	0.0515	Level
regla de oro	loc	0.2010	golden rule
regla de plata	loc	0.0000	silver rule
reglamentar	v	0.2990	regulate
regocijar	v	0.6586	rejoice
regocijarse	v	0.7015	benefit
regocijo	nm	0.0417	rejoicing
regodeo	nm	0.1508	gloat
regolita	nf	0.2677	regolith
regosto	nm	0.5583	taste
reguera	nf	0.7983	drain
reguetón	nm	0.0546	reggaeton
regularizar	v	0.1977	arrange
regulín regulán	loc	0.3056	so-so
Régulo	n	0.0464	Regulus
Regulus	n	0.0929	Regulus
rehabilitación	nf	0.1875	rehabilitation
rehabilitar	v	0.2382	rehabilitate
rehacer	v	0.3333	remake | redo | reshape
rehén	nmf	0.5122	hostage
rehidratante	adj	0.0000	moisturising
rehidratar	v	0.0906	rehydrate
rehogar	v	1.1497	stew | to
rehusar	v	0.7192	refuse
rehusarse	v	0.2286	refuse
reimpresión	nf	0.0751	reprint
reina	nf	3.7933	queen
reina de belleza	loc	0.1493	pageant
reincidencia	nf	0.0561	recidivism
reincidente	adj	0.1150	recidivist
reincidir	v	0.2374	relapse | backslide
reino	nm	2.8365	kingdom | realm
Reino Unido	n	1.0465	United Kingdom | UK
reintegración	nf	0.0407	reintegration
reivindicación	nf	0.0007	rei vindicatio
reivindicar	v	0.1681	vindicate
reja	nf	1.2971	share | plowshare
rejilla	nf	0.3154	grating
rejón	nm	0.5305	lance
rejoncillo	nm	0.4528	lance
rejoneador	nmf	0.1208	lancer | rejoneador
relación	nf	0.6336	relation
relación biyectiva	loc	0.0003	bijective relation
relación sexual	loc	0.0697	sexual relation
relacionar	v	0.6045	introduce | relate | enumerate
relacionarse	v	0.3703	relate
relajamiento	nm	0.3233	relaxation
relajar	v	0.2463	relax
relámpago	nm	1.1239	lightning
relampaguear	v	0.3959	flash
relapso	adj	0.0000	relapsed
relatividad	nf	0.2563	relativity
relativismo	nm	0.1338	relativism
relativista	adj	0.0705	relativistic
relativo	adj	0.9286	relative
relax	nm	0.4926	relax
releer	v	0.1812	reread | re-read
relegar	v	0.2116	relegate
relevancia	nf	0.3039	relevance
relevante	adj	0.3063	germane
relevista	adj	0.0003	relay runner
relicario	nm	0.5494	reliquary | relicary
relicto	adj	0.0815	relict
relieve	nm	1.0636	relief
religión	nf	1.3292	religion
religioso	adj	0.9212	religious
relinchar	v	0.4331	neigh | whinny
relinga	nf	0.0288	bolt rope
rellano	nm	0.5830	landing
rellenar	v	1.0729	stuff
rellenarse	v	0.2682	fill
reloj	nm	3.5579	clock | watch
Reloj	prop	0.0003	The Clock
relojería	nf	0.0003	clock shop | clockmaking
relojero	nmf	0.0989	clockmaker
relucir	v	0.4342	glisten
reluctancia	nf	0.2821	reluctance
REM	nm	0.0000	REM
remachadora	nf	0.0004	riveting machine
remachar	v	0.2524	rivet
remake	nm	0.1571	remake
remanente	nm	0.3606	remaining | remanent
remangar	v	0.3509	roll up
remangarse	v	0.0604	curl up
remasterizado	adj	0.0446	remaster
remedio	nm	1.9851	remedy | drug | medicine | medicament | pharmaceutical
remedo	nm	0.7729	imitation | mockery | parody | mimicking | mimicry
remembranza	nf	0.4546	remembrance
rememorar	v	0.9460	remember
remendar	v	0.9016	mend | patch up
remero	nmf	0.0000	oarsman | rower
remesa	nf	0.2150	remittance
remesar	v	0.1482	dispatch
rémige	nf	0.0000	remex
remilgadamente	adv	0.2755	affected
remilgo	nm	0.3638	affectation
remisión	nf	0.4258	assignment
remitente	n	0.3974	sender
remitir	v	0.8409	discharge | brush up
remodelar	v	0.2340	remodel
remojar	v	0.3670	soak
remolcador de altura	loc	0.0006	high-sea tug | ocean-going tug | deep-sea tug
remolcar	v	0.5775	tow
remolino	nm	0.9349	crowd | commotion | cowlick
remolque	nm	0.2158	trailer
remontarse	v	0.0000	fly up
rémora	nf	0.2834	remora
remoto	adj	0.8304	remote | distant
remover	v	1.2083	move | remove | investigate | stir | revive
remplazar	v	0.0315	jump in
rempujar	v	0.7805	push
remugar	v	0.2990	cud
renacer	v	0.5231	again | be born | rebirth
renacimiento	nm	0.4850	revival | renaissance
Renacimiento	n	0.5602	Renaissance
renacuajo	nm	1.9889	tadpole | polliwog
renal	adj	0.4345	renal
Renania del Norte-Westfalia	prop	0.5381	North Rhine-Westphalia
Renania Septentrional-Westfalia	prop	0.3217	North Rhine-Westphalia
rencilla	nf	0.4048	quarrel
rencor	nm	0.7912	grudge | rancor | rancour
rendición	nf	0.7440	surrender | capitulation
rendija	nf	0.2258	slit
rendimiento	nm	0.9397	yield | performance
renglón	nm	1.1806	line
renguera	nf	0.1977	limp
renio	nm	0.5111	rhenium
renitente	adj	0.2378	unwilling | reluctant
reno	nm	0.5547	reindeer
renombrado	adj	0.2292	renowned | well-known
renovación	nf	0.5146	renovation | renewal
renovador	adj	0.0704	renovator | renovating
renovar	v	0.5541	renovate | renew
renquear	v	0.5199	hobble
renta	nf	0.6251	income | rent
rentabilidad	nf	0.2176	profitability
rentable	adj	0.1546	lucrative
renuente	adj	0.6495	reluctant | averse
renunciar	v	0.6015	renounce
renuncio	nm	0.3084	revoke
reñir	v	1.1391	scold | tell off
reo	adj	0.4613	prisoner
reología	nf	0.0003	Rheology
reometría	nf	0.0000	rheometry
reostato	nm	0.0002	Rheostat
reparable	adj	0.0573	fixable
reparación	nf	0.9698	repair
reparar	v	2.7890	repair | make | criticize
repartir	v	1.7299	cast | spread | deal | deliver | distribute
repasar	v	0.1992	repeat
repatriar	v	0.1242	repatriate
repensar	v	0.1304	rethink
repentino	adj	0.8088	sudden
repertorio	nm	0.4332	repertoire | en:repository | repository
repetición	nf	0.7566	repetition
repetidamente	adv	0.4260	again and again | over and over | over and over again | repeatedly | time and again | time and time again
repicar	v	0.7360	ring
replegar	v	0.1170	roll up
repleto	adj	0.3281	packed
réplica	nf	0.4338	reply
replicar	v	0.1515	replicate
repoblar	v	0.0892	reforest | repopulate
repollo	nm	3.4310	cabbage
reponer	v	0.6071	replace | reintegrate
reportaje	nm	1.2025	report | reportage
reportar	v	0.3060	reward | obtain
reportero	adj	0.4015	reporter
reposar	v	1.7680	rest
repositorio	nm	0.1533	repository
reposo	nm	0.6943	repose | rest
repostería	nf	0.0006	confectioner’s
reprender	v	0.7869	tell off | discommend
representación	nf	0.7911	representation
representador	adj	0.0000	representing
representativamente	adv	0.0258	representatively
represión	nf	0.3308	repression
represor	adj	0.0515	repressor
reprimir	v	0.8725	repress
reprobable	adj	0.1367	immoral
reprobar	v	0.4392	reprove
reprochar	v	0.8229	blame
reproducción	nf	0.6513	reproduction
reproducción diferencial	loc	0.0002	differential reproduction
reproducir	v	1.2715	play | reproduce
reprográfico	adj	0.0000	reprographic
reptar	v	0.6251	creep | crawl
reptil	nm	0.5003	reptile
república	nf	0.8925	republic
República Centroafricana	n	0.4697	Central African Republic
República Checa	n	0.8532	Czech Republic
República de China	prop	0.5130	Republic of China
República de Chuvasia	loc	0.4385	Chuvashia
República de Kalmukia	loc	0.5013	Kalmykia
República de Macedonia	prop	0.8024	Republic of Macedonia | Macedonia
República Democrática Alemana	prop	0.2016	German Democratic Republic
República Democrática del Congo	prop	0.5150	Democratic Republic of the Congo
República Dominicana	n	0.6270	Dominican Republic
República Federal Alemana	prop	0.2102	Federal Republic of Germany
república representativa	loc	0.0002	representative republic
repudrir	v	0.1995	affect
repuesto	nm	0.8097	spare | supplies
repugnancia	nf	0.1719	repugnance
repugnante	adj	1.0499	disgusting | revolting | grisly | nasty | repulsive
repugnantemente	adv	0.0000	repugnantly
repujar	v	0.1545	emboss
repulgar	v	0.1866	hem
repulsar	v	0.2488	parry
repulsivo	adj	0.5409	repulsive
reputación	nf	0.9359	reputation
reque	nm	0.5018	gizzard
requerir	v	1.3300	need | require
requesón	nm	0.2628	ricotta
requesta	nf	0.2867	request
réquiem	nm	0.2040	requiem
requintar	v	0.3185	surpass
requinto	nm	0.0003	sopranino clarinet
requisar	v	0.7552	claim
requisitado	adj	0.0576	required
requisito	nm	0.3295	requirement
res	nf	0.5725	beef
resaca	nf	1.2938	hangover | backwash | undertow | backrush | surf
resaltar	v	0.5070	underline
resarcir	v	0.5892	compensate | reimburse
resbalar	v	1.3654	slide
resbalarse	v	0.9206	slide
resbalón	nm	0.8326	slip
resbaloso	adj	0.2890	slippery
rescatador	adj	0.1866	rescuer | rescuing
rescatar	v	0.6774	rescue
rescate	nm	0.9293	ransom | rescue | bailout
rescindir	v	0.4932	terminate | cancel
rescisión	nf	0.0129	cancelation
resecar	v	0.1608	dehydrate
resentimiento	nm	0.5964	resentment | bitterness
resentir	v	0.1903	resent
resentirse	v	0.3249	resent
reseñar	v	0.3695	review
reservar	v	1.5130	book
resfriado	nm	1.8335	cold
resfriarse	v	0.4292	calm down
resguardar	v	0.8222	protect
resguardarse	v	0.9427	to | safeguard
residencia	nf	0.9650	residence
residente	adj	0.6503	resident
residir	v	1.8831	live
residual	adj	0.1166	residual
residuo	nm	2.3778	waste | remainder | residue | residuum
resignarse	v	0.4384	resign
resiliencia	nf	0.5193	resilience
resiliente	adj	0.2880	resilient
resina	nf	0.6456	resin
resistencia	nf	0.8390	resistance | resistor
resistencia eléctrica	loc	0.0604	electrical resistance
resistente	adj	0.2801	resistant
resma	nf	0.3321	ream
resolución	nf	1.1825	resolution
resonancia	nf	0.4108	resonance
resonar	v	0.3150	resound
resoplar	v	0.5439	roar
resoplido	nm	0.3540	puff
respaldar	v	0.5851	assist
respaldo	nm	1.9263	back | backup
respectar	v	0.3884	relate
respectivo	adj	0.1609	respective
respecto	nm	0.7393	respect
respetabilidad	nf	0.1301	respectability
respetar	v	1.3965	respect
respeto	nm	1.3965	respect
respetuosamente	adv	0.1168	respectfully
respetuosidad	nf	0.0407	respectfulness
respetuoso	adj	0.5648	respectful
respingar	v	0.5512	resist
respiración	nf	0.4513	breathing | respiration | breath
respiración aerobia	loc	0.0003	aerobic respiration
respiración anaerobia	loc	0.0003	anaerobic respiration
respiración vegetal	loc	0.0003	plant respiration
respirar	v	1.9238	breathe | respire
resplandecer	v	1.0083	glitter
resplandor	nm	0.8797	flare | shining
responder	v	1.1593	answer | reply | respond
responsabilidad	nf	0.8513	responsibility | accountability
responsable	adj	0.7811	responsible
respuesta	nf	1.3981	answer
resquebrajar	v	1.1619	crack | split
resquebrajarse	v	0.3761	burst
resquemor	nm	0.3006	resentment
resta	nf	0.6179	subtraction
restablecer	v	0.7875	restore | give back | return
restauración	nf	0.5400	restoration
restaurante	nm	1.8809	restaurant
restaurar	v	1.6865	fix
restituir	v	0.5176	refund
resto	nm	1.4178	remainder | remains | difference
restorán	nm	1.8684	restaurant
restregar	v	1.0179	rub | scrub
restricción	nf	0.7093	restriction
restringir	v	1.0990	bound
resucitación	nf	0.1630	resuscitation
resucitar	v	1.5238	resurrect | revive | resuscitate
resultado	nm	1.3616	result
resultante	adj	0.0996	resultant
resultar	v	0.6929	turn out
resumir	v	0.4137	summarize
resurrección	nf	0.2032	resurrection
retablo	nm	0.1598	altarpiece | reredos
retama negra	loc	0.4249	broom
retar	v	1.2958	defy | challenge
retazo	nm	0.2999	snippet
retención	nf	0.2966	retention
retener	v	0.9718	keep | retain
retentiva	nf	0.7720	memory
reticente	adj	0.3315	reluctant
retículo	nm	0.3884	reticulum
retículo endoplasmático	loc	0.3461	endoplasmic reticulum
retiro	nm	0.6623	retreat | pension | retirement
reto	nm	0.8951	challenge
retocar	v	0.1802	retouch
retomar	v	0.4885	resume
rétor	nm	0.0386	rhetorician
retorcer	v	0.2529	contort
retórico	adj	0.2594	rhetorical | rhetorician
retornar	v	0.6044	give back | come back
retornarse	v	0.1545	go back
retorrománico	adj	0.1077	Rhaeto-Romance
retortijón	nf	0.2509	cramp
retozar	v	0.6133	flirt
retractación	nf	0.0000	retractation
retractar	v	0.5928	save
retractarse	v	0.2471	countermand
retrasarse	v	0.1890	lose time
retratar	v	0.4200	describe | paint a portrait of | take a photograph of
retratista	nmf	0.0005	portrait artist
retrato	nm	0.5298	portrait
retrato colectivo	loc	0.0003	group portrait
retrete	nm	0.6493	amenity | toilet
retribución	nf	0.5318	retribution
retroacrónimo	nm	0.1078	backronym | bacronym
retroalimentación	nf	0.5895	feedback
retroceder	v	0.4078	go back
retrógrado	adj	0.4194	retrograde
retroiluminar	v	0.1242	backlight
retrospectiva	nf	0.1798	retrospective
retroversión	nf	0.0000	retroversion
retrovisor	nm	0.2020	rear-view mirror
retruécano	nm	0.3759	spoonerism
retumbar	v	0.7151	echo
reuma	n	0.1609	rheum
reumático	adj	0.1146	rheumatic
reumatismo	nm	0.1995	rheumatism
reumatológico	adj	0.1146	rheumatic
reumatólogo	nmf	0.0386	rheumatologist
reunión	nf	1.5929	meeting | union | gathering
Reunión	n	0.0946	Réunion
reunionés	adj	0.0657	Reunionese
reunir	v	2.0316	gather | assemble | put together
reutilización	nf	0.5038	reuse
reutilizar	v	0.1362	reutilize | reutilise
revaluación	nf	0.0631	revaluation
revancha	nf	1.0356	revenge
revanchismo	nm	0.2231	revanchism
revelación	nf	0.7705	revelation
revelador	adj	0.0446	revealing
revelar	v	1.5130	reveal | develop
reventar	v	0.6000	explode
reventarse	v	0.2171	burst
reventón	nm	0.0773	downburst
reverberación	nf	0.7957	reverberation
reverencia	nf	0.6859	reverence | bowing | obeisance
reverendamente	adv	0.0386	reverently
reversión promedial	loc	0.0002	mean reversion
reverso	nm	1.2245	back
revertir	v	0.4997	revert
revés	nm	2.3200	back | reverse | down | backhand
revestir	v	0.3774	clothe
revisar	v	1.1068	revise | review
revisión	nf	0.3925	revision
revisitar	v	0.0835	revisit
revista	nf	1.0686	magazine
revista depredadora	loc	0.0000	predatory journal
revocar	v	0.4463	revoke
revoltijo	nm	0.3071	mishmash
revolución	nf	0.7856	revolution
revolución por minuto	loc	0.0004	revolutions per minute
revolucionario	adj	0.5093	revolutionary
revolver	v	0.4846	actuate
revólver	nm	0.5522	revolver
rey	nm	2.3193	king
Reyes	prop	0.6963	Kings
Reyes Magos	loc	0.0364	Three Kings
rezar	v	2.9535	pray | read
rezo	nm	1.0472	prayer
rezumarse	v	0.0005	seep through
rhema	nm	0.0000	rhema
Rhode Island	n	0.0963	Rhode Island
riacho	nm	0.3841	rivulet
riachuelo	nm	0.6652	rivulet | streamlet
Riad	prop	0.4229	Riyadh
ribera	nf	3.0009	bank | shore | coast
ribereño	adj	0.5490	resident
ribonucleico	adj	0.0427	ribonucleic
ribonucleótido	nm	0.0864	ribonucleotide | ribotide
ribosoma	nm	0.2286	ribosome
ricino	nm	0.3189	castor oil plant
rico	adj	2.7957	rich | wealthy | affluent | well-off | well-to-do
ricota	nf	0.4902	cottage cheese
ridículo	nm	0.1521	reticule
riel	nm	0.4873	rail
rielar	v	0.6220	shine
rienda	nf	0.4622	rein
riesgo	nm	1.4102	risk | hazard | peril
rifa	nf	0.2063	raffle
rifle	nm	0.9436	rifle
rigidez	nf	0.2207	rigidity
rígido	adj	0.6537	rigid
rigor	nm	0.2092	exactness | strictness
riguroso	adj	0.0010	rigurous
Rijeka	prop	0.2504	Rijeka
rijoso	adj	0.6426	troublemaker | lascivious
rima	nf	0.3463	rhyme
rincón	nm	0.8720	corner
ring	nm	1.2748	ring | boxing ring
ringlera	nf	0.1785	swath
rinoceronte	nm	2.1103	rhinoceros | rhino
rinocerote	nf	2.0873	rhinoceros
rinoplastia	nf	0.1788	rhinoplasty | nose job | nose lift
rinorrea	nf	0.0758	rhinorrhea
rintel	nm	0.0000	ring-tailed cat
riña	nf	1.7333	quarrel
riñón	nm	2.2127	kidney
río	nm	5.0747	river
Río	prop	0.0002	The river
Río Erídano	prop	0.0005	The river
riolita	nf	0.2361	rhyolite
ripario	adj	0.4088	riparian | riverine
ripia	nf	0.2822	shake
ripio	nm	0.6940	gravel | rubble
riqueza	nf	1.4730	wealth | richness
risa	nf	1.0829	laugh | laughter
risible	adj	0.1567	petty
risotada	nf	0.2865	guffaw
ristre	nm	0.0258	lance rest
risueño	adj	0.1728	smiling
rítmico	adj	0.1137	rhythmic
ritmo	nm	1.5623	rate | pace | beat | measure | rhythm | lilt
rito	nm	0.5497	rite
ritonavir	nm	0.0000	ritonavir
ritualmente	adv	0.0444	ritually
rivalidad	nf	0.3801	rivalry
rivalizar	v	0.4337	compete
rizar	v	0.6947	curl
rizo	nm	1.0038	curl | loop | reef | terry towelling
rizoma	nm	0.1483	rhizome
robar	v	2.7023	steal
Roberto	prop	0.1742	Robert
robinia	nf	0.0902	black locust
roble	nm	2.3369	oak | coigüe beech | roble beech
roble pedunculado	loc	0.0258	English oak
robledal	nm	0.0007	oak grove
robo	nm	1.0172	theft | robbery
robot	nm	1.4254	robot
robot de cocina	loc	0.1152	food processor
robusto	adj	0.6790	robust
roca	nf	2.3668	rock
rocambolesco	adj	0.0631	rocambolesque
rocanrolear	v	0.3945	rock
rocín	nm	0.8022	nag
rocío	nm	1.5264	dew
rock	nm	0.6832	rock
rodaja	nf	0.8958	slice | rasher | hockey puck
rodaje	nm	0.7820	filming | taxiing | shooting
Ródano	prop	0.0835	Rhône
rodante	adj	0.0738	rolling
rodar	v	1.3103	roll
rodear	v	1.1272	circle | surround
rodilla	nf	2.0796	knee
rodillo	nm	0.4161	rolling pin
rodio	nm	0.5077	rhodium
Rodolfo	prop	0.2595	Rudolph
Rodrigo	prop	0.2045	Roderick
roedor	nm	0.3075	rodent
roel	nm	0.0800	roundel
roentgenio	nm	0.5581	roentgenium
roer	v	1.3779	gnaw
rogar	v	1.6871	beg
Rogelio	prop	0.1760	Roger
rojo	adj	4.3174	red
rol	nm	1.7572	part
rolator	nm	0.0650	rollator
roldana	nf	0.1943	sheave
rollo	nm	1.3565	roll
Roma	n	0.9759	Rome
Roma no se hizo en un día	saying	0.3265	Rome wasn't built in a day
romaico	nm	0.0470	Romaic
romaji	nm	0.1995	romaji | roomaji | roumaji | rōmaji
romana	nf	0.3020	steelyard
romance	adj	0.8120	Romance
romanche	nm	0.0000	Romanche
romaní	adj	0.4542	Romani
románico	adj	0.1635	Romanesque
romanización	nf	0.0000	romanisation | romanization
Romanos	n	0.9028	Romans
románticamente	adv	0.0407	romantically
romanticismo	nm	0.3233	romanticism | Romanticism
Romanticismo	n	0.1761	Romanticism
romántico	adj	0.6072	romantic | Romantic
rombo	nm	0.8749	rhombus | lozenge | turbot | Brill
romboédrico	adj	0.0657	rhombohedral | trigonal
romboide	nm	0.1319	rhomboid
romerillo	nm	0.0005	Chilean romerillo
romero	nm	0.2151	rosemary
romo	adj	2.7417	blunt | dull
rompecabezas	nm	0.5518	puzzle
rompecorazones	adj	0.0546	heartbreaker
rompehuelgas	nmf	0.3213	strikebreaker
rompepelotas	adj	0.0000	ballbuster
rompepiedra	nf	0.0000	stonebreaker
romper	v	1.0081	breach
romper el hielo	loc	0.1840	break the ice
romperse	v	1.6972	break
rompible	adj	0.1336	breakable
rompón	nm	0.1629	eggnog
rompope	nm	0.1629	eggnog
ron	nm	1.1432	rum
roncar	v	1.1380	snore | snort
ronda	nf	1.3769	round | iteration
rondana	nf	0.7435	washer
ronquera	nf	0.2199	hoarseness
ronquez	nf	0.2199	hoarseness
ronquido	nm	0.2728	snore
ronronear	v	0.7537	purr | hum
ropa	nf	1.9504	clothes | garment | dress
ropaje	nm	0.6427	clothing
ropavejería	nf	0.0000	rag-and-bone shop
ropavejero	nmf	0.0440	rag-and-bone man
roque	nm	0.5543	rook
roquín	nm	0.0258	box lunch
rorcual	nm	0.1639	rorqual
rosa	nf	1.2266	rose | pink
rosa	adj	1.1855	pink
Rosa	prop	0.2726	Rose
rosácea	nf	0.0515	rosacea
rosado	adj	2.3663	pink
rosal	nm	0.1669	rosebush
rosario	nm	0.6642	rosary
rosbif	nm	0.2124	roast beef
roseta	nf	0.4116	rosette
rosetón	nm	0.0996	rose window
Rosh Hashaná	nm	0.0864	Rosh Hashanah
rostizar	v	0.2059	bake
rostro	nm	2.9328	face
rotación	nf	0.2203	rotation
rotacional	nm	0.2633	curl
rotacismo	nm	0.0902	rhotacism
rotar	v	0.7699	rotate | spin
rotatorio	adj	0.2255	rotary | rotatory
Róterdam	prop	0.1411	Rotterdam
rótico	adj	0.0515	rhotic
rotonda	nf	0.6874	roundabout
rótula	nf	0.4237	kneecap | patella
rotura	nf	0.6690	rupture
Roxana	prop	0.0000	Rosanna
roya	nf	0.0000	phytophthora
royalty	nm	0.1887	royalty
royuela	nf	0.9774	madder
rozar	v	1.5212	stroke
RPM	nm	0.0590	RPM
Ruán	prop	0.0590	Rouen
Ruanda	n	0.3456	Rwanda
ruandés	adj	0.1584	Rwandan
rubefaciente	adj	0.0000	rubifying
rubéola	nf	0.1857	rubella
rubí	nm	0.6750	ruby
rubia	nf	1.1091	madder
rubidio	nm	0.7750	rubidium
rubio	nm	0.3448	gurnard
rublo	nm	0.0000	rouble | ruble
rubor	nm	0.8870	blush
ruborizar	v	1.5018	flush
ruborizarse	v	0.3090	blush
ruboroso	adj	0.0446	blushing
rucio	nm	1.1659	donkey
ruco	adj	0.9215	old
ruda	nf	0.9296	rue
ruderal	adj	0.0862	ruderal
rudimentario	adj	0.6352	rudimentary
rudimento	nm	0.1891	rudiment
rudo	adj	1.6295	rude | coarse | violent | unpolished
rueda	nf	2.1873	wheel | cartwheel
rueda de prensa	loc	0.1588	press conference
ruedapelota	nmf	0.1523	ball boy | ball girl
rufear	v	0.6165	roof
rufián	nm	0.1288	panderer | pimp
rufián	nmf	0.8911	ruffian | villain
rufo	adj	0.1951	rufous
rugbi	nm	0.4364	rugby
rugby	nm	0.4542	rugby
rugido	nm	0.8705	roar
rugidor	adj	0.1539	roaring
rugiente	adj	0.1539	roaring
rugir	v	1.0324	roar | snarl
rugosidad	nf	0.0000	rugosity
ruido	nm	0.6477	noise
ruido blanco	loc	0.0631	white noise
ruido de sables	loc	0.1485	sabre-rattling
ruidoso	adj	0.9904	noisy
ruina	nf	2.0086	ruin
ruindad	nf	0.2396	baseness
ruinoso	adj	0.4907	rickety | ruinous | tumbledown
ruiseñor	nm	0.5087	nightingale
rular	v	0.4796	roll
ruleta	nf	0.1609	roulette
rulo	nm	0.2217	curler
ruma	nf	0.4828	heap
Rumania	n	1.0221	Romania
rumano	adj	0.0010	romanian
rumano	nm	1.2013	Romanian
rumbo	nm	0.9264	cap
rumen	nm	0.3840	rumen
rumiante	adj	0.2231	ruminant
rumiar	v	0.3136	cud
rumor	nm	1.3942	rumour | murmur
runa	nf	0.5529	rune
rupestre	adj	0.7889	rock
rupicabra	nf	0.5272	chamois
ruptura	nf	0.5710	rupture
rural	adj	0.8688	rural
Rusia	prop	1.7252	Russia
Ruslán	prop	0.0000	Ruslan
ruso	adj	0.0010	russian
ruso	nm	1.9678	Russian
rusojaponés	adj	0.0482	Russo-Japanese
Rut	prop	0.6372	Ruth
ruta	nf	1.1819	route | road
Rute	prop	0.6568	Ruth
rutenio	nm	0.5077	ruthenium
Ruth	prop	0.6372	Ruth
rutherfordio	nm	0.6912	rutherfordium
rutina	nf	0.8155	routine
rutinario	adj	0.7877	routine
SaaS	nm	0.0386	SaaS
Saba	prop	0.1756	Sheba
sábado	nm	2.0099	Saturday
Sábado Santo	prop	0.1046	Holy Saturday
sábalo	nm	0.3252	shad
sabana	nf	0.4185	savanna | savannah
sábana	nf	0.8345	bedsheet | sheet
sabandija	nf	1.1879	bug | louse
sabañón	nm	0.4332	chilblain
sabedor	adj	0.3183	knowing
sabelotodo	nmf	0.7789	know-it-all
saber	v	1.2315	can
sabiduría	nf	1.1251	wisdom
sabio	adj	0.6914	prudent
sablazo	nm	0.0005	blow of a sabre | scrounge money off
sable	nm	0.0364	cutlassfish
sabor	nm	1.1120	flavor | taste
saborear	v	1.2894	taste | savour
sabotaje	nm	1.2747	sabotage
saboteador	adj	0.2728	saboteur
sabotear	v	1.1044	sabotage
sabroso	adj	1.5679	tasty | delicious
sabueso	nmf	1.0088	bloodhound | sleuth | dick | detective
sacacorchos	nm	0.4899	corkscrew
sacapuntas	nm	0.5541	pencil sharpener
sacar	v	2.1799	take
sacar con sacacorchos	loc	0.1926	madden
sacar con tirabuzón	loc	0.1926	madden
sacar del armario	loc	0.5204	out | outing
sacar en cara	loc	1.0700	reproach | something in somebody's face | throw | to
sacar fotos	loc	0.0007	take photos | take a photo
sacar la piedra	loc	0.0963	madden
sacerdocio	nm	0.3554	priesthood
sacerdotal	adj	0.0762	priestly
sacerdote	nmf	0.0014	priest
sachar	v	0.8523	weed
saciar	v	0.6438	satiate
saco	nm	1.7687	bag | sack | jacket
saco de dormir	loc	0.2768	sleeping bag
sacramento	nm	0.2986	sacrament
sacrificar	v	1.0917	sacrifice
sacrificio	nm	0.6010	sacrifice
sacrilegio	nm	0.1170	sacrilege
sacristía	nf	0.1272	sacristy
sacro	adj	0.6456	sacred
sacro	nm	0.3393	sacrum
sacudir	v	1.1196	shake
sacudirse	v	0.9131	shake
sadomasoquismo	nm	0.1485	sadomasochism
saduceo	adj	0.0911	Sadducee
safari	nm	0.4007	safari
safista	nf	0.4592	lesbian
sagacidad	nf	0.5194	sagacity
sagaz	adj	1.5313	sharp
sagital	adj	0.1593	sagittal
Sagitario	prop	0.5572	Sagittarius
sagrado	adj	0.3990	sacred
sah	nm	0.1180	shah
Sahara	n	0.2444	Sahara
Sahara Occidental	n	0.2416	Western Sahara
sahíb	nm	0.1809	sahib
sahumerio	nm	0.5398	incense
saiga	nm	0.1866	saiga
sajón	adj	0.2515	Saxon
Sajonia	prop	0.3026	Saxony
sal	nf	3.2914	salt
sal mineral	loc	0.0000	mineral salt
sala	nf	0.7223	living room
salacot	nm	0.1785	pith helmet | salakot
salamandra	nf	1.1180	salamander
salangana	nf	0.0000	salangane
salar	v	1.6863	salt
salar	nm	0.3235	salt pan
salarial	adj	0.3991	wage
salario	nm	1.7846	wage | salary
salario mínimo	loc	0.1629	minimum wage
salazón	nf	0.1546	pickling
salchicha	nf	0.6607	sausage
salchicha de Viena	loc	0.1022	knackwurst
saldar	v	1.0478	pay
saldo	nm	0.7128	balance
salegar	nm	0.1137	salt lick
Salem	prop	0.0000	Salem
salero	nm	0.5969	salt shaker | salt cellar
salida	nf	1.5265	exit | way out | output
salinidad	nf	0.0963	salinity
salino	adj	0.1255	saline
salir	v	1.8562	go out | exit | turn out
salir del armario	loc	0.2045	come out of the closet | come out
salirse	v	0.2404	leak
salitre	nm	0.0223	saltpeter
saliva	nf	1.1094	saliva | spittle
salmo	nm	0.3048	psalm
salmón	nm	0.5698	salmon
Salmos	n	0.6936	Psalms
salmuera	nf	0.2108	brine
salobre	adj	0.1955	salty
saloma	nf	0.0000	chantey | shanty
salomónico	adj	0.0129	Solomonic
salón	nm	0.0364	sitting room
salpicadero	nm	0.5265	dashboard
salpicar	v	0.8314	splash
salpingoclasia	nf	0.0604	tubal ligation
salsa	nf	0.5992	sauce
salsa barbacoa	loc	0.0981	barbecue sauce
salsifí	nm	0.3865	salsify | vegetable oyster
salsifí blanco	loc	0.3865	salsify | vegetable oyster
salsifí negro	loc	0.3739	black salsify | scorzonera
saltamontes	nm	1.0689	grasshopper
saltante	adj	0.1403	salient
saltar la cuerda	loc	0.3487	jump rope | skip rope | skipping rope
saltarse	v	0.2518	ignore
saltear	v	0.3308	blow up
saltillo	nm	0.5363	glottal stop
salto	nm	1.7527	jump | leap
salty dog	nm	0.0446	salty dog
salubre	adj	0.3982	salubrious
saludable	adj	0.9196	healthy
saludar	v	1.0301	wave | greet | proclaim
saludo	nm	0.0911	salutation
salutación	nf	0.2546	greeting
salvadoreño	adj	0.2253	Salvadoran | Salvadorean | Salvadorian
salvaje	adj	2.3438	wild | ferocious | rampant | savage
salvajemente	adv	0.0939	savagely
salvajismo	nm	0.4270	savagery
salvarsán	nm	0.0005	Salvarsan | arsphenamine
salvavida	nmf	0.0998	lifeguard
salvavidas	nm	0.0000	lifebuoy
sálvese quien pueda	loc	0.2517	every man for himself
salvoconducto	nm	0.1706	safe-conduct
Salzburgo	prop	0.1093	Salzburg
samario	nm	0.4938	samarium
Samarra	prop	0.0000	Samarra | Samarrah
sami septentrional	nm	0.1262	Northern Sami
samisen	nm	0.0794	shamisen
samoano	nm	0.2857	Samoan
samovar	nm	0.5279	samovar
sampán	nm	0.4634	sampan
Samuel	prop	0.9469	Samuel
samurái	nm	0.2461	samurai
samurrar	v	0.2779	put a country to the sword | scorch
San Cristóbal y Nieves	prop	0.0000	Saint Christopher and Nevis | Saint Kitts and Nevis
San Esteban	loc	0.0000	Saint Stephen's Day
San Juan Pie de Puerto	prop	0.0000	Saint-Jean-Pied-de-Port
San Judas	loc	1.3068	Judas
San Lucas	loc	1.3192	Luke
San Marcos	prop	1.4790	Mark
San Marino	prop	0.3872	San Marino
San Mateo	loc	1.6111	Matthew
San Pedro	prop	1.5084	Peter
San Pedro y Miquelón	prop	0.1137	Saint Pierre and Miquelon
San Petersburgo	prop	0.3827	Saint Petersburg
San Vicente y las Granadinas	prop	0.3279	Saint Vincent and the Grenadines
sanción	nf	0.8533	sanction
sancionar	v	0.9231	sanction | to
sancochar	v	0.1876	poach
sancristobaleño	adj	0.0258	Kittsian | Nevisian
sandalia	nf	0.6544	sandal
sandez	nf	1.3441	nonsense | foolishness
sandía	nf	2.2091	watermelon | water melon
Sandro	prop	0.2677	Alexander
sándwich	nm	2.1077	sandwich
saneamiento	nm	0.2639	sanitation
sanear	v	0.0007	to clean up | to compensate | to reform
sanforizar	v	0.0000	sanforize
sangrado	nm	0.4836	bleeding | indentation
sangradura	nf	0.0883	bight
sangralengua	nf	0.9774	madder
sangrar	v	0.8037	bleed
sangre	nf	4.0977	blood
sangre azul	loc	0.3733	blue blood
sangredo	nm	0.0946	alder buckthorn
sangría	nf	0.6018	indentation | bloodletting | sangria
sangriento	adj	1.7759	bloody
sanguijuela	nf	0.8745	leech | medicinal leech
sanguinario	adj	0.3189	bloodthirsty
sanidad	nf	0.5585	health
sanidina	n	0.0631	sanidine
sanmarinense	adj	0.1445	Sammarinese | San Marinese
sano	adj	2.2828	healthy | well
sánscrito	nm	0.3221	Sanskrit
sánscrito	adj	0.0622	Sanskritic
santabárbara	nf	0.0005	powder-room
santalucense	adj	0.0561	Saint Lucian
santateresa	nf	1.2380	mantis | praying mantis
Santiago	prop	1.1124	James | Jacob | Santiago
Santiago de Chile	prop	0.4381	Santiago | Santiago of Chile
santidad	nf	0.1390	holiness
santiguar	v	1.2991	cross
santiguarse	v	1.2387	cross
santo	nm	0.8028	saint
Santo Tomé	loc	0.1179	São Tomé
Santo Tomé y Príncipe	loc	0.3825	São Tomé and Príncipe
santo y seña	loc	0.9583	password | watchword
santotomense	adj	0.0000	Sao Tomean
santuario	nm	0.6148	sanctuary
saña	nf	0.3521	malice | viciousness
sápido	adj	0.1469	tasty
sapiencia	nf	0.1030	sapience
sapo	nm	2.4872	toad
sapo corredor	loc	0.0006	natterjack toad
sapote	nm	0.0000	zapote
saprofítico	adj	0.0258	saprophytic
saprofito	adj	0.1030	saprophyte | saprophytic
saprófito	adj	0.1030	saprophyte | saprophytic
saque de esquina	loc	0.5560	corner kick
saquear	v	0.8795	strip
saqueo	nm	0.1654	sacking
sarampión	nm	0.5004	measles
sarasa	nf	0.0000	yadda yadda yadda
sarcasmo	nm	0.2856	sarcasm
sarcófago	nm	0.3462	sarcophagus
sarcopenia	nf	0.0773	sarcopenia
sarcoplasma	nm	0.0446	sarcoplasm
sardina	nf	0.4209	sardine
sardinero	nm	0.0000	sardiner
sardino	adj	0.2952	kid
sarga	nf	0.0929	serge
sargazo	nm	0.1363	gulfweed | sargasso | giant bladder kelp | giant kelp
sargento	nmf	1.2190	sergeant | C-clamp
sari	nm	0.2301	sari
Sarmacia	prop	0.0892	Sarmatia
sarmiento	nm	0.0011	vine shoot | vine stock
sarna	nf	0.4807	scabies
sarraceno	adj	0.0014	saracen | Saracen
sarracino	adj	0.0014	saracen
sarrio	nm	0.8530	chamois
sarro	nm	0.3231	tartar
sartén	nf	1.2183	frying pan | pan
sartenada	nm	0.0000	panful
sartorio	nm	0.1857	sartorius
sastisfecho	adj	0.2140	satisfied
sastre	n	0.9173	tailor
sastrería	nf	0.0998	tailor's | tailoring
Satán	n	0.5927	Satan
Satanás	n	0.7515	Satan
satánico	adj	0.2864	satanic
satanismo	nm	0.0000	satanism | Satanism
satélite	nm	1.1049	satellite
sátira	nf	0.3123	satire
satisfacción	nf	1.1515	satisfaction | sating | satisfying
satisfacer	v	0.4971	satisfy
satisfacerse	v	0.6666	to | please
satisfactor	nm	1.1282	commodity
satisfactoriamente	adv	0.0628	satisfactorily
satisfactorio	adj	0.3966	satisfactory
saturación	nf	0.1919	saturation
saturar	v	1.1678	cross
Saturno	n	0.5532	Saturn
sauce	nm	1.1880	willow | sallow
saúco	nm	2.2386	elder
saudita	adj	0.4666	Saudi
saudita	n	0.4666	Saudi
sauna	nf	0.4429	sauna
sauvástica	nf	0.0002	sauwastika
savate	nm	0.0000	savate
savia	nf	0.4809	sap
sayete de armas	loc	0.1281	gambeson | aketon | arming doublet | padded jack | pourpoint
sazón	nf	0.3358	condiment | maturity
sazonador	adj	0.1208	seasoning
sazonar	v	1.2182	season | mature
Schleswig-Holstein	prop	0.2061	Schleswig-Holstein
Schuko	prop	0.0182	Schuko
seaborgio	nm	0.6060	seaborgium
Seattle	prop	0.1524	Seattle
Sebastián	prop	0.1480	Sebastian
sebo	nm	0.1812	sebum
secar	v	2.6090	dry
secarse	v	0.0835	run dry
sección	nf	1.7430	section
sección cónica	loc	0.1137	conic section
seccionar	v	0.0311	cut through
secesión	nf	0.7517	secession
seco	adj	1.3364	dry
secreción	nf	0.3541	secretion
secretar	v	0.0783	secede
secretario	nmf	1.1570	secretary
secreto	adj	1.7260	secret
secreto	nm	1.2397	mystery | secret
secta	nf	0.7057	sect | cult
sectario	adj	0.1496	sectarian
sectarismo	nm	0.2296	bigotry
sector	nm	0.5282	sector
sector privado	loc	0.1093	private sector
sectorial	adj	0.0929	sectoral | sectorial
secuaz	nmf	0.2530	acolyte
secuela	nf	0.6936	consequence | sequel
secuencia de apertura	loc	0.4381	opening | title sequence
secuestrar	v	0.3606	kidnap
secuestro	nm	0.4763	sequestration | kidnapping | hijack
secundaria	nf	0.2715	high school | secondary school | middle school
secundario	adj	0.2508	secondary
secuoya	nf	0.1834	redwood
sed	nf	1.8304	thirst
seda	nf	2.0258	silk
sedante	adj	0.2441	sedative
sedar	v	0.1866	sedate
sede	nf	1.6045	see | headquarters
sedentario	adj	0.2009	resident
sedevacantismo	nm	0.1281	sedevacantism
sedicioso	adj	0.3788	seditious | rebel
sediento	adj	0.5448	thirsty
sedimentación	nf	0.0773	sedimentation
sedimento	nm	0.4643	sediment
sedimentología	nf	0.0946	sedimentology
sedosamente	adv	0.0129	silkily
seducción	nf	0.3289	seduction | charm
seductor	adj	0.4173	seductive | captivating
sefardí	adj	0.2622	Sephardi
Séfora	n	0.0815	Zipporah
segar	v	0.3860	reap | mow
segmento	nm	0.3244	segment
segregador	adj	0.0000	segregating
segregar	v	0.4115	secrete | segregate
seguidamente	adv	0.5894	following | in a row
seguido	adj	1.1860	straight | following
seguirse	v	0.5950	result
segunda	adj	0.1017	first mate
Segunda Guerra Mundial	loc	0.0182	Second World War
segunda persona	loc	0.2231	second person
segundero	nm	0.2724	second hand
segundo	adj	3.2653	second
segundo	nm	3.2653	second | assistant
seguramente	adv	1.0349	certainly | likely | probably
segurata	n	1.0169	guard
seguridad	nf	0.7538	safety | security
seguro	nm	0.0000	belaying
seísmo	nm	3.0497	earthquake | seism
selacofobia	nf	0.0182	selachophobia
selección natural	loc	0.1423	natural selection
seleccionar	v	0.7368	select
selectividad	nf	0.2473	selection | A-levels
selenio	nm	0.2547	selenium
seleno	nm	0.2405	crescent | selene
selenógrafo	nmf	0.0000	selenographer
seléucida	adj	0.0515	Seleucid
selfi	n	0.4113	selfie
selfie	n	0.2410	selfie
sellador	adj	0.0682	sealant | sealing
sello	nm	2.6983	seal | stamp
sello postal	loc	0.7162	postage stamp
selva	nf	1.3410	forest | rainforest | woods
selva de Bohemia	n	0.0364	Bohemian Forest
semáforo	nm	0.4268	semaphore | traffic lights | traffic light
semana	nf	2.0293	week
semana laboral	loc	0.0258	working week
Semana Santa	loc	0.1910	Holy Week
semanal	adj	0.4675	weekly
semanalmente	adv	0.2739	weekly
semanario	nm	0.5477	weekly
semántica	nf	0.3786	semantics
semánticamente	adv	0.0499	semantically
semántico	adj	0.3498	semantic
semasiología	nf	0.0964	semasiology
sembradura	nf	0.0515	seeding | sowing
sembrar	v	0.9888	sow | seed
semejablemente	adv	0.5050	similarly
semejantemente	adv	0.5050	similarly
semejanza	nf	0.9290	similarity | likeness
semejar	v	0.8843	resemble
semélparo	adj	0.0000	semelparous
semema	nm	0.0464	sememe
semen	nm	2.5158	semen | sperm
semental	nm	1.2645	stallion | stud
semestre	nm	0.2141	semester
semicilindro	nm	0.0004	semi-cylinder
semicírculo	nm	0.1519	semicircle
semiconductor	adj	0.1326	semiconductor
semicorchea	nm	0.1924	semiquaver | sixteenth note
semidiós	nmf	0.2944	demigod
semiespecie	nf	0.0000	semispecies
semiforme	adj	0.0000	semiformed
semifusa	nf	0.1516	hemidemisemiquaver | sixty-fourth note
semilla	nf	2.4060	seed
semiología	nf	0.8188	semiotics
semiótica	nf	0.8188	semiotics
semipostal	nf	0.0000	semi-postal
semitismo	nm	0.0007	semitism
semitono	nm	0.0729	semitone
sémola	nf	0.5254	semolina
sempiterno	adj	0.2936	sempiternal
senado	nm	0.2695	senate
senador	nm	0.2227	senator
sencillo	nm	1.5121	single
sencillo	adj	1.4798	plain | artless
senda	nf	1.6752	track | path | way
sendero	nm	1.1370	path | track
Séneca	prop	0.1137	Seneca
senectud	nf	0.5767	old age
Senegal	n	0.3885	Senegal
senegalés	adj	0.2124	Senegalese
senil	adj	0.0000	doddering | senile
senilidad	nf	0.3730	old age
senior	nm	0.2360	mister
Senir	prop	0.0002	Senir
seno	nm	2.3581	bosom | breast | sine | sinus
sensación	nf	0.6694	sensation
sensacional	adj	0.1939	sensational
sensacionalismo	nm	0.0976	sensationalism
sensatamente	adv	0.1555	sensibly
sensatez	nf	0.9350	sense
sensato	adj	0.5566	judicious
sensibilidad	nf	0.5923	sensitivity
sensitiva	nf	0.1409	mimosa
sensor	nm	0.2554	sensor
sensorial	adj	0.2283	sensory | sensorial
sensorio	adj	0.1927	sensory
sensorio	nm	0.0000	sensorium
sensual	adj	0.5910	sensual | lascivious
sensualidad	nf	0.1513	sensuality
sentar	v	1.1045	sit
sentarse	v	0.8638	sit down
sentencia	nf	1.6216	sentence
sentenciar	v	0.6194	sentence
sentido	nm	0.7296	direction
sentido	adj	0.5970	sensitive
sentido arácnido	loc	0.0000	Spidey-sense
sentido común	loc	0.3911	common sense
sentimental	adj	0.3761	sentimental
sentimiento	nm	0.5938	sentiment | feeling
sentina	nf	0.1581	bilge
sentir	v	1.6483	regret | be sorry | hear
senzonte	nm	0.2549	mockingbird
seña	nf	1.1108	sign
señal	nf	1.9159	sign
señalar	v	2.2705	mark | point out
señalética	nf	0.0835	signage
señas	nf	0.3266	address
señor	nmf	2.0376	mister | sir | master
Señor	prop	0.7508	Lord
señora	nf	1.3998	madam | lady
señoría	nf	0.1030	lordship
señorío	nm	0.2115	shire
señorita	nf	2.0028	miss | Miss
seños	adj	0.1654	diverse
sépalo	nm	0.1577	sepal
separación	nf	1.1823	separation | detachment
separadamente	adv	0.4764	separately | severally
separar	v	1.8992	separate
separata	nf	0.2708	reprint
sepelio	nm	0.3671	burial
sepia	nf	0.5004	sepia | cuttlefish
sepsis	nf	0.4705	sepsis
septenio	nm	0.0258	septennium
septicemia	nf	0.3976	sepsis | septicemia
septiembre	nm	1.1964	September
séptima	nf	0.2762	seventh
séptimo	adj	0.9890	seventh
septo	nm	0.1457	septum
septuagésimo	adj	0.5332	seventieth
Septuaginta	nf	0.0000	septuagint
séptuplo	adj	0.2714	sevenfold
sepulcro	nm	0.7039	sepulchre
sepultar	v	1.1001	bury
sepulturero	nmf	0.3462	gravedigger
sequedad	nf	0.3416	dryness
sequía	nf	0.5279	drought
séquito	nm	0.3138	entourage | retinue
ser	v	6.4886	be | being
ser	nm	2.7023	being | existence
ser como chino	loc	0.0000	it's Greek to me | it's all Greek to me
ser de cajón	loc	0.0002	that goes without saying
ser humano	loc	2.4355	human being | human
ser más papista que el papa	loc	0.0002	be holier than the Pope
ser todo oídos	loc	0.0004	be all ears
ser un cero a la izquierda	loc	0.4263	cipher | nonentity | John Doe | no-good | to be a good-for-nothing
ser vivo	loc	0.0005	living being organism
sera	nf	0.0182	dosser
serafín	nm	0.1629	seraph
Serbia	n	0.5316	Serbia
serbio	adj	0.5111	Serb | serbian
serbio	nm	0.9252	Serbian
serbocroata	nm	0.1268	Serbo-Croatian
serenar	v	1.1379	to
serenarse	v	1.4712	to | calm down
serendipia	nf	0.3140	serendipity
serenidad	nf	0.8189	serenity
sereno	adj	0.8086	serene
sericina	nf	0.0258	sericin
serie	nf	1.6218	series
seriedad	nf	0.1957	seriousness | earnestness
serifa	nf	0.4173	serif
serigrafía	nf	0.0315	serigraphy | silk-screen
serina	nm	0.0794	serine
sermón	nm	1.0343	sermon
seroconcordante	adj	0.0576	seroconcordant
serodiscordante	adj	0.0631	serodiscordant
serofobia	nf	0.0682	serophobia
serología	nf	0.1375	serology
serológico	adj	0.0341	serologic | serological
seronegativo	adj	0.0258	seronegative
seropositivo	adj	0.0729	seropositive
serotonina	nm	0.1062	serotonin
serpentear	v	0.3540	wiggle
serpiente	nf	3.7256	snake | serpent
serpiente de cascabel	loc	0.5151	rattlesnake
Serpiente de Mar	prop	0.0005	Water Snake
serrar	v	1.1223	saw
serruchar	v	0.2543	saw
serval	nm	0.6366	serval | catfish
servible	adj	0.1743	serviceable
servicial	adj	0.4208	helpful
servicio web	loc	0.0003	web service
servidor proxy	loc	0.1228	proxy server
servil	adj	0.4279	servile
servilismo	nm	0.2300	servility
servilleta	nf	1.0472	napkin | serviette
servilletero	nm	0.1457	napkin ring | napkin holder
servio	nm	1.4029	Serbian
servio	adj	0.7751	Serb
serviola	nf	0.0000	cat-head
servir	v	1.4685	serve
servirse	v	0.7158	have to
sésamo	nm	0.8000	sesame
sesgo de género	loc	0.0005	gender bias
sésil	adj	0.1362	sessile
sesión	nf	0.7411	session
sesquióxido	nm	0.0835	sesquioxide
sestercio	nm	0.0933	sestertius
Set	n	0.1393	Seth
seta	nf	1.5467	mushroom
setenta	adj	0.7331	seventy | seventieth
seudociencia	nf	0.1030	pseudoscience
seudocientífico	adj	0.1222	pseudoscientific
seudónimo	nm	0.5496	pseudonym
severamente	adv	0.1898	severely
severidad	nf	0.2576	severity
severo	adj	1.0625	severe
Sevilla	prop	0.7918	Seville
sexador	nm	0.0005	chick sexer | chicken sexer
sexador	adj	0.0000	sexer
sexador de pollos	loc	0.0005	chick sexer | chicken sexer
sexagésimo	adj	0.6523	sixtieth
sexar	v	0.2861	sex
sexi	adj	0.1643	sexy
sexismo	nm	0.2275	sexism
sexo	nm	1.6878	sex | gender
sexo anal	nm	0.4735	anal sex
sexo oral	loc	0.8017	oral sex
sexólogo	nm	0.1502	sexologist
sexomnio	nm	0.0499	sexsomnia | sleep sex
sextante	nm	0.0773	sextant
Sextante	prop	0.1115	Sextans
sexteto	nm	0.1260	sextet
sexting	nm	0.0569	sexting
sexto	adj	0.8490	sixth
séxtuplo	adj	0.1524	sixfold
sexual	adj	0.6619	sexual
sexualidad	nf	0.4344	sexuality
sexualmente	adv	0.1689	sexually
seychelense	adj	0.1840	Seychellois
seychellense	adj	0.1840	Seychellois
Seychelles	prop	0.3928	Seychelles
shabat	nm	0.0223	Shabbat | Shabbos
Shaddai	prop	0.0003	Shaddai
Shavuot	prop	0.0946	Shavuot
Shekhiná	nf	0.0005	Schechinah | Shechina | Shechinah | Shekinah
Shémita	nm	0.0004	Shemitah
Sherlock Holmes	prop	0.1137	Sherlock Holmes
shií	adj	0.0000	Shi'ite
shiita	adj	0.0000	Shi'ite
shinto	nm	0.0007	shinto
shofar	nm	0.1062	shofar
shogunato	nm	0.1235	shogunate
short	nm	0.3054	shorts
si		1.4074	if
sí	adv	3.2629	yes
sí		1.1736	herself | himself | itself
si y solo si		0.2182	if and only if | iff
si yo fuera tú	loc	0.0000	in someone's shoes
Siberia	prop	0.4125	Siberia
sibila	nf	0.2092	sibyl
sibilino	adj	0.0939	sibylline
sic	adv	0.3944	sic
sicalíptico	adj	1.3563	obscene
sicario	nmf	0.4847	hitman | thug
Sicilia	prop	0.3803	Sicily
siciliano	adj	0.0009	sicilian
siciliano	nm	0.6923	Sicilian
siclo	nm	0.2246	shekel
sicofanta	n	1.1405	sycophant
sicofante	n	1.1405	sycophant
sicomoro	nm	1.1566	sycamore | sycamore fig | plane tree | platan | Scottish maple | buttonball
sicómoro	nm	1.1695	sycamore | sycamore fig | plane tree | platan | Scottish maple | buttonball
sicotrópico	adj	0.0681	psychoactive
sicu	nm	0.0000	panpipe
sida	nm	0.8173	AIDS | aids
siderurgia	nf	0.0000	siderurgy | ironworks
Sídney	prop	0.1152	Sydney
siembra	nf	0.1458	sowing
siempre	adv	1.9499	always | ever
siempretieso	nm	0.9234	roly-poly | roly-poly toy | tilting doll | tumbler | weeble | wobbly man
sien	nf	1.4947	temple
sierra eléctrica	loc	0.3968	chainsaw | chain saw
Sierra Leona	n	0.2494	Sierra Leone
sierraleonés	adj	0.1326	Sierra Leonean
siesta	nf	0.7790	siesta | nap
siete	adj	1.9147	seven
sietecolores	nm	0.9253	goldfinch | European goldfinch | many-colored rush tyrant | blue-and-yellow tanager
siévert	nm	0.0892	sievert
sífilis	nf	0.4695	syphilis
sifilítico	adj	0.2231	syphilitic
sigilo	nm	0.2443	stealth
sigla	nf	0.3932	acronym | initialism
siglo	nm	1.2037	century
signar	v	0.9968	cross
signarse	v	0.9968	cross
signatario	adj	0.1910	signatory
significado	nm	0.9151	meaning
significante	adj	0.1772	significant
signo	nm	1.1108	sign
signo del zodíaco	loc	0.2337	zodiac sign
siguiente	adj	0.9904	following | next
sij	adj	0.0009	sikh
sikh	adj	0.0009	sikh
sílaba	nf	0.3764	syllable
silabación	nf	0.0258	syllabication
silabario	nm	0.3016	primer | syllabary
silábico	adj	0.1014	syllabic
silbar	v	0.7803	whistle
silbato	nm	1.2607	whistle
silbido	nm	0.8568	whistle
silenciar	v	0.6912	silence
silencio	nm	0.6197	silence
silencioso	adj	0.7424	silent
silepsis	nf	0.2271	syllepsis
silesio	adj	0.2022	Silesian
sílfide	nf	0.2031	sylphid
silfo	nm	0.0815	sylph
silicato	nm	0.1513	silicate
silicato de aluminio	loc	0.0000	aluminium silicate | aluminum silicate
silicato de magnesio	nm	0.0000	magnesium silicate
sílice	nf	0.0835	silica
silicio	nm	1.2076	silicon | silicium
silicona	nf	0.4721	silicone
silla	nf	2.3460	chair | seat
silla de montar	loc	2.6589	saddle
silla de montar inglesa	loc	0.0002	burford saddle
silla de ruedas	loc	0.3026	wheelchair
silla ergonómica	loc	0.0002	ergonomic chair
sillar	nm	0.0929	ashlar
sillero	nmf	0.0002	chair maker
sillín	nm	0.6154	saddle
sillón	nm	0.7251	armchair
silo	nm	0.8068	silo
silogismo	nm	0.1893	syllogism
silueta	nf	0.6710	silhouette | outline
silúrico	adj	0.0003	silurian
silvestre	adj	1.3963	wild | rustic | uncultivated
Silvia	prop	0.2077	Silvia | Sylvia
silvicultura	nf	0.5564	silviculture | forestry
silvina	nf	0.1496	sylvite
sima	nf	0.5184	cave
simbionte	nm	0.1087	symbiont
simbiosis	nf	0.1966	symbiosis
simbiótico	adj	0.0981	symbiotic
simbólicamente	adv	0.0694	symbolically
simbólico	adj	0.3379	symbolic | symbolical
símbolo	nm	0.9598	symbol
simbología	nf	0.0835	symbology
simetría	nf	0.2201	symmetry
simétricamente	adv	0.0804	symmetrically
simétrico	adj	0.1093	symmetric
simiente	nf	1.1431	seed
símil	nm	1.2681	simile
símil	adj	1.9892	similar
similar	adj	1.0948	similar
similitud	nf	0.3389	similitude
similor	nm	0.4550	pinchbeck | tombak
simio	nmf	0.9617	ape | monkey | simian
simón	adv	0.2407	yup
Simón	prop	0.3697	Simon | Szymon
simonía	nf	0.0964	simony
simpatía	nf	0.7711	sympathy | liking
simpático	adj	1.2300	nice | simpatico | likeable
simpatizador	adj	0.0857	sympathizer
simple	adj	1.6363	simple
simplemente	adv	0.5424	simply
simpleza	nf	0.1446	simple-mindedness | simpleness | simplicity
simplicidad	nf	0.4698	simplicity
simplificador	adj	0.0000	simplifier | simplifying
simplificar	v	0.3923	simplify
simposio	nm	0.5464	symposium
simulación	nf	0.4109	simulation
simulacro	nm	0.0000	exam
simulador	nmf	0.1577	malingerer
simulador	adj	0.0998	simulated
simular	v	0.8775	simulate | feign | pretend
simultáneamente	adv	0.3190	simultaneously
simultaneidad	nf	0.3788	simultaneity
simultáneo	adj	0.4081	simultaneous
sin		1.3270	without | sans
sin cargo	loc	0.8587	free
sin disputa	loc	0.2746	without a doubt
sin duda	loc	0.4152	without a doubt
sin embargo	loc	1.6266	nevertheless | however | though | in spite of | nonetheless | notwithstanding
sin par	loc	0.0000	beyond comparison
sin querer	loc	0.0911	involuntarily
sinagoga	nf	0.3020	synagogue
sinalefa	nf	0.0705	synalepha
sinapsis	nf	0.2951	synapse | synapsis
sinceramente	adv	0.2192	candidly | honestly | sincerely
sincerar	v	0.3062	justify
sinceridad	nf	0.4261	sincerity
sincero	adj	0.8433	sincere
sinclinal	nm	0.0000	syncline
síncopa	nf	0.3580	syncope | syncopation
síncope	nm	0.8192	syncope | fainting
sincrónico	adj	0.1212	synchronic
sincronismo	nm	0.2033	synchronicity
sincronización	nf	0.0003	sinchronization
sincronizar	v	0.0762	synchronize
sindéresis	nf	0.0000	synderesis
sindicato	nm	0.6632	trade union | labor union
sindiós	nm	0.5151	chaos | havoc | mayhem
sindonología	nf	0.0546	sindonology
síndrome	nm	0.4816	syndrome
síndrome de Asperger	loc	0.0129	Asperger
síndrome de West	nm	0.0003	epileptic spasms | west syndrome
sinécdoque	nf	0.2079	synecdoche
sinecura	nf	0.3367	sinecure
sinéresis	nf	0.2297	synaeresis
sinergia	nf	0.5244	synergy
sinestesia	nf	0.0000	synesthesia
sinfonía	nf	0.3104	symphony
sinfónico	adj	0.1320	symphonic
singámeon	nm	0.0000	syngameon
Singapur	n	0.2592	Singapore
singapurense	adj	0.1588	Singaporean
singladura	nf	0.0005	a day's run
single	adj	0.8157	single
singular	adj	1.7097	singular
singularia tantum	loc	0.0464	singulare tantum
singularidad gravitacional	loc	0.1129	gravitational singularity
sínico	adj	0.0258	Sinic
sinónimo	adj	0.9060	synonym | synonymous
sinople	nm	0.2279	vert
sinopsis	nf	0.4598	synopsis
sinóptico	adj	0.0773	synoptic
sinovia	nf	0.1070	synovia
sinsabor	nm	0.5858	nuisance
sinsonte	nm	0.3513	mockingbird
sintáctico	adj	0.4665	syntactic | syntactical
sintagma	nm	0.2860	syntagm | syntagma
sintaxis	nf	0.4551	syntax
sinterización	nf	0.0631	sinter
sinterizar	v	0.0631	sinter
síntesis	nf	0.2081	synthesis
sintético	adj	0.1985	synthetic
sintetizar	v	0.1514	summarize
sintoísmo	nm	0.9820	Shintoism | Shinto
síntoma	nm	1.4930	symptom
sintomático	adj	0.1567	symptomatic
sintonía	nf	0.0005	audio logo
sintonización	nf	0.0729	tuning
sintonizador	nm	0.1517	tuner
sintonizar	v	0.1920	tune
sintonizarse	v	0.1920	tune
sinuoso	adj	0.4657	sinuous | devious
sinvergonzonería	nf	0.6187	impudence
sinvergüenza	n	2.0002	shameless | scoundrel
Sion	prop	0.2519	Zion | Sion | Tsion | Tzion
sionismo	nm	0.1337	Zionism
sirena	nf	0.4452	mermaid | siren
Siria	n	0.8150	Syria
siríaco	nm	0.2621	Syriac
sirimiri	nm	1.8183	drizzle
sirio	adj	0.4593	Syrian
Sirio	prop	0.6815	Sirius
siro	adj	0.3751	Syrian
sirviente	nmf	1.2413	servant
sisear	v	0.1839	hiss
sismicidad	nf	0.1130	seismicity
sismo	nm	0.9582	earthquake | seism
sismología	nf	0.1953	seismology
sismológico	adj	0.0223	seismologic | seismological
sistema	nm	0.8167	system | establishment
sistema de gestión	loc	0.0697	database management system
sistema digestivo	loc	0.0923	digestive system
sistema físico	loc	0.0182	physical system
sistema glinfático	loc	0.0003	glymphatic system
sistema nervioso	loc	0.3233	nervous system
sistema operativo	loc	0.3339	operating system
sistema solar	loc	0.4784	Solar System | solar system
sistematizar	v	0.1751	systematize
sitiador	adj	0.0000	besieger | besieging
sitiar	v	0.3774	encircle
sitio	nm	2.9362	place | site | website
sitofobia	nf	0.0000	sitophobia
situación	nf	1.4402	situation
sizigia	nf	0.1363	syzygy
sku	nm	0.0003	sku
Skye	prop	0.0000	Isle of Skye | Skye
slapstick	nm	0.0004	Slapstick
slat	nm	0.2365	slat
slipmat	nm	0.0446	slipmat
snack	nm	0.0364	casse-croute
snob	adj	0.3226	snob
snowboard	nm	0.0746	snowboarding
soasar	v	0.0751	cauterize
sobaco	nm	1.3617	armpit | axilla
sobejano	adj	0.1782	plentiful
soberanía	nf	0.6201	sovereignty
soberbia	nf	0.6649	arrogance | hubris
sobornar	v	1.3040	bribe
soborno	nm	0.8695	bribe
sobra	nf	0.6235	surplus
sobradamente	adv	0.3959	excessively | overly | too
sobrante	adj	0.7929	excess | surplus | unnecessary
sobras	nf	0.4112	leftover
sobre		1.7647	above
sobre	nm	1.2497	envelope
sobre de mesana	loc	0.0006	mizen-royal
sobre de primer día	loc	0.0590	first day cover
sobre de proa	loc	0.0003	fore royal
sobre gustos no hay nada escrito	saying	0.1036	there's no accounting for taste
sobre mayor	loc	0.0003	main royal
sobreabundancia	nf	0.1878	superabundance | overabundance
sobreacumulación	nf	0.0644	overaccumulation
sobrealimentador	adj	0.0986	supercharger | supercharging | overfeeder | overfeeding
sobrecarga	nf	0.2834	overcharge | overprint | surcharge
sobreestimación	nf	0.0815	overestimation | overrating
sobreestimado	adj	0.0000	overestimated | overrated
sobreestimar	v	0.3624	overestimate | overrate
sobregirar	v	0.0576	overdraw
sobregiro	nm	0.2246	overdraft
sobreimpreso	adj	0.0000	overprinted
sobremesa	nf	0.0006	table carpet
sobrenadar	v	0.4792	float
sobrenombre	nm	0.9699	nickname
sobrepasar	v	1.6227	pass
sobrepensar	v	0.1130	overthink
sobreperico	nm	0.0006	mizen-royal
sobreperiquito	nm	0.0006	mizen-royal
sobrepeso	nm	0.3124	overweight | overload | excess weight
sobreponer	v	0.0005	be daunted
sobreprecio	nm	0.1875	surcharge
sobreproducción	nf	0.0576	overproduction
sobreproteger	v	0.0364	overprotect
sobresaltarse	v	0.3325	scare
sobresaturar	v	0.0223	oversaturate
sobrescribir	v	0.0929	overwrite | superscribe
sobreseer	v	0.0003	do not prosecute
sobresueldo	nm	0.7283	wage | extra pay
sobretasa	nf	0.0938	surcharge
sobretodo	nm	0.7082	overcoat | greatcoat | topcoat
sobreturismo	nm	0.1261	overtourism
sobreviraje	nm	0.1313	oversteer
sobrevirar	v	0.0657	oversteer
sobrevividor	adj	0.0315	surviving | survivor
sobreviviente	adj	0.7017	survivor
sobrevivir	v	0.5401	survive
sobrevolar	v	0.0722	overfly
sobrina	nf	0.6316	niece
sobrino	nm	0.6584	nephew
sobrio	adj	0.8662	sober
socavar	v	0.3265	subvert
sociable	adj	0.2144	sociable
social	adj	1.3058	social | welfare
socialdemócrata	adj	0.1403	social democrat | social democratic
socialismo	nm	0.2354	socialism
socialité	nf	0.0515	socialite
socializador	adj	0.0364	socializing
socializar	v	0.0000	communise
socialmente	adv	0.0427	socially
sociedad	nf	1.4777	society | company
socio	nm	1.4025	partner
sociología	nf	0.2413	sociology
sociológicamente	adv	0.0364	sociologically
sociológico	adj	0.1907	sociological | sociologic
sociólogo	nmf	0.4356	sociologist
sociométrico	adj	0.0386	sociometric
sociópata	adj	0.1567	sociopath | sociopathic
sociopatía	nf	0.0003	socipathy
socorrer	v	0.5854	succour
socorro	nm	1.8123	help | aid
socrático	adj	0.1152	Socratic
sodio	nm	0.6420	sodium | natrium
Sodoma	prop	0.1137	Sodom
sodomía	nf	0.4735	anal sex | buggery
sodomítico	adj	0.0000	sodomitic | sodomitical
sodomizar	v	0.9208	sodomize | bugger
sofá	nm	0.6686	sofa | couch
sofer	nm	0.0000	sofer
Sofía	prop	0.6358	Sofia
sofisma	nm	0.2226	sophism
sofito	nm	0.1593	soffit
Sofonías	n	0.6204	Zephaniah
sófora	nf	0.0000	kowhai
sofreír	v	0.3050	sauté
software	nm	2.1926	software
soja	nf	0.2274	soy
sojuzgar	v	0.5613	subdue
sol	nm	4.8079	sun | sunshine
Sol	prop	1.1661	Sun | Sol
Sola	prop	0.0364	Soule
solamente	adv	1.4384	solely | only | uniquely
solanina	nf	0.0288	solanine
solapa	nf	0.2039	lapel
solapar	v	0.2116	overlap
solar	nm	0.4413	immovable
solarización	nf	0.0000	solarization
solaz	nm	0.3645	abatement
soldado	nmf	2.2711	soldier
soldador	n	0.2912	welder
soldadura	nf	0.1771	soldering
soldar	v	0.5168	solder | weld
solear	v	0.1390	sunbathe
solecismo	nm	0.4571	solecism
soledad	nf	0.5434	solitude | loneliness
solemne	adj	0.3939	solemn | formal
solemnidad	nf	0.1865	solemnity
solemnizador	adj	0.0000	solemnizer | solemnizing
solemnizar	v	0.0364	solemnize
solenoidal	adj	0.0182	solenoidal
solenoide	nm	0.1070	solenoid
soletilla	nf	0.0000	lady's finger | ladyfinger
solfear	v	0.4355	applaud
solícito	adj	0.5344	attentive | solicitous
solicitud	nf	1.6219	application | request
solidaridad	nf	0.3034	solidarity
solideo	nm	0.2202	zucchetto
solidez	nf	0.1088	solidity
solidificar	v	0.0002	become hard
sólido	adj	0.5231	massive | considerably
soliloquio	nm	0.2043	monologo | monologue
solio	nm	0.5128	throne
solipsismo	nm	0.1969	solipsism
sólito	adj	0.7650	usual
solitón	nm	0.0972	soliton
sollado	nm	0.0631	orlop
sollozar	v	0.7616	sob
sollozo	nm	0.4963	sob
solo	adj	1.7780	only | alone
solo	adv	1.7780	only
solomillo	nm	0.0006	sirloin steak
solsticial	adj	0.1957	solstice | solstitial
solsticio	nm	0.2990	solstice
soltar	v	1.2230	loose | release
soltarse	v	2.2894	break
soltero	adj	1.6314	single | unmarried
solubilidad	nf	0.1703	solubility
solubilización	nf	0.0000	solubilization
solubilizar	v	0.0223	solubilize | disolve
soluble	adj	0.2963	soluble
solución	nf	1.0654	solution
solucionar	v	0.5776	solve
soluto	adj	0.1093	solute
solvencia	nf	0.1180	solvency
solventar	v	0.5475	solve
somalí	nm	0.6284	Somali
Somalia	n	0.4356	Somalia
somatén	nm	0.0981	militia
somático	adj	0.0657	somatic
somatizar	v	0.6666	to | somatise | somatize
sombra	nf	2.5582	shadow | shade
sombrear	v	0.2940	hatch
sombrerería	nf	0.0003	hat factory | hat shop
sombrerero	nmf	0.2132	hatter
sombrero	nm	2.2008	hat
sombrero canotier	loc	0.2435	boater | sennit
sombrero de canal	loc	0.0007	roman hat
sombrero de canoa	loc	0.0007	roman hat
sombrero de copa	loc	0.2386	top hat
sombrero de teja	loc	0.0007	roman hat
sombrero Homburg	loc	0.0223	Homburg
sombrilla	nf	0.7731	umbrella
somero	adj	0.5387	superficial | perfunctory | shallow | cursory
someter	v	1.9216	submit | subdue | subject
somético	adj	0.0000	sodomitic | sodomitical
sommelier	n	0.1366	sommelier
somnífero	adj	0.0386	somniferous | soporific
somnifobia	nf	0.0000	clinophobia | somniphobia
somnílocuo	adj	0.0223	sleeptalker | somniloquist | somniloquous
somniloquia	nf	0.0315	somniloquy | sleeptalking
somniloquía	nf	0.0315	somniloquy | sleeptalking
somnolencia	nf	0.5187	drowsiness | sleepiness
somnoliento	adj	0.7059	sleepy | somnolent | drowsy
sonambulismo	nm	0.3407	sleepwalking | somnambulism
sonámbulo	adj	0.0823	somnambulistic | sleepwalker | somnambulist
sonar a chino	loc	0.3647	it's all Greek to me | it's Greek to me
sonarse	v	0.3902	blow one's nose
sonata	nf	0.2639	sonata
sonatina	nf	0.1208	sonatina
sondear	v	0.8430	fathom
sonetista	nmf	0.0539	sonneteer | sonnetist
soneto	nm	0.2711	sonnet
songo	nm	0.0000	songo
songuear	v	0.6666	to | joke | mock
Sonia	prop	0.1821	Sonya
sónicamente	adv	0.0000	sonically
sónico	adj	0.2154	sonic
sonido	nm	1.4058	sound
sonoluminiscencia	nf	0.0446	sonoluminescence
sonorense	adj	0.0000	Sonoran
sonoridad	nf	0.0341	sonority
sonorización	nf	0.1196	voicing
sonreír	v	0.2410	grin
sonriente	adj	0.0815	smiling
sonrisa	nf	1.1030	smile
sonsacar	v	0.2774	decant
sonso	adj	1.4931	dumb | dullard
sonsonete	nm	0.0288	singsong
soñador	adj	0.7148	dreamer | dreamy
sopa	nf	0.9096	soup
sopesar	v	0.5760	consider
soplagaitas	nmf	0.4217	idiot
soplar y sorber, no puede ser	saying	0.0258	suck and blow
soplarse	v	0.2061	guzzle
soplete	nm	0.0000	blowlamp
sopor	nm	0.4878	drowsiness | sleepiness
soporífero	adj	0.0386	somniferous | soporific
soporte pictórico	loc	0.0003	pictorial support
soquete	nm	0.0609	ankle sock
sor	nf	1.2452	sister
sórabo	nm	0.5519	Sorbian
sorber	v	0.6773	sip
sorbete	nm	0.3148	sorbet
sorbición	nf	0.8316	sip
sorbio	adj	0.2924	Sorb
sorbio	nm	0.0008	Lusatian-Serbian
sordera	nf	0.2045	deafness
sordidez	nf	0.0000	sordidness
sórdido	adj	0.6390	sordid
sordina	nf	1.5039	mute | capo
sordo	adj	1.1821	deaf | voiceless
sordomudo	adj	0.0427	deaf and dumb
sorgo	nm	1.1514	sorghum | milo
sorna	nf	0.2458	irony
soro	nm	0.1317	sorus
sororidad	nf	0.2639	sisterhood | sorority
sorprendente	adj	0.4286	surprising
sorprender	v	1.4407	surprise
sorpresivamente	adv	0.7498	surprisingly | suddenly | unexpectedly
sorpresivo	adj	0.9582	surprising | unexpected | unforeseen | sudden
sorrajar	v	0.3603	smash
sorteo	nm	0.1709	raffle | draw
sortija	nf	1.3752	ring
sortilegio	nm	0.1621	sortilege
sosegar	v	1.1071	abate
sosiego	nm	1.7382	quiet | calm
soso	adj	1.4360	bland
sospecha	nf	0.7617	suspicion
sospechar	v	0.8637	suspect
sospechoso	adj	0.3934	suspicious | fishy | shady | suspect
sostén	nm	1.3202	bra
sostener	v	2.0995	hold | support | sustain
sostenimiento	nm	0.3299	conservation
sotacola	nm	0.0869	crupper
sótano	nm	0.7415	cellar | basement
sotavento	nm	0.2204	lee
soteriológico	adj	0.0000	soteriologic | soteriological
soterrar	v	0.8766	bury | inter
sotho norteño	nm	0.0003	northern sotho
sóviet	nm	0.3864	soviet
soviético	adj	0.3640	Soviet | soviet
soya	nf	0.2785	soy | soybean
spot	nm	0.9169	spot
SQL	nm	0.0864	SQL
sranan tongo	prop	0.0499	Sranan | Sranantongo
Sri Lanka	n	0.5698	Sri Lanka
SSL	nm	0.0000	SSL | TLS
Stalingrado	prop	0.0986	Stalingrad | Сталинград
statu quo	loc	0.1669	status quo
steadicam	nm	0.0000	Steadicam | Steady Cam
Stonehenge	prop	0.1593	Stonehenge
stop motion	loc	0.0000	stop motion
streuselkuchen	nm	0.0003	streusel cake
strudel de manzana	nm	0.0499	apple strudel
su	adj	2.0424	her | his | its | their | your
suabo	adj	0.1062	Swabian
suajili	nm	0.5869	Swahili
suave	adj	1.7192	soft | gentle
suavemente	adv	0.0892	mildly | softly
suavidad	nf	0.1567	softness
suavizar	v	0.5914	soften
suavizarse	v	0.1620	soften
suazi	adj	0.3558	Swazi
suazilandés	adj	0.1302	Swazi
Suazilandia	n	0.3093	Swaziland
subarrendar	v	0.0003	to sublet
subarrendatario	nmf	0.2066	subtenant
subarriendo	nm	0.3466	sublease | subletting
subatómico	adj	0.1014	subatomic
subconsciente	adj	0.0546	subconscious
subcontinental	adj	0.0000	subcontinental
subcontinente	nm	0.3757	subcontinent
subcontratado	adj	0.0810	outsource
subcultura	nf	0.1524	subculture
subcutáneo	adj	0.1588	subcutaneous
subdural	adj	0.0288	subdural
subempleo	nm	0.0631	underemployment
subespecie	nf	0.3253	subspecies
subestimación	nf	0.0609	underestimation
subestimar	v	0.4141	underestimate | underrate
subíndice	nm	0.1137	subscript
subir	v	1.9822	load | raise | climb
subirse	v	0.6252	ride | bolt | go up
súbito	adj	0.5532	sudden
subjetividad	nf	0.0760	subjectivity
subjetivo	adj	0.0003	subjetive
sublevación	nf	0.3802	insurrection
sublevar	v	0.1671	rise up
sublevarse	v	0.1062	rise up
sublimación	nf	0.1093	sublimation
sublime	adj	0.2552	sublime
submarino	nm	0.8941	submarine
subordinado	adj	0.7320	inferior
subportátil	nf	0.0000	subnotebook
subrayar	v	0.7347	underline
subrepticio	adj	0.3084	surreptitious
subsahariano	adj	0.0000	Subsaharan
subsidio	nm	0.4345	subsidy
subsistema	nm	0.0000	subsystem
subsistir	v	0.1446	subsist
subsónico	adj	0.1513	subsonic
substancialmente	adv	0.1009	substantially
substantivación	nf	0.2774	nominalization
subte	nm	1.9538	subway | underground | metro
subteniente	nm	0.1320	second lieutenant
subterfugio	nm	0.4428	subterfuge
subterráneo	adj	0.4381	subterranean
subtítulo	nm	0.2750	caption
suburbio	nm	0.6175	suburb
subvención	nf	0.7875	grant
subvencionar	v	0.1180	subsidize
subvenir	v	0.0000	subvene
subvertir	v	0.4607	destroy
subviraje	nm	0.0998	understeer
subvirar	v	0.0631	understeer
subyacente	adj	0.1313	underlying
subyacer	v	0.0628	underlie
subyugar	v	1.0053	subjugate
sucedáneo	adj	0.0005	sustitute
suceder	v	1.5806	come | happen
sucesión	nf	1.1664	succession | sequence | issue | offspring | series
sucesión convergente	loc	0.0003	suite convergente
sucesión de Fibonacci	loc	0.0482	Fibonacci sequence
sucesivamente	adv	0.1346	successively
suceso	nm	0.5203	achievement
sucesor	adj	0.5656	successor
suciedad	nf	0.7989	filth | obscenity | vulgarity
sucinto	adj	0.3231	succinct
sucio	adj	2.7039	dirty | filthy
Sucot	prop	0.0000	Succot | Sukkos | Sukkot
suculento	adj	0.5808	succulent
sucursal	nf	1.4200	branch | branch office
sud	nm	2.4751	south
Sudáfrica	n	1.0157	South Africa
sudafricano	adj	0.2589	South African
Sudamérica	prop	1.6427	South America
sudamericano	adj	0.3225	South American
Sudán	n	0.5254	Sudan
Sudán del Sur	n	0.3142	South Sudan
sudanés	adj	0.1757	Sudanese
sudario	nm	0.2639	shroud
sudoeste	nm	0.0000	south-west
sudoku	nm	0.3597	sudoku
sudor	nm	2.7913	sweat | perspiration
Suecia	n	1.2202	Sweden
sueco	adj	0.3048	Swede
sueco	nm	0.0004	swedish
suegra	nf	1.3031	mother-in-law
suegrastra	nm	0.0258	stepmother-in-law
suegrastro	nmf	0.0315	stepfather-in-law
sueldo	nm	0.0598	wages
suelo	nm	1.4362	soil | floor
suelto	nm	2.0816	change
sueño	nm	2.5214	dream | sleep | snooze | nap
sueño americano	loc	0.1468	American Dream | American dream
suero	nm	0.3075	serum
suero sanguíneo	loc	0.0000	blood serum
suerte	nf	1.2586	luck | chance
suertudo	adj	0.8496	lucky
suéter	nm	0.4470	cardigan
suficiencia	nf	0.3180	sufficiency
suficientemente	adv	0.4946	sufficiently
sufijación	nf	0.0758	suffixation
sufijo	nm	0.6045	suffix
sufijo derivativo	loc	0.0004	derivational suffix
sufijo flexivo	loc	0.0000	inflectional suffix
sufragismo	nm	0.0182	suffragism
sufragista	adj	0.0407	suffragist
sufridera	nf	0.1878	mild
sufrido	adj	0.5712	patient
sufrir	v	2.0474	bear | pay
sugerencia	nf	0.6721	suggestion
sugerir	v	0.6922	suggest
sugestionar	v	0.1734	propose
suicida	n	0.4752	suicide
suicida	adj	0.2643	hopeless
suicidarse	v	0.9203	suicide | commit suicide
suite	nf	0.2429	suite
Suiza	n	1.4846	Switzerland
suizo	adj	1.0170	Swiss
sujetar	v	1.9900	hold
sujeto	nm	2.0480	subject
sulcus	nm	0.1093	sulcus
sulfatar	v	0.0223	sulphurize
sulfato	nm	0.1242	sulfate
sulfurar	v	0.3985	anger | cross
sulfurarse	v	0.7300	angry | crossed | get
sulfúrico	adj	0.0854	sulfuric
sultanato	nm	0.1738	sultanate
suma	nf	0.9506	sum
sumamente	adv	0.4931	extremely | highly | most
sumando	nm	0.2149	addend
sumar	v	1.3386	add
sumarse	v	0.6838	add
sumatoria	nf	0.1017	summation
sumergible	nm	1.2924	submarine
sumergible	adj	0.5058	submersible
sumergir	v	0.3902	immerse
sumergirse	v	0.5453	dive
sumiller	n	0.1366	sommelier
suministrar	v	1.6159	furnish | supply
sumir	v	0.9648	bury
sumirse	v	0.6777	dive
sumisión	nf	0.6304	submission
Summerland	n	0.0002	summerland
sundanés	nm	0.0751	Sundanese
suntuario	adj	0.1502	luxurious | luxury
suntuoso	adj	0.3701	sumptuous
suño cornudo	loc	0.0000	horn shark
superalimento	nm	0.1803	superfood
supercalifragilisticoespialidoso	adj	0.1250	supercalifragilisticexpialidocious
superchería	nf	0.0407	cantrip
superconductividad	nf	0.1152	superconductivity
superconductor	nm	0.0964	superconductor
supercontagiador	adj	0.0815	superspreader | superspreading
supercuerda	nf	0.0546	superstring
superficial	adj	0.8898	superficial | surface
superficialmente	adv	0.1521	shallowly | superficially
superficie	nf	0.8944	surface
superfluamente	adv	0.0889	superfluously
superfluidad	nf	0.0982	superfluity
superfluo	adj	0.9024	superfluous | unnecessary
superfruta	nf	0.0446	superfruit
superhéroe	nmf	0.0006	superhero
superioridad	nf	0.4092	superiority
superlativo	adj	0.6012	superlative
supermercado	nm	0.4671	supermarket
supernova	nf	0.2231	supernova
súpero	adj	0.7824	superior
superpoder	nm	0.3216	superpower
superposición	nf	0.2481	superposition
superpotencia	nf	0.5545	superpower
supersimetría	nf	0.1093	supersymmetry
supersónico	adj	0.2576	supersonic
superstición	nf	0.6481	superstition
supersticioso	adj	0.4957	superstitious
supérstite	adj	0.0000	outliving | superstite | survivor
supervisión	nf	0.2406	supervision
supervisor	nmf	0.3840	supervisor
supervivencia	nf	0.2937	survival
superviviente	adj	0.3786	survivor
supinación	nf	0.0729	supination
supino	nm	0.2725	supine
suplente	n	0.6074	substitute | surrogate
súplica	nf	0.3947	supplication | plea
suplicar	v	1.0969	beg
suposición	nf	0.5640	supposition
supositorio	nm	0.1910	suppository
supralumínico	adj	0.0892	faster-than-light
supramaxilar	adj	0.0002	supramaxilary
supranacional	adj	0.1408	supranational
suprarrenal	adj	0.0556	suprarenal
supresión	nf	0.2499	suppression
suprimir	v	0.6128	delete | suppress
supuestamente	adv	0.1305	supposedly
sur	nm	2.7525	south
sura	nf	0.7293	sura
Suramérica	prop	1.6179	South America
surcar	v	1.0058	plow | plough
surcir	v	0.6956	darn
surco	nm	0.5477	furrow
surcoreano	adj	0.1803	South Korean
surf	nm	0.1800	surfing
surí	nm	0.2513	Darwin's rhea
suricata	nf	0.2914	meerkat | suricate
Surinam	n	0.0515	Surinam | Suriname
surinamés	adj	0.0182	Surinamer
surquear	v	0.5773	to | furrow
surrealismo	nm	0.3281	surrealism
sursudanés	adj	0.1669	South Sudanese
surtir	v	0.0000	brain wave
survietnamita	adj	0.0000	South Vietnamese
Susana	prop	0.4189	Susan | Sue
suscitar	v	1.1350	cause | provoke
suscribir	v	0.1651	subscribe
suscribirse	v	0.1651	subscribe
suscripción	nf	0.4701	subscription
sushi	nm	0.1821	sushi
susodicho	adj	0.0499	abovementioned
suspender	v	1.2114	suspend
suspensorio	nm	0.1639	jockstrap
suspicacia	nf	0.1920	suspicion
suspicaz	adj	0.6567	suspicious | mistrustful
suspirar	v	0.2408	long for | sigh
sustancia	nf	0.8816	substance
sustancialmente	adv	0.1009	substantially
sustantivación	nf	0.2932	nominalization
sustantivar	v	0.1759	nominalize
sustantivo abstracto	loc	0.2810	abstract noun
sustantivo colectivo	loc	0.5398	collective noun
sustantivo común	loc	0.5065	common noun
sustantivo concreto	loc	0.1828	concrete noun
sustantivo contable	loc	0.0665	countable noun
sustantivo continuo	loc	0.0680	non-count noun | noncountable noun | uncountable noun
sustantivo discontinuo	loc	0.0665	countable noun
sustantivo discreto	loc	0.0665	countable noun
sustantivo no contable	loc	0.0680	non-count noun | noncountable noun | uncountable noun
sustantivo propio	loc	0.5735	proper noun
sustentación	nf	1.0903	lift
sustentador	adj	0.1907	breadwinner | sustainer | sustaining
sustento	nm	1.2985	support | sustenance
sustitución	nf	0.3690	substitution
sustituir	v	0.9556	substitute
sustituto	nmf	0.4295	substitute
susto	nm	0.4974	fright
sustracción	nf	0.4788	subtraction
sustractivo	adj	0.0182	subtractive
sustraendo	nm	0.1030	subtrahend
sustraer	v	0.5830	subtract
sustrato	nm	0.2968	substrate
susurrante	adj	0.0386	whispering
susurrar	v	1.2293	whisper
susurro	nm	0.8807	whisper | murmur
sutache	nm	0.0000	Russia braid | soutache
sutil	adj	0.7317	subtle
sutileza	nf	0.4606	subtlety
SUV	nm	0.0464	SUV
swazi	nm	0.2912	Swazi | Seswati | Swati | siSwati
taba	nf	0.5740	knucklebones | ankle
tabaco	nm	0.6545	cigarette | cigar
tábano	nm	0.6816	horsefly
tabaquería	nf	0.1866	tobacconist's
tabáquico	adj	0.1555	smoking
taberna	nf	1.0609	tavern | pub
tabernáculo	nm	0.7081	tabernacle
tabique	nm	0.6754	partition | septum | thin wall
tabique nasal	loc	0.1669	nasal septum
tabla	nf	1.8623	table | board
tabla periódica de los elementos	loc	0.0005	periodic table of the chemical elements
table dance	loc	0.1269	strip club | table dance
tablero	nm	1.2680	board
tablero chino	loc	0.0546	Chinese checkers
tablestaca	nf	0.0000	sheet pile
tablestacado	nm	0.0892	retaining wall
tableta	nf	0.4326	tablet
tablilla	nf	0.1159	tablet
tabloide	nm	0.1629	tabloid
tablón	nm	0.5756	plank
tabú	nm	0.3192	taboo
taburete	nm	0.7036	stool
tabuyayá	nm	0.0008	Maguari stork
tacaño	adj	0.9972	stingy
tacataca	nm	0.0573	table football
tacha	nf	0.9010	blemish
tachar	v	0.5524	cross out | strike out | strike off
tache	nm	0.0000	crossing out | deletion
tachonar	v	0.2256	stud
tachuela	nf	0.1072	hobnail
tácito	adj	0.4437	tacit
taciturno	adj	0.3386	taciturn
tacómetro	nm	0.3210	tachometer
tacón	nm	2.9787	heel
táctica	nf	1.0066	tactics | tactic
táctico	adj	0.1597	tactical
táctil	adj	0.1453	tactile
tacto	nm	1.1845	feel
tacuche	nm	0.3785	suit
Tadeo	prop	0.2234	Thaddaeus | Thaddeus
taekwondo	nm	0.0669	taekwondo
tafetán	nm	0.2639	taffeta
tafilete	nm	0.0352	maroquin | morocco leather
tafoni	nm	0.0000	tafoni
tafonomía	nf	0.1180	taphonomy
tagalo	nm	0.5568	Tagalog
tagua	nf	0.0311	tagua
tahalí	nm	0.0000	baldrick
tahitiano	nm	0.1513	Tahitian
tahona	nf	0.7563	bakery
tahúr	adj	0.4784	gambler | addicted to gambling
taificación	nf	0.0004	thaification
taificar	v	0.0004	thaify
taiga	nf	0.1757	taiga
taikonauta	n	0.2155	taikonaut
tailandés	nm	0.9827	Thai
Tailandia	n	0.5837	Thailand
Taipéi	prop	0.2127	Taipei
Taiwán	n	0.7947	Taiwan
tajamar	nm	0.2272	basin
tajante	adj	0.6627	adamant
tajante	nm	1.5962	block
tajar	v	0.3390	slice
taka	nm	0.0011	Bangladeshi taka
takfirismo	nm	0.0288	takfirism
tal vez	loc	3.2502	maybe | perhaps
tala	nm	0.1990	tala
talabartero	nm	0.1800	saddler
talacha	nf	0.4126	toil | mattock
talador	adj	0.0751	feller | felling
taladrar	v	0.0998	break through
taladro	nm	1.0036	drill
tálamo	nm	0.5363	thalamus
talante	nm	0.4300	mood | willingness
talasofobia	nf	0.0446	thalassophobia
talasoterapia	nf	0.0482	thalassotherapy
talento	nm	0.9373	talent
tálero	nm	0.1502	thaler
talibán	adj	0.2815	Taliban
talio	nm	0.8749	thallium
talión	nm	0.0000	talion
talismán	nm	0.6076	talisman
talit	nm	0.0773	tallit
talla	nf	1.2015	height
tallado	adj	0.0000	slipped
taller	nm	1.0845	shop | workshop
táller	nm	0.1301	thaler
Tallin	prop	0.2909	Tallinn
tallista	nmf	0.0998	woodcarver
tallo	nm	1.7324	stem | stalk
Talmud	nm	0.1301	Talmud
talo	nm	0.1351	thallus
talón	nm	1.0391	heel
talón de Aquiles	loc	0.1866	Achilles heel
talweg	nm	0.0729	thalweg
tamal	nm	0.2894	tamale
tamaño	nm	1.1108	size
tamarindo	nm	1.4343	tamarind
tambalear	v	0.4700	stagger
tambalearse	v	0.2980	stagger
también	adv	1.9725	also | too
tambor	nm	1.1317	drum
tamil	nm	0.6938	Tamil
tamiz	nm	0.5789	sieve
tamizar	v	2.1227	sift | strain
tamo	nm	0.2228	dust bunny
tampoco	adv	0.3953	neither
tan	adv	1.9464	as | so much
Tanaj	n	0.0004	tanakh
tanatofobia	nf	0.2070	thanatophobia
tanatología	nf	0.1387	thanatology
tanga	nmf	0.4834	g-string | tanga | thong
tangar	v	0.5254	cheat
tangencia	nf	0.0000	tangency
Tánger	prop	0.0854	Tangier
tangir	v	1.5349	play | ring | strum
Tania	prop	0.2124	Tania | Tanya | Tatiana | Tatianna | Tatyanna
tankini	nmf	0.0386	tankini
tanque	nm	1.3851	tank
tantalita	nf	0.1546	tantalite
tántalo	nm	0.5313	tantalum | tantalium
tantear	v	1.4448	feel
Tanzania	n	0.4955	Tanzania
tanzano	adj	0.1785	Tanzanian
tañer	v	1.6410	play
tao	nm	0.0364	tao
taoísmo	nm	0.0003	taoism
tapa	nf	1.2340	cover
tapaboca	nm	0.2443	facemask
tapaculo	nm	0.0000	brier
tapadera	nf	0.9607	lid | cover
tapajuntas	nm	0.0740	flashing
tapar	v	1.9864	cover | cap | plug
taparrabos	nm	0.4307	loincloth
táper	nm	0.0464	Tupperware
tapete	nm	0.9442	runner | carpet | mat | rug
tapioca	nf	0.3698	tapioca
tapir	nm	0.5016	tapir
tapiscar	v	0.3333	to
tapisquear	v	0.6666	to | feel up | paw
tapizar	v	0.1796	wallpaper
taquete	nm	0.5404	dowel | rawlplug | wall plug
taquigrafía	nf	0.2949	shorthand | tachygraphy
taquilla	nf	0.3624	locker | box office
taquímetro	nm	0.0804	tachymeter
taquión	nm	0.1428	tachyon
taquipnea	nf	0.0729	tachypnoea
tara	nf	0.9367	tare | tara
tara	nm	0.0015	yellow-jaw tommygoff | fer-de-lance
tarado	adj	0.5918	moron | moronic
tarantela	nf	0.0631	tarantella
tarar	v	0.5773	tare | to
tararear	v	0.2665	hum
tararse	v	0.3765	spoil | herself
tardar	v	0.1964	take time
tarde	adv	1.4180	late
tarde	nf	0.8246	afternoon
tarde o temprano	loc	0.1857	sooner or later
tardío	adj	0.4492	late
tardo	adj	0.9318	slow
tarea	nf	0.8981	task
tarida	nf	0.0005	tarette
tarifa	nf	0.3168	tariff
tarjeta	nf	1.2717	card
tarjeta amarilla	loc	0.1320	yellow card
tarlatana	nf	0.0000	tarlatan
tarot	nm	0.2034	tarot
tarotista	nmf	0.0005	tarot reader
tarro	nm	1.3528	pot | can | jar
tarta	nf	1.0788	tart | gateau | torte
tartajear	v	0.1351	lisp
tartamudez	nf	0.3157	stuttering
tartamudo	adj	0.0498	stammerer
tartárico	adj	0.0000	tartaric
tártaro	nm	1.2745	Tatar | Tartarus
tártaro de Crimea	loc	0.2155	Crimean Tatar
tártrico	adj	0.0000	tartaric
tartufo	adj	0.4611	hypocrite
tarucha	nf	0.0009	haimara | trahira | tiger characin
tarúpido	adj	0.3258	moron | moronic
tasa	nf	0.6837	rate
tasación	nf	0.3308	appraisal
tasador	adj	0.0004	eveluative
tasador	nmf	0.0004	assesor
tasar	v	0.6915	appraise | assess | fix a price | value
tatarabuelo	nm	0.4554	great-great-grandfather | great-great-mother | great-great-grandparent
tataranieto	nm	0.1794	great-great-grandson
Tatiana	prop	0.2891	Tatiana | Tania | Tanya | Tatianna | Tatyanna
Tatiane	prop	0.0004	Tatian
tatuaje	nm	0.8127	tattoo
tatuar	v	0.3762	tattoo
tau	nm	0.3600	tau
taumaturgia	nf	0.3190	thaumaturgy
taumatúrgico	adj	0.0669	thaumaturgic | thaumaturgical
tauón	nm	0.3278	tau
Tauro	prop	0.8246	Taurus | Bull
taurobolio	nm	0.0604	taurobolium | tauroboly
Taurus	prop	0.8453	Taurus
tautología	nf	0.2304	tautology
tautológico	adj	0.0998	tautological | tautologic
Taxco de Alarcón	prop	0.0000	Taxco
taxi	nm	0.7293	taxicab | taxi | cab
taxi colectivo	loc	0.0000	share taxi
taxidermia	nf	0.1152	taxidermy
taxidermista	n	0.0892	taxidermist
taxímetro	nm	0.3657	taximeter | pelorus
taxista	nmf	0.5336	taxi driver | cabbie
taxón	nm	0.1496	taxon
taxonomía	nf	0.5333	taxonomy
taxonómico	adj	0.0593	taxonomic
tayik	adj	0.4088	Tajik
Tayikia	prop	1.2842	Tajikistan
Tayikistán	n	1.3169	Tajikistan
taylorismo	nm	0.0364	Taylorism
taza	nf	1.6555	cup | mug
té	nm	3.6828	tea
tea	nf	0.3948	firebrand
Tea	prop	0.1662	Theia
teatro	nm	0.0969	theatre | theater
tebano	adj	0.1186	Theban
Tebas	prop	0.1301	Thebes
techador	nmf	0.3618	roofer
techar	v	0.0005	build a roof over
techo	nm	1.2893	roof | ceiling
techo de cristal	loc	0.1669	glass ceiling
tecla	nf	1.1533	key
teclado	nm	0.7680	keyboard
teclado QWERTY	loc	0.0576	QWERTY
teclear	v	0.7922	tap
tecnecio	nm	0.4819	technetium
técnica	nf	0.2241	technique
tecnocapitalismo	nm	0.0000	technocapitalism
tecnocracia	nf	0.1995	technocracy
tecnocrático	adj	0.0874	technocratic
tecnofeudalismo	nm	0.0576	technofeudalism
tecnología	nf	0.7695	technology
tecnológicamente	adv	0.0575	technologically
tecnológico	adj	0.2428	technological
tecolote	nm	0.9480	owl
tectónica de placas	loc	0.0964	plate tectonics
tectónico	adj	0.1014	tectonic
tedio	nm	0.7414	boredom | tedium
tediosamente	adv	0.0315	tediously
tedioso	adj	0.4574	tedious
tefilín	nm	0.0000	tefillin
tegumento	nm	0.0546	tegument
Teherán	prop	0.2664	Tehran
teísmo	nm	0.1363	theism
teísta	adj	0.0729	theist
teja	nf	0.0943	roof tile
tejado	nm	1.9553	roof
tejado de dos vertientes	loc	0.0631	gable roof
tejer	v	0.5562	weave
tejido	nm	0.2694	tissue
tejido adiposo	nm	0.3032	adipose tissue
tejido linfático	loc	0.0003	lymphoid tissue
tejo	nm	0.8973	yew
tejocote	nm	0.0006	mexican hawthorn | tejocote
tejón	nm	2.1434	badger | brock
tela	nf	1.4848	fabric | cloth
telaraña	nf	0.8076	spiderweb
telarañoso	adj	0.0258	cobwebby
tele	nf	0.2833	TV | box | telley
teleférico	nm	0.3041	cable car | ropeway
telefonazo	nm	0.1159	telephone call
telefonear	v	1.2777	telephone
telefónicamente	adv	0.0000	telephonically
telefónico	adj	0.4958	telephone | telephonic | uso atributivo
teléfono	nm	1.6524	telephone | phone
telegrabación	nf	0.0000	kinescope
telegrafía	nf	0.0705	telegraphy
telégrafo	nm	0.6170	telegraph
telegrama	nm	0.4871	telegram
Telémaco	n	0.0729	Telemachus
telenovela	nf	0.5243	soap opera
teleología	nf	0.1115	teleology
telepatía	nf	0.1513	telepathy
telescopio	nm	1.0526	telescope
telescopio de Cassegrain	loc	0.0000	Cassegrain reflector | Cassegrain telescope
telespectador	nmf	0.3560	viewer
teletipo	nm	0.0694	teleprinter | TTY | teletype | teletypewriter
teletrabajo	nm	0.0407	telework | telecommuting
televisión	nf	4.0990	television | TV
televisor	nm	1.5715	television | TV
télex	nm	0.1403	telex
Telmo	prop	0.2016	Erasmus
telnet	nm	0.0000	telnet
telofase	nf	0.0657	telophase
telomerasa	nf	0.0446	telomerase
telón	nm	0.0003	courtain
telugú	nm	0.2592	Telugu
telúrico	adj	0.2371	telluric | terrestrial | tellurian
telurio	nm	0.5111	tellurium
telurómetro	nm	0.0576	tellurometer
tema	nm	2.0480	subject | topic
temblador	nm	0.8979	torpedo
temblador	adj	0.6003	shaky
temblador	nmf	0.0629	quaker
temblante	adj	0.4488	shaky
temblar	v	1.5767	tremble | shake | quiver
temblón	nm	0.0010	common aspen
temblor	nm	0.8464	tremble
tembloroso	adj	0.5383	shaky | tremulous
tembloso	adj	0.4879	shaky | tremulous
temer	v	3.0755	fear | be afraid
temerario	adj	0.7806	reckless
temeridad	nf	0.1975	temerity
temeroso	adj	0.8931	fearful
temible	adj	0.1853	fearsome
temor	nm	2.2849	fear
temoso	adj	0.1692	obstinate
témpera	nf	0.4375	tempera
temperamentalmente	adv	0.0000	temperamentally
temperatura	nf	1.2245	temperature
tempestad	nf	1.5626	storm
tempestuoso	adj	0.4259	stormy
templado	nm	0.6878	template
templanza	nf	0.9311	temperance | mildness | tempering | harmony | moderation
templista	nmf	0.0003	tempera painter
templo	nm	1.3010	temple
temporada	nf	0.9582	season
temporal	adj	0.7265	temporary
temporera	nf	0.0740	seasonal worker | temporary worker
temporero	nm	0.1031	seasonal worker
temprano	adj	1.1820	early
tenacidad	nf	0.5728	tenacity | toughness
tenaz	adj	0.5851	tenacious
tenazmente	adv	0.0258	tenaciously
tenca	nf	0.3078	tench | Chilean mockingbird
tendencia	nf	0.5319	tendency | trend
tenderete	nm	0.5385	display
tendero	nm	0.4866	shopkeeper | storekeeper
tenderse	v	0.2413	lie down
tendinitis	nf	0.0972	tendinitis
tenedor	nm	1.9255	fork
tener	v	2.6406	have | be | hold | feel | must
tener algo que ver con	loc	0.1866	to do with
tener alguien que ver con	loc	0.1866	to do with
tener en cuenta	loc	1.3056	take into account | consider
tener la cabeza bien amueblada	loc	0.1030	have one's head screwed on
tener las de ganar	loc	0.0004	have the upper hand
tener que ver	loc	0.1093	to do with
tener que ver con	loc	0.1093	to do with
tener sentido	loc	0.1337	make sense
tener un pedo	loc	0.0002	be pissed
tenesmo	nm	0.0515	tenesmus
tenia	nf	0.2592	tapeworm
teniente	nmf	0.2384	lieutenant
Tennessee	n	0.1861	Tennessee
Tenochtitlán	prop	0.0786	Tenochtitlan
tensar	v	0.7414	tense
tensegridad	nf	0.0515	tensegrity
tensiómetro	nm	0.0004	blood pressure meter
tensión	nf	0.9153	tension
tensor	adj	0.2136	tensor | tensorial
tentación	nf	0.2484	temptation
tentador	adj	0.2638	tempting
tentar	v	1.0528	touch | tempt
tentar a la suerte	loc	0.1208	tempt fate
tentar al diablo	loc	0.0005	tempt fate flirt with disaster
tentativamente	adv	0.0799	tentatively
tentativo	adj	0.4917	tentative
tentempié	nm	1.5970	snack | bite | roly-poly | roly-poly toy | tilting doll | tumbler | weeble | wobbly man
tentetieso	nm	0.0010	roly-poly toy | roly-poly | tilting doll | tumbler | weeble | wobbly man
tenue	adj	0.6638	tenuous | terse
tenuemente	adv	0.1320	faintly | slightly
teñido	nm	0.5554	dyed
teñir	v	0.7950	dye
teñirse	v	0.7453	to | dye
teocracia	nf	0.1173	theocracy
teocrático	adj	0.1411	theocratic | theocratical
teodicea	nf	0.0007	Theodicy | theodicy
Teodoro	prop	0.2550	Theodore
teofobia	nf	0.0000	theophobia
teofórico	adj	0.0315	theophoric
teogonía	nf	0.0644	theogony
teogónico	adj	0.0258	theogonic
teología	nf	0.3522	theology
teología moral	loc	0.0005	moral theology
teológico	adj	0.1465	theological | theologic
teólogo	adj	0.3028	theologian
teonomía	nf	0.0182	theonomy
teorema	nm	0.4089	theorem
teoría	nf	0.8940	theory
teoría conspiranoica	loc	0.3167	conspiracy theory
teoría conspirativa	loc	0.3167	conspiracy theory
teoría de la conspiración	loc	0.3167	conspiracy theory
teóricamente	adv	0.0835	theoretically
teorizador	adj	0.0182	theorizer | theorizing
teorizante	adj	0.0182	theorizer | theorizing
teosofía	nf	0.1411	theosophy
Teotihuacán	prop	0.0515	Teotihuacan
tepalcate	nm	0.5774	pot
teporocho	adj	0.5221	drunk
teppanyaki	nm	0.0576	teppanyaki
tequesquite	nm	0.0315	tequesquite
tequila	nm	0.1301	tequila
Tequila	prop	0.0000	Tequila
Tequixquiac	prop	0.2024	Tequixquiac
teraamperio	nm	0.0182	teraampere
terabyte	nm	0.0911	terabyte
teracandela	nm	0.0003	teracandela
teraelectronvoltio	nm	0.0003	tera-electron volt
terafaradio	nm	0.0003	terafarad
teragramo	nm	0.0000	teragram
terahercio	nm	0.0000	terahertz
terajulio	nm	0.0315	terajoule
terakelvin	nm	0.0003	terakelvin
teralitro	nm	0.0182	teralitre
terámetro	nm	0.0258	terametre
teranewton	nm	0.0003	teranewton
teraohmio	nm	0.0000	teraohm
terapéutico	adj	0.4171	therapeutic
terasegundo	nm	0.0182	terasecond
teratología	nf	0.0892	teratology
teravatio	nm	0.0407	terawatt
teravoltio	nm	0.0000	teravolt
terbio	nm	0.4938	terbium
tercamente	adv	0.1910	stubbornly
tercer sector	nm	0.0003	social economy
tercera	nf	0.5202	third
tercera persona	loc	0.2527	third person | third party
tercero	adj	1.3172	third
tercio	adj	1.2304	third
terciodécuplo	adj	0.0000	thirteenfold
terciopelo	nm	0.5124	velvet
terco	adj	1.0263	stubborn
teremín	nm	0.0825	theremin
Teresa	prop	0.0825	Teresa
teresita	nf	1.0997	mantis | praying mantis
teriológico	adj	0.0906	mammalogical | theriological | therological
teriomorfismo	nm	0.0892	therianthropy
térmica	nf	0.2086	thermal
térmicamente	adv	0.0000	thermally | thermically
térmico	adj	0.0854	thermic | thermal
terminación	nf	0.4725	ending | termination
terminador	adj	0.0000	finishing
término	nm	1.7573	term
termistor	nm	0.0515	thermistor
termo	nm	0.4479	thermos
termodinámica	nf	0.2747	thermodynamic | thermodynamics
termodinámico	adj	0.1798	thermodynamic
termoeléctrico	adj	0.0657	thermoelectric
termogénesis	nf	0.0740	thermogenesis
termohalino	adj	0.0000	thermohaline
termoiónico	adj	0.0407	thermionic
termolábil	adj	0.0000	thermolabile
termómetro	nm	0.3279	thermometer
termostato	nm	0.2403	thermostat
termotactismo	nm	0.0631	thermotaxis
ternera	nf	1.4913	veal | calf
ternero	nm	1.5319	calf
ternura	nf	0.5139	tenderness
tero	nm	0.1430	southern lapwing
terotero	nm	0.1370	southern lapwing
Terpsícore	prop	0.1803	Terpsichore
terrado	nm	0.0005	flat roof
terraformación	nf	0.0258	terraformation | terraforming
terraformar	v	0.0740	terraform
terramoza	nf	0.0002	bus attendant
Terranova y Labrador	nm	0.1567	Newfoundland and Labrador
terraza	nf	0.8984	terrace | balcony
terremoto	nm	1.2191	earthquake | seism
terrenal	adj	0.5635	terrestrial | earthly
terreno	nm	2.2337	field | pitch
terrestre	adj	0.8865	terrestrial | telluric | Earthling | earthly
terrícola	adj	0.6455	terrestrial
territorio	nm	0.9808	territory
terror	nm	1.0651	terror
terrorífico	adj	0.4621	terrific | terrifying
terrorismo	nm	1.3539	terrorism
terrorista	n	0.5628	terrorist
teruteru	nm	0.1370	southern lapwing
Tesalonicenses	nmf	0.5800	Thessalonians
tesauro	nm	0.3989	thesaurus
tesis	nf	0.5197	thesis
tesitura	nf	0.0000	tessiture
tesón	nm	0.9042	perseverance
tesorería	nf	0.2420	treasury
tesoro	nm	1.2452	treasure
testaferro	nm	0.2361	straw man
testamento	nm	0.7534	will | testament
testarudo	adj	1.6149	stubborn | obstinate
testículo	nm	1.8671	testicle | ball
testificar	v	0.4028	testify | attest
testigo ocular	loc	0.1038	eyewitness
testimoniar	v	0.2848	testify
testimonio	nm	0.8986	testimony
testosterona	nf	0.1166	testosterone
testudo	nf	0.1512	testudo | tortoise
teta	nf	2.5182	tit | nipple | teat | breast
tetánico	adj	0.0000	tetanic
tetanización	nf	0.0000	tetanization
tetanizar	v	0.0000	tetanize
tétanos	nm	0.6519	tetanus
tetera	nf	0.7396	teapot | kettle
tetería	nf	0.0002	tee house
tetina	nf	1.0827	nipple | nota EEUU
tetón	nm	0.7981	center
tetracordio	nm	0.0000	tetrachord
tetradimensional	nm	0.1390	four-dimensional
tetraédrico	adj	0.0729	tetrahedral
tetraedro	nm	0.1769	tetrahedron
tetragonal	adj	0.1363	tetragonal
tetrágono	nm	0.3733	quadrilateral
tetrahidrocannabinol	nm	0.0751	tetrahydrocannabinol
tetralingüe	adj	0.2039	quadrilingual
tetralogía	nf	0.1301	tetralogy
tetrarca	nm	0.0892	tetrarch
tetrarquía	nf	0.1411	tetrarchy
tetrasílabo	adj	0.1150	tetrasyllabic | four-syllable
tétrico	adj	0.5628	gloomy
tetrominó	nm	0.0258	tetromino
tetum	nm	0.2785	Tetum
tetun	nm	0.2838	Tetum
teucro	adj	0.4092	Trojan
teutón	adj	1.3444	German
texano	adj	0.1784	Texan
Texas	prop	0.1689	Texas
Texcoco	prop	0.0000	Texcoco
textil	adj	0.2096	textile
texto	nm	1.9413	text
textura	nf	0.1803	texture
textura de la pintura	loc	0.0004	texture in the painting
therblig	nm	0.0000	therblig
Thuban	n	0.0288	Thuban
ti		1.5161	you
tía	nf	1.6269	aunt
tialismo	nm	0.0315	ptyalism | sialorrhea
tianguis	nm	0.3197	market
tiara	nf	0.1521	diadem
tiastro	nmf	0.0499	stepuncle
tibetano	adj	0.0007	tibetan
tibetano	nm	0.5714	Tibetan
tibio	adj	0.5544	lukewarm
tiburón	nm	1.3351	shark
tiburón ballena	loc	0.0783	whale shark
ticket	nm	0.6504	ticket
ticónico	adj	0.0315	Tychonic
tictac	nm	0.0000	tick tock
tiempo	nm	4.8086	time | tense | weather
tiempo universal coordinado	loc	0.6049	Coordinated Universal Time
tienda	nf	1.9878	shop | tent
tienda por departamentos	loc	0.8293	department store
tierno	adj	1.6858	tender
tierra	nf	3.3516	earth | land | soil | ground
Tierra	n	1.5300	Earth
Tierra del Fuego	prop	0.5923	Tierra del Fuego
tiesto	nm	0.4857	flowerpot | potsherd
tiesura	nf	0.5655	stiffness | conceit
tífico	adj	0.0182	typhoid
Tiflis	prop	0.4226	Tbilisi
tiflológico	adj	0.0003	typhlologic | typhlological
tifoideo	adj	0.0311	typhoid
tifón	nm	0.6675	typhoon
tifus	nm	0.5696	typhus
tigón	nm	0.2178	tigon
tigre	nmf	2.8583	tiger
tiita	n	0.0857	auntie
tijera	nf	2.0523	scissors | bicycle kick | overhead kick | bike kick
tijeras	nf	1.1880	scissors
tijereta	nf	0.4767	earwig
tijereta de las pajas	loc	0.0011	strange-tailed tyrant
tijerilla	nf	0.2900	earwig
Tijuana	prop	0.1159	Tijuana
tila	nm	0.1088	basswood | linden
tilacino	nm	0.0729	Tasmanian tiger
tildarse	v	0.7335	hang
tilín	nf	0.1233	tinkle
tilo	nm	1.5650	lime | linden
timador	nm	0.0511	con man | hustler | scammer | swindler
timar	v	0.8392	scam
timbal	nm	0.0773	timbal
timbiriche	nm	0.0000	dots and boxes
timbre	nm	1.0913	stamp | bell
Timbuktú	prop	0.3468	Timbuktu
time-lapse	nm	0.0561	time-lapse
tímidamente	adv	0.1030	bashfully | shyly
timidez	nf	0.4197	shyness
tímido	adj	1.8264	shy | timid
timo	nm	0.7838	thymus
timocrático	adj	0.0223	timocratic
timón	nm	0.6380	rudder
timón de profundidad	loc	0.2229	elevator
timonel	nmf	0.1801	helmsman
Timor Oriental	n	0.4147	East Timor
timorato	adj	1.2986	shy | prudish | weak-willed | god-fearing
timorense	adj	0.0000	Timorese
tímpano	nm	1.0327	eardrum | tympanic membrane | gable | timpani | kettledrums
tina	nf	0.4470	bathroom
tinaja	nf	0.2938	jar
tinajero	nmf	0.3465	potter
tinción	nf	0.0000	staining
tiniebla	nf	0.8593	darkness
tinieblo	nm	0.5144	lover | jumpoff | sex partner
tinnitus	nf	0.3814	tinnitus
tino	nm	0.5141	visual judgement | dexterity
tinta	nf	1.3347	ink
tinta china	loc	0.0000	Indian ink
tintero	nm	0.2993	inkwell | inkpot
tintinar	v	0.3205	clatter
tintinear	v	0.3205	clatter
tintorería	nf	0.2045	dry cleaning
tío	nmf	2.7677	uncle | bloke | guy
tiorba	nf	0.1812	theorbo
tipear	v	0.7638	type
típicamente	adv	0.1788	typically
típico	adj	0.4265	typical
tiple	nm	0.0003	small discant guitar
tipografía	nf	0.2993	typography
tipográficamente	adv	0.0446	typographically
tipográfico	adj	0.0258	typographic | typographical
tipógrafo	nm	0.2043	typographer
típula	nf	0.3863	crane fly | daddy longlegs
tira	nf	1.1151	strip
tira cómica	loc	0.4070	comic strip
tira de prensa	loc	0.2519	comic strip
tirabeque	nm	0.2262	snow pea
tirabuzón	nm	0.3244	corkscrew | attack piece
tiramiento	nm	0.5802	match | dive
Tirana	prop	0.3666	Tirana
tiranía	nf	0.3176	tyranny
tiranosaurio	nm	0.2761	tyrannosaur
tiranosaurio rex	loc	0.0000	tyrannosaurus rex
tirar	v	1.3898	drag
tirar de talonario	loc	0.0685	shell out
tirar en cara	loc	1.0700	reproach | something in somebody's face | throw | to
tirar la primera piedra	loc	0.0854	cast the first stone
tirar la toalla	loc	0.4092	throw in the towel
tirar piedras contra el propio tejado	loc	0.2023	shoot oneself in the foot
tirarse el pegote	loc	0.5612	boast | brag
tirio	adj	0.1070	Tyrian
tirita	nf	0.8313	band-aid | adhesive bandage | plaster | sticking plaster
tiritar	v	0.6267	quiver
tiritona	nf	0.0536	shivering
tiro	nm	0.0006	gunshoot
tiro con arco	loc	0.2108	archery
tiro de esquina	loc	0.5560	corner kick
tiroides	adj	0.5349	thyroid
tirolesa	nf	0.0000	zip-line
tirolina	nf	0.0000	zip-line
tirosina	nf	0.0854	tyrosine
tirotear	v	0.7365	shoot
tiroteo	nm	0.0000	gunfight
tirotropina	nf	0.0364	TSH | thyroid-stimulating hormone
tirso	nm	0.2246	thyrsus
tisiológico	adj	0.0003	phthisiologic | phthisiological
tisú	nm	0.3791	lamé | tissue paper
tisular	adj	0.0000	tissual
titanio	nm	0.5003	titanium
títere	nm	0.8743	puppet
titeretismo	nm	0.0657	puppetry
titiritear	v	0.3824	shiver
Tito	prop	1.8363	Titus
título	nm	1.3192	title | heading
tiuque	nm	0.1695	chimango caracara
tixotropía	nf	0.1738	thixotropy
tiza	nf	1.2648	chalk
tiznar	v	0.8399	stain | blacken | tarnish
tizón	nm	1.0438	brand | blight | bunt
tizón de la papa	loc	0.0288	late blight | potato blight
tizona	nf	0.8347	sword
tlacuache	nm	1.1703	opossum
Tláloc	n	0.0499	Tlaloc
tlapalería	nf	0.1180	hardware store
TLS	nm	0.0000	TLS
toalla	nf	0.5464	towel
tobiano	adj	0.0000	tobiano
tobiano	nm	0.0000	Tobian
tobillera	nf	0.0002	ankle brace
tobillo	nm	1.1287	ankle
tobogán	nm	1.0477	slide | toboggan
toc		0.4936	knock
TOC	n	0.0258	OCD
tocado	adj	0.2835	bonkers
tocar	v	3.2321	play | touch
tocar madera	loc	0.1196	knock on wood
tocayo	adj	0.5632	namesake
tocino	nm	0.7918	bacon
tocología	nf	0.2632	obstetrics | tocology
tocólogo	nm	0.0546	tocologist
tocón	nm	0.7031	stump
tocón	adj	0.0000	touchy-feeler | touchy-feely
todavía	adv	1.9143	yet | even | even if | even so
todo	adj	1.1897	all
todo el mundo	loc	1.1207	everyone | everybody
todoterreno	nm	0.0005	off-road vehicle
toesa	nf	0.1072	toise
tofu	nm	0.0444	soycheese | tofu
toga	nf	0.3171	toga | gown
Togo	n	0.7058	Togo
togolés	adj	0.1387	Togolese
tok pisin	loc	0.1038	Tok Pisin
tokelauense	adj	0.0773	Tokelauan
toki pona	prop	0.1603	Toki Pona
Tokio	prop	0.2971	Tokyo
toldillo	nm	0.2749	mosquito net
tolerable	adj	0.3238	tolerable
tolerancia	nf	0.4628	tolerance
tolerante	adj	0.4958	tolerant
tolerar	v	1.7181	tolerate | allow
tolete	nm	0.1204	oarlock
tolkieniano	adj	0.0523	Tolkienian
tolondrón	nm	0.6399	bump
tolondrón	adj	0.5918	moron
Toluca	prop	0.1546	Toluca
tolva	nf	0.0004	surge bin
tolvanera	nf	0.3509	dust devil | willy willy
Tom Collins	loc	0.0352	Tom Collins
toma	nf	2.2663	take | seizure
toma y daca	nm	0.0000	give-and-take
tomador	nmf	0.0446	drunkard
tomar del pelo	loc	0.1212	pull someone's leg
tomar el pelo	loc	0.3200	pull someone's leg
tomarse	v	0.9282	use
Tomás	prop	0.4443	Thomas
tomate	nm	2.4971	tomato | bun
tomatero	nmf	0.0002	tomato seller
tómbola	nf	0.1405	tombola
Tombouctou	prop	0.3468	Timbuktu
Tombuctú	prop	0.3468	Timbuktu
tomillo	nm	0.3746	thyme
tomín	nm	0.0002	tomín
tomismo	nm	0.0005	thomism
tomografía	nf	0.1338	tomography
tonada	nf	0.5591	appearance
tondo	nm	0.1252	tondo
tonel	nm	0.6097	barrel
tonelada	nf	0.3508	metric ton | tonne
tono	nm	1.2266	pitch | tone | key | shade | whole step
tonsilolito	nm	0.0546	tonsillolith
tontamente	adv	0.0364	foolishly
tontear	v	0.7532	flirt
tontería	nf	1.2849	foolishness | stupidity
tonto	adj	3.9824	dumb | silly | stupid | foolish
tontuna	nf	0.4158	stupidity
toparca	n	0.0576	toparch
toparquía	nf	0.0000	toparchy
toperol	nm	0.6163	stud
topo	nm	1.6914	mole
topofilia	nf	0.0315	topophilia
topografía	nf	0.2891	surveying | topography
topográficamente	adv	0.0000	topographically
topográfico	adj	0.2077	topographic | topographical
topógrafo	nmf	0.1301	topographer
topológico	adj	0.0920	topological
topólogo	nm	0.0482	topologist
topónimo	nm	0.2479	toponym
Torá	prop	0.3368	Torah
torácico	adj	0.1115	thoracic
tórax	nm	0.4870	thorax
torbellino	nm	0.4620	whirlwind
torcacita	nf	0.0013	picui dove | picui ground dove
torcaza	nf	0.0007	Chilean dove | band-tailed pigeon | eared dove
torcer	v	1.2569	twist | bend
torcerse	v	0.4279	sprain
torcido	adj	1.7181	crooked
tórculo	nm	0.7730	press
tordo	nm	1.1467	blackbird | thrush
torero	nmf	0.0657	bullfighter
tórico	adj	0.0589	toric
torio	nm	0.5241	thorium
torito	nm	0.0014	picui dove | picui ground dove
tormenta	nf	3.3593	storm | thunderstorm | tempest | gale
tornado	nm	1.8722	tornado | twister
tornar	v	0.3238	come back | go back
tornátil	adj	0.0000	flip-flopping
tornavoz	nm	0.3256	canopy | baffle | sounding board
torneo	nm	0.4936	tournament
tornillo	nm	1.5556	screw
torno	nm	0.9375	drill | lathe | winch | potter's wheel
toro	nm	3.3660	bull | torus | steer
toronjil	nm	0.3902	lemon balm
toronjil cuyano	loc	0.0009	common horehound | white horehound
torpe	adj	1.3931	clumsy | butterfingers
torpedeamiento	nm	0.0000	torpedoing
torpedear	v	0.3679	torpedo
torpedo	nm	1.2522	torpedo
torpeza	nf	0.3312	clumsiness
torrar	v	0.5667	roast
torre	nf	1.2672	tower | rook
torre de Babel	loc	0.3971	Tower of Babel
torrefacto	adj	0.0000	torrefied
torrente	nm	0.5019	torrent | mountain stream
torrente sanguíneo	loc	0.2286	bloodstream
torreón	nm	0.0446	donjon
tórrido	adj	0.3970	torrid
torrija	nf	0.0892	French toast
torso	nm	1.7116	torso | trunk
torta	nf	2.5937	cake | slap | sandwich
tortera	nf	0.0005	cake carrier | cake container
torticero	adj	0.2416	unfair | unjust
tortilla	nf	1.2673	omelette | omelet | tortilla
tortilla de patata	loc	0.1666	Spanish omelette
tortilla de patatas	loc	0.1666	Spanish omelette
tortilla española	loc	0.1666	Spanish omelette
tórtola	nf	0.9774	turtle | turtle dove | chilean eared dove
tórtola cordillerana	loc	0.0004	black winged ground dove
tortolita	nf	0.0006	bare-faced ground-dove
tortolita boliviana	loc	0.0005	bare-faced ground-dove
tortolita cuyana	loc	0.0013	picui dove | picui ground dove
tortolita de la puna	loc	0.0004	golden-spotted ground-dove
tortolita quiguagua	loc	0.0003	croaking ground-dove
tortolita rojiza	loc	0.0003	ruddy ground-dove
tortolito	nm	0.1556	lovebird
tortuga	nf	2.0560	turtle | tortoise
tortuoso	adj	0.3832	devious | tortuous
tortura	nf	1.1335	torture
toruno	nm	0.1584	stag
tos	nf	1.5695	cough
tosca	nf	0.2210	tufa
toscano	adj	0.2879	Tuscan
tosco	adj	1.0557	coarse
toser	v	0.9961	cough | compete
tostada	nf	0.6402	toast
tostar	v	0.7841	toast
totalidad	nf	0.3611	totality
totalitarismo	nm	0.1737	totalitarianism
totalizador	adj	0.0000	totalizing
totalmente	adv	0.3117	utterly | quite | absolutely | all | altogether | at all
tótem	nm	0.0773	totem
totemismo	nm	0.1062	totemism
totoaba	nm	0.0364	totoaba
totuma	nf	1.0585	gourd
touchpad	nm	0.1222	touchpad
Toulouse	prop	0.1036	Toulouse
toxemia	nf	0.0000	toxaemia
toxicidad	nf	0.1470	toxicity
tóxico	adj	0.6665	toxic | poison
toxicofobia	nf	0.0000	toxicophobia
toxicogénesis	nf	0.0000	toxicogenesis
toxicología	nf	0.1275	toxicology
toxicológico	adj	0.0515	toxicological
toxicómano	adj	0.7426	drug addict
toxina	nf	0.1363	toxin
tozudez	nf	0.0000	headiness
tozudo	adj	0.5058	stubborn
traba	nf	0.8220	obstacle
trabajarse	v	0.2181	fashion
trabajo	nm	5.4336	work | job
trabajo doméstico	loc	0.0004	domestic labor
trabajo mecánico	loc	0.0003	mechanical work
trabajo reproductivo	loc	0.0004	reproductive labor
trabajólico	adj	0.4981	workaholic
trabalenguas	nm	0.3838	tongue-twister
trabar	v	0.4184	hobble
trabécula	nf	0.0000	trabecula
trabucarse	v	0.0569	misspeak
trabuco	nm	0.1669	blunderbuss
tracto	nm	1.4587	tract | spell | stretch
tractor	nm	0.4683	tractor
tractorista	n	0.1201	tractor driver
tradición	nf	1.3767	tradition
tradicionalmente	adv	0.1784	traditionally
traducción	nf	1.0689	translation
traducción automática	loc	0.1275	machine translation
traducibilidad	nm	0.0531	translatability
traducir	v	1.3593	translate
traductor	adj	0.5384	translator | translater
traer	v	1.0155	bring
tráfago	nm	0.5170	company | bustle
traficante	adj	0.4968	dealer
traficar	v	0.9488	act
tráfico	nm	1.2909	traffic
tragacanta	nf	0.1970	tragacanth
tragacanto	nm	0.2606	tragacanth
tragaluz	nm	0.4385	skylight
tragaperras	nm	0.2275	slot machine
tragar	v	1.6872	swallow | tie
tragedia	nf	0.9264	tragedy
trágico	adj	0.3211	tragic
tragicómico	adj	0.0446	tragicomedic | tragicomic
trago	nm	0.8178	gulp
traición	nf	1.1661	treason | betrayal
traicionar	v	1.1580	betray
traicionero	adj	0.3478	traitorous
traidor	adj	1.1153	traitor
traile	nm	0.1201	southern lapwing
traje	nm	0.9138	suit
traje acuático	loc	0.1502	wetsuit
trajín	nm	0.0849	hecticness
trajinera	nf	0.1562	gondola
trama	nf	0.9951	plot | weft
tramar	v	0.7349	weave
trámite	nm	0.3527	canvass | formality
tramoya	nf	0.5115	con
tramoyista	n	0.3322	stagehand | swindler
trampa	nf	1.1097	pitfall | snare | booby-trap
trampantojo	nm	0.0000	trompe-l'œil
trampero	nm	0.0976	trapper
tramposo	adj	0.5897	deceitful
tranco	nm	0.5062	stride
trancón	nm	1.2753	traffic jam | traffic congestion | snarl-up
tranquilidad	nf	0.5796	tranquillity
tranquilizador	adj	0.0315	calming | reassuring | soothing
tranquilizar	v	1.0857	calm
tranquilizarse	v	0.5513	calm down
tranquillo	nm	0.1426	knack
tranquilo	adj	1.6988	quiet | peaceful
trans	adj	0.1454	trans
transacción	nf	0.7137	transaction
transalpino	adj	0.0813	transalpine
transar	v	1.5244	trade | deal | con | compromise | make out
transbordador	nm	0.6321	ferry
transbordar	v	0.4622	transfer
transcluir	v	0.0675	transclude
transclusión	nf	0.1111	transclusion
transcontinental	adj	0.1062	transcontinental
transcribir	v	0.4200	transcribe
transcripción	nf	1.4923	copy | transcription | duplicate | transliteration | transcript
transcurso	nm	0.6734	course
transdisciplinario	adj	0.0794	interdisciplinary
transductor	nm	0.0000	transductor
transecto	nm	0.0407	transect
transeúnte	adj	0.8536	transient | passer-by | temporary resident
transexualidad	nf	0.2612	transsexuality
transfeminismo	nm	0.1062	transfeminism
transferencia	nf	0.8930	transfer | cession
transferidor	adj	0.0000	transferring
transferir	v	0.0008	to transfer
transfigurar	v	0.1115	transfigure
transformable	adj	0.0258	transformable
transformación	nf	0.9272	transformation
transformacional	adj	0.0000	transformational
transformador	nm	0.7636	transformer
transformador	adj	0.0000	transformational | transformative
transformar	v	0.9995	transform
transformarse	v	0.7579	transform
transformativo	adj	0.1523	transformative
transformismo	nm	0.1866	transformism | cross-dressing
transformista	adj	0.0000	transformist
transfronterizo	adj	0.1123	cross-border | transboundary
tránsfuga	n	0.4669	crook | deserter | turncoat
transfundir	v	0.0546	transfuse
transfusión	nf	0.1991	transfusion
transgénero	adj	0.2496	transgender
transgredir	v	0.4198	transgress
transgresión	nf	0.5172	transgression
transgresivo	adj	0.0682	transgressive
transgresor	adj	0.1545	transgressor
transición	nf	0.7450	segue | transition
transilvano	adj	0.1546	Transylvanian
transistor	nm	0.3774	transistor
transitivo	adj	0.4007	transitive
tránsito	nm	0.9711	transit
transitorio	adj	0.7989	temporary | transitional
translingüístico	adj	0.0129	translinguistic
translit	nm	0.0000	translit
transliteración	nf	0.5125	transcription | transliteration
translúcido	adj	0.7896	translucent
transmigrar	v	0.0531	transmigrate
transmisoginia	nf	0.0773	transmisogyny
transmitir	v	0.5523	transmit
transnacional	adj	0.2425	transnational
transpacífico	adj	0.0341	transpacific
transparencia	nf	0.5058	transparency
transparente	adj	0.9944	transparent
transpirar	v	0.5029	transpire
transpirenaico	adj	0.0003	transpyrenean
transpondedor	nm	0.1056	transponder
transponer	v	0.1914	transpose
transponerse	v	0.1914	transpose
transportador	nm	0.4012	protractor
transportamiento	nm	0.4051	transportation
transportar	v	0.5354	transport
transporte	nm	0.8259	transport
transustanciación	nf	0.1313	transubstantiation
transvasar	v	0.3139	pour
transversal	adj	0.2046	transversal | transverse
transverso	adj	0.4051	transverse | crosswise
tranvía	nm	0.1593	tramway
trapecio	nm	0.3946	trapezoid | trapezium
trapero	nmf	0.0012	rag and bone man
trapezóforo	nm	0.0005	trapezophore | trapezophoron | trapezophorum
trapezoide	nm	0.2983	trapezium | trapezoid
trapillo	nm	0.0002	casual clothes
tráquea	nf	0.4029	trachea | windpipe
traqueomalacia	nf	0.0000	tracheomalacia
traqueotomía	nf	0.0446	tracheotomy
traro	nm	0.0000	crested caracara
tras		0.5642	after | behind
trasanteayer	adv	0.0009	the day before the day before yesterday
trasantepenúltimo	adj	0.0705	preantepenultimate
trasbordador	nm	0.3463	ferry
trasbordar	v	0.3269	transfer
trascendencia	nf	0.4479	transcendence
trascender	v	0.1148	transcend
trasdós	nm	0.0000	extrados
trasero	nm	0.1616	arse
trasferidor	adj	0.0000	transferring
trasfondo	nm	0.5331	background
trasformacional	adj	0.0000	transformational
trasformamiento	nm	0.4636	transformation
trásfuga	n	0.3211	deserter | turncoat
trasfusión	nf	0.1991	transfusion
trasgo	nm	1.1072	goblin
trasgresor	adj	0.1545	transgressor
trasladar	v	0.3966	displace
traslado	nm	1.5982	move | transfer
traslativo	adj	0.0000	translative
trasliterar	v	0.1066	transliterate
trasnochador	adj	0.2300	nighthawk
traspalar	v	0.0664	dish up
trasparente	adj	0.5667	transparent
traspasar	v	1.3799	forward
trasplantación	nf	0.1326	transplantation
trasplantar	v	0.5065	transplant
trastero	nm	0.2657	storeroom
trastienda	nf	0.0813	backroom
trasto	nm	1.5612	thing | junk
trastornar	v	1.9662	capsize | disrupt | move | disquiet
tratado	nm	0.3422	treatise
tratamiento	nm	0.7859	treatment
tratar de tú	loc	0.4845	thou | be on familiar terms with | call by the first name
trato	nm	0.8412	treatment
traumado	adj	0.0352	traumatised | traumatized
traumático	adj	0.1180	traumatic
traumatismo cervical	loc	0.2249	whiplash
traumatizar	v	0.0000	traumatise | traumatize
traumatizarse	v	0.0000	traumatise
traumatología	nf	0.0963	traumatology
trávelin	nm	0.0515	tracking shot
través	nm	0.0000	ribs
travestismo	nm	0.3083	transvestism
travesura	nf	0.6613	prank
traviesa	nf	0.3002	railroad tie
trayecto	nm	0.4981	journey
trayectoria	nf	0.4908	trajectory
trazo	nm	1.0007	stroke
trébol	nm	0.5668	clover | trefoil | clubs
trece	adj	0.1991	thirteen
treceavo	adj	0.5155	thirteenth
trecho	nm	1.5008	stretch
trefilar	v	0.7639	draw
tregua	nf	0.7069	truce
treile	nm	0.1430	southern lapwing
treintaicincoavo	adj	0.0946	thirty-fifth
treintaicuatroavo	adj	0.0751	thirty-fourth
treintaidosavo	adj	0.0773	thirty-second
treintaidoseno	adj	0.0946	thirty-second
treintainueveavo	adj	0.1022	thirty-ninth
treintaiochoavo	adj	0.0972	thirty-eighth
treintaiseisavo	adj	0.0972	thirty-sixth
treintaisieteavo	adj	0.0946	thirty-seventh
treintaitresavo	adj	0.0751	thirty-third
treintaiunavo	adj	0.0976	thirty-first
treintavo	adj	0.0007	tirtieth
trel	nm	0.1201	southern lapwing
tremedal	nm	0.7479	quagmire
tremendo	adj	0.3690	tremendous
trementina	nf	0.4741	turpentine
tremer	v	1.1470	tremble | shake | quiver
tremoso	adj	0.5142	shaky | tremulous
tren	nm	3.1427	train
tren de aterrizaje	loc	0.1885	landing gear | undercarriage
tren de potencia	loc	0.0576	powertrain
trena	nf	0.6715	band | corset
trenar	v	0.0644	plait
treno	nm	0.0815	sled | sleigh
trenza	nf	0.3144	plait | tress
trenzar	v	0.1555	plait
treonina	nf	0.0773	threonine
trépano	nm	0.1300	trepan | trephine
trepar	v	0.8272	climb
treparriscos	nm	0.2808	wallcreeper
trepatroncos	nm	0.0003	Azure Tit
trepidar	v	0.6811	tremble
trepopnea	nf	0.0000	trepopnea
tres	adj	2.7976	three
tres cuartos de lo mismo	loc	0.0003	six of onehalf a dozen of the other
tres en línea	loc	0.0446	noughts and crosses | tic-tac-toe
tres en raya	nm	0.3505	tic-tac-toe | noughts and crosses
tres leches	loc	0.0002	tres leches cake
Tres Marías	loc	0.2563	Orion's Belt | Three Kings | Three Sisters
trescientos	nm	0.4303	three hundred
Tréveris	prop	0.0531	Trier
triaje	nm	0.2012	triage
triangular	adj	0.2931	triangular
triángulo	nm	1.3234	triangle
Triángulo	prop	0.0003	The Triangle
Triángulo Austral	prop	0.0003	The Southern Triangle
triásico	adj	0.0003	triassic
triatlón	nm	0.1654	triathlon
tribal	adj	0.2677	tribal
tribu	nf	1.5871	tribe
tribunal	nm	1.2320	forum | court
tribuno	nm	0.1803	tribune
triciclo	nm	0.2231	tricycle
triclinio	nm	0.0000	triclinium
tricología	nf	0.1598	trichology
tricolor	adj	0.2864	tricolour
tricornio	nm	0.0011	tri-cornered hat
tricotómico	adj	0.0000	trichotomic
tridente	nm	0.6068	trident
tridimensional	adj	0.3068	three-dimensional
triduo	nm	0.0669	triduum
trieja	nf	0.0854	throuple
triel	nm	0.1201	southern lapwing
trífido	adj	0.1046	tripartite
trifolio	nm	0.1508	trefoil
trifosfato de adenosina	loc	0.3115	adenosine triphosphate
trifulca	nf	0.7043	brawl
trigésimo	adj	0.6649	thirtieth
triglicérido	nm	0.0929	triglyceride
triglifo	nm	0.0546	triglyph
trigo	nm	1.2294	wheat
trigonal	adj	0.0834	trigonal
trígono	nm	0.0862	trigon
trigonometría	nf	0.3520	trigonometry
trigonométrico	adj	0.1726	trigonometric
trile	nm	0.0011	yellow-winged blackbird
trilingüe	adj	0.1893	trilingual
trilito	nm	0.0000	trilithon
trilladora	nf	0.6531	thresher | threshing machine
trillar	v	0.3148	thresh
trillardo	nm	0.1221	sextillion
trillizo	adj	0.2072	triplet
trillo	nm	1.6405	trail | threshing-sledge | threshing-board
trilobite	nm	0.2891	trilobite
trilobulado	adj	0.1508	trefoil
trilogía	nf	0.2101	trilogy
trimarán	nm	0.2433	trimaran
trimensual	adj	0.0000	trimonthly
trimestral	adj	0.1887	quarterly
trimestre	nm	0.8857	trimester | term
trineo	nm	0.2111	sleigh | sled | sledge
trinidad	nf	0.4137	trinity
Trinidad y Tobago	prop	0.2576	Trinidad and Tobago
trinitense	adj	0.0794	Trinidadian
trinitrotolueno	nm	0.1014	trinitrotoluene
trinquetilla	nf	0.0000	forestaysail
triodo	nm	0.1551	triode
tripa	nf	1.3078	belly | intestine | gut
tripanofobia	nf	0.0631	trypanophobia
tripanosoma	nm	0.0003	trypanosoma
tripartito	adj	0.0740	tripartite
tripi	nm	0.0630	blotter
tripié	nm	0.2568	tripod
triplano	nm	0.0740	triplane
triplete	nm	0.2930	triplet | treble | hat trick | hat-trick
triplo	adj	0.6861	triple
trípode	nm	0.5534	tripod
trípoli	nm	0.0000	tripoli
Trípoli	n	0.2845	Tripoli
tríptico	nm	0.2350	triptych
triptófano	nm	0.0794	tryptophan
triptongar	v	0.0000	triphthongize
triptongo	nm	0.1546	triphthong
tripulación	nf	0.8113	crew | team
tripulante	n	0.0482	crewman | crew member
triquitraque	nm	0.2657	firecracker
triscaidecafobia	nf	0.1375	triskaidekaphobia
trisílabo	adj	0.0004	three-syllable | trisyllable
trisomía	nf	0.0705	aneuploidy
triste	adj	1.5498	sad
tristemente	adv	0.7641	sadly | unfortunately | regretfully | ruefully | sorrowfully
tristeza	nf	1.8362	sadness | sorrow
tritón	nm	0.1288	triton | eft, newt
triturar	v	1.3526	crush
triunfar	v	0.5557	succeed
triunfo	nm	0.3752	triumph
trivalente	adj	0.0446	trivalent
trizar	v	1.9725	break
troca	nf	0.7514	truck | pickup | pickup truck
trocar	v	0.5636	barter
trófico	adj	0.0446	trophic
trofofilo	nm	0.0000	trophophyll
troglodita	adj	0.2686	troglodyte
troj	nf	1.5214	granary | garret | garner
troje	nf	1.3818	granary | garret | garner
trol	nm	0.4567	troll
trolear	v	0.6041	troll
trombina	nf	0.0000	thrombin
tromboembolia	nm	0.0407	thromboembolism
trombolítico	adj	0.0762	thrombolytic
trombosis	nf	0.1826	thrombosis
trompada	nf	2.1593	punch
trompeta	nf	0.4460	trumpet
trompetilla	nf	0.0515	ear trumpet
trompo	nm	1.1403	top
tronar	v	0.0007	to thunder
tronco	nm	1.5008	trunk | torso
tronera	nf	0.5728	pocket
trono	nm	0.4248	throne
tronos	nm	0.0000	thrones
tropezadura	nf	0.5856	stumble
tropezar	v	1.0353	stumble | trip | bump
tropezarse	v	0.7453	to | (into) | bump | run
tropezón	nm	0.7283	blunder | stumble
tropo	nm	0.2024	trope
troquelar	v	0.2275	chime
trotar	v	0.3808	trot
trotskismo	nm	0.2361	Trotskyism
trotskista	n	0.0364	Trotskyist
trotskista	adj	0.0364	Trotskyist
trovador	nmf	0.4863	troubadour
trovar	v	0.0955	misconstrue | write poetry
Troya	prop	0.4356	Troy
troyano	adj	0.3679	Trojan
trozo	nm	1.0216	piece
trucha	nf	1.1826	trout | brown trout
truculento	adj	0.3545	gruesome | horrifying
trueno	nm	2.0260	thunder
trueque	nm	0.6457	barter | swap | swop
trufa	nf	0.5240	truffle
truhan	adj	0.5928	rogue
truhanería	nf	0.1275	roguery
Trujillo	prop	0.0000	Trujillo
truncamiento	nm	0.1183	clipping
truncar	v	0.1703	truncate
truño	nm	0.1452	turd
trusa	nf	0.2052	briefs
tsunami	nm	0.5684	tsunami
tu	adj	2.1167	your
tú		4.1173	you | thou
tuareg	adj	0.3233	Tuareg
tubérculo	nm	0.1785	tuber
tuberculosis	nf	0.2493	tuberculosis
tubería	nf	0.4674	pipe
Tubinga	prop	0.0499	Tübingen
tubito	nm	0.0004	tubetto
tubo	nm	1.3546	pipe | tube
tubo digestivo	loc	0.1715	digestive tract
tubo fluorescente	loc	0.0004	strip lamp | fluorescent (lamp)
túbulo	nm	0.0000	tubule
tucán	nm	1.0550	toucan
Tucán	prop	0.0003	Toucan
tucán gigante	loc	0.0011	giant toucan | toco toucan
tucán grande	loc	0.2185	toco toucan | giant toucan
tucán toco	loc	0.2185	toco toucan | giant toucan
tuerca	nf	1.7580	nut
tuerto	adj	0.3533	one-eyed
tuerto en el reino de los ciegos	loc	0.0004	one-eyed man in the land of the blind
tuétano	nm	0.6603	marrow | pith
tufillo	nm	0.1302	whiff
tufoso	adj	0.7863	vain
tugrik	nm	0.0705	tugrik
tuitear	v	0.3800	tweet
tul	nm	0.1775	tulle
Tulancingo	prop	0.0004	Tulancingo
tulio	nm	0.5008	thulium
tulipán	nm	0.4394	tulip
tullido	adj	0.2106	paralyzed
tullir	v	0.0003	paralize
tumba	nf	2.9447	tomb | grave
tumefacción	nf	0.4198	swelling
tumor	nm	0.4873	tumor
tumor benigno	loc	0.0003	benign tumor
tumoración	nf	0.3794	tumour | tumor | swelling
tumoroso	adj	0.0000	tumorous
túmulo	nm	0.3291	tumulus
tumulto	nm	0.6822	tumult
tumultuosamente	adv	0.0000	boisterously | tumultuously
tumultuoso	adj	0.4841	tumultuous
tuna	nf	1.1142	prickly pear | nopal
tunante	adj	1.3465	rascal | scallywag
tundir	v	2.8518	beat | drub | shear | thrash
tundra	nf	0.1649	tundra
tunear	v	0.1425	mod | tune
tunecino	adj	0.4023	Tunisian
túnel	nm	0.9401	tunnel
Túnez	n	1.4270	Tunisia | Tunis
tungsteno	nm	1.6362	tungsten | wolfram
túnica	nf	0.2781	tunic
tunicado	nm	0.1134	tunicate
tupinambá	nm	0.0182	Tupinambá
turbación	nf	0.5062	upset
turbador	adj	0.2435	disturbing
turbante	nm	0.9698	turban
turbativo	adj	0.1426	disturbing | uneasing
turbina	nf	0.1798	turbine
turborreactor	nm	0.1480	turbojet
turborrotonda	nf	0.0005	turboroundabout
turbulencia	nf	0.4047	turmoil | cloudiness | turbidness | turbulence | uproar
turbulento	adj	0.5694	turbulent
turco	nm	2.4758	Turkish | turkish
turco	adj	2.4758	Turkish | turkish
turcomano	nm	0.9441	Turkmen
Turín	prop	0.0998	Turin
turismo	nm	1.7569	tourism
turismo de compras	loc	0.0004	shopping turism
turismo sexual	loc	0.1062	sex tourism
turista	n	0.5243	tourist
turístico	adj	0.0760	touristic
turistificación	nf	0.0631	touristification
turistificar	v	0.0576	touristify
Turkmenia	prop	1.2345	Turkmenistan
turkmenio	nm	0.8022	Turkmen
Turkmenistán	n	1.2447	Turkmenistan
turno	nm	1.9102	turn | go
turquesa	adj	0.8044	turquoise
turquesa	nf	0.8044	turquoise
Turquía	n	1.3108	Turkey | Türkiye
túrquico	adj	0.1062	Turkic
tusígeno	adj	0.0002	cough-producing
tutear	v	0.0006	be on first-name terms
tutor	nmf	0.6688	tutor
tutorial	nm	0.1792	tutorial
tutú	nm	0.1362	tutu
tutuma	nf	1.0384	gourd
tutumo	nm	0.7440	gourd
Tuvalu	n	0.2911	Tuvalu
tuyango	nm	0.0008	Maguari stork
tweed	nm	0.1411	tweed
twi	nm	0.1152	Twi
twink	nm	0.3131	twink
twip	nm	0.0000	twip
u		0.9627	or
ua	nf	0.2408	AU
Uagadugú	prop	0.1821	Ouagadougou
uapití	nm	0.0889	elk
ubicable	adj	0.0129	allocable
ubicación	nf	0.7445	location
ubicuidad	nf	0.2750	ubiquity
ubre	nf	0.5152	udder
ucase	nm	0.2862	ukase | ukaz
uchuva	nf	0.0311	goldenberry
Ucrania	n	1.0511	Ukraine
ucraniano	adj	0.0009	ukrainian
ucraniano	nm	1.0858	Ukrainian
ucronía	nf	0.1123	alternate history | uchronia
ucrónico	adj	0.0182	uchronic
udómetro	nm	0.0446	pluviometer
ufano	adj	0.9035	proud
ufología	nf	0.1405	ufology
Uganda	n	0.4172	Uganda
ugandés	adj	0.2045	Ugandan
Ugarit	prop	0.0835	Ugarit
ugarítico	adj	0.2444	Ugaritic
uigur	adj	0.0009	uyghur
újule	interj	0.0182	oh boy
ukelele	nm	0.0000	ukelele | ukulele
ukelín	nm	0.0129	ukelin
Ulán Bator	prop	0.0000	Ulan Bator
úlcera	nf	0.3276	ulcer
ulceración	nf	0.0931	ulceration
ulcerarse	v	0.1662	fester
Uldarico	prop	0.3806	Ulric
ulema	nm	0.1754	alim
Ulises	prop	0.0000	Ulysses
Ulrico	prop	0.3806	Ulric
Úlster	prop	0.1238	Ulster
ulterior	adj	0.0515	ulterior
últimamente	adv	0.3839	recently | lately
ultimidad	nf	0.6036	end
último	adj	1.6088	last
ultraísmo	nm	0.1046	ultraism
ultrajar	v	1.1220	outrage
ultramar	nm	0.3035	overseas
ultramicroscopio	nm	0.0482	ultramicroscope
ultrasonido	nm	0.3292	ultrasound
ulular	v	0.1760	ululate
ululato	nm	0.0499	ululation
umami	adj	0.6584	umami
umbral	nm	1.1271	threshold | doorstep | verge
umbría	nf	0.2586	shady
umbroso	adj	0.4223	shady | umbrageous
umero	nm	0.1586	alder
umlaut	nf	0.2639	umlaut
Umm al-Qaywayn	prop	0.0004	Um al Qaiwain
un		1.1002	a | an
un día es un día	loc	0.0773	what the heck
un huevo	loc	0.8600	a lot
un montón	loc	0.8600	a lot
un taco	loc	0.9332	a lot
un viaje	loc	0.7731	a lot
una golondrina no hace verano	saying	0.0009	one swallow does not make spring | one swallow does not make summer
unánimemente	adv	0.2990	unanimously
unbibio	nm	0.1866	unbibium
unbiunio	nm	0.2375	unbiunium
unción	nf	0.1920	extreme unction | unction | trysail | anointing of the sick | anointing
uncir	v	1.1146	yoke | to
undecagonal	adj	0.0129	undecagonal
undecágono	adj	0.2605	hendecagon | undecagon
undécimo	adj	0.9111	eleventh
undécuplo	adj	0.0000	elevenfold
undoso	adj	0.3760	wavy
UNESCO	n	0.0729	UNESCO
ungido	adj	0.0751	anointed
ungir	v	0.2004	anoint
unguiculado	adj	0.0000	unguiculate
ungulado	adj	0.1411	ungulate
únicamente	adv	1.2673	only
UNICEF	nm	0.0911	UNICEF
unicejo	adj	0.1152	unibrow
unicelular	adj	0.1633	unicellular
único	adj	3.1974	only | solitary | alone | sole | single | unaccompanied
unicornio	nm	0.9582	unicorn
unidad	nf	1.6131	unit | unity
unidad astronómica	loc	0.1639	astronomical unit
unidad de asignación	loc	0.0002	Cluster
unidad física	loc	0.0002	physical unit
unidad lógica	loc	0.0003	logical unit
unificador	adj	0.0311	unifier | unifying
uniformado	adj	0.0604	uniformed
uniforme	adj	1.2784	uniform
uniforme	nm	1.2784	uniform
unilingüe	adj	0.4643	monolingual | unilingual
unión	nf	2.0865	union
Unión Europea	n	0.9728	European Union
Unión Soviética	n	0.3075	Soviet Union
unipersonalidad	nf	0.0000	unipersonality
unisex	adj	0.3338	unisex
unitario	adj	0.0644	Unitarian
universal	adj	0.6076	universal
universidad	nf	2.2980	university | college
universo	nm	1.3271	universe
unívocamente	adv	0.1009	unequivocally
unívoco	adj	0.1187	univocal
UNIX	n	0.0000	UNIX
uno	nm	2.1336	one | human
uno	adj	1.0975	maybe | mutually
uno mismo		0.1399	oneself
untar	v	1.0709	smear | plaster
ununbio	nm	0.6652	ununbium
ununhexio	nm	0.1238	ununhexium
ununoctio	nm	0.6369	ununoctium
ununquadio	nm	0.1221	ununquadium
ununseptio	nm	0.1678	ununseptium
uña	nf	2.5429	nail | fingernail | toenail
uña retráctil	loc	0.0004	retractile claw
upazila	nf	0.0182	upazila
uperisación	nf	0.0005	ultra-high-temperature processing
uperización	nf	0.0006	ultra-high-temperature processing
ups	interj	0.1626	oops
upupa	nf	0.8396	hoopoe
uránico	adj	0.0756	Uranian
uranio	nm	0.7434	uranium
Urano	n	0.5731	Uranus
urbanidad	nf	0.4225	urbanity
urbanista	n	0.1524	urbanist | urban planner
urbanístico	adj	0.3275	urban | urbanistic
urbanización	nf	0.4250	urbanization | urbanisation | condominium
urbanizador	adj	0.0000	urbanizer | urbanizing
urbanizar	v	0.1546	urbanize
urbanizarse	v	0.1093	urbanize | urbanized
urbano	adj	0.4756	urban | urbane
urbe	nf	0.5155	metropolis
urdimbre	nf	0.0004	warf
urdir	v	0.6728	hatch
urdu	nm	0.5021	Urdu
urea	nf	0.1627	urea
urémico	adj	0.0515	uremic
uréter	nm	0.4009	ureter
uretra	nf	0.2848	urethra
urgencia	nf	0.5124	urgency
urgente	adj	0.4209	urgent
urgentemente	adv	0.1304	urgently
urgentísimo	adj	0.0002	top urgent
úrico	adj	0.1701	urinary | uric
urinario	adj	0.2947	urinary
urinario	nm	0.5394	urinal
urna	nf	0.2986	urn | ballot box
uro	nm	0.6008	aurochs | urus
urodelo	adj	0.2013	salamander
urogallo	nm	0.7028	capercaillie | grouse
urología	nf	0.0004	urologie | urology
urológico	adj	0.0854	urologic | urological
urólogo	nm	0.0657	urologist
urpila	nf	0.0010	picui dove | picui ground dove
urpilita	nf	0.0013	picui dove | picui ground dove
urraca	nf	1.2090	magpie
úrsido	nm	0.0704	ursid
Úrsula	prop	0.2318	Ursula
urticaria	nf	0.2056	urticaria
Uruguay	prop	0.9699	Uruguay
uruguayo	adj	0.4125	Uruguayan
usamericano	adj	0.7335	American
usar	v	1.1979	use
Usedom	prop	0.0892	Usedom
uslero	nm	0.3923	rolling pin
uso	nm	1.6620	use
usted		3.7425	you
ustedes		3.0322	you
usual	adj	0.6624	usual
usuario	nm	1.2392	user
usucapión	nf	0.0315	usucaption
usufructo	nm	0.3244	usufruct
usura	nf	0.4701	usury
usurero	n	0.5761	usurer
usurpador	adj	0.1771	usurper
Utah	n	0.0705	Utah
utensilio	nm	3.3142	tool | implement | utensil | instrument
útero	nm	0.1667	uterus | womb
útil	adj	2.7545	useful | helpful
útil	nm	4.4677	tool | implement | utensil | instrument
utilero	nmf	0.0002	props man
utilidad	nf	0.7402	utility
utilitarismo	nm	0.4052	utilitarianism
utilizable	adj	0.3203	usable
utilización	nf	0.0498	utilization | use
utilizarse	v	0.4641	use
utillaje	nm	0.8194	outfit | tooling
utopía	nf	0.5777	utopia
utópico	adj	0.1959	utopian
uva	nf	2.8093	grape
uva lupina	loc	0.6342	aconite
uva rufete	loc	0.0002	rufete grape
uve doble	loc	0.0000	double U
úvula	nf	0.9450	uvula
uxoricida	nm	0.1485	uxoricide
uzbego	adj	0.4837	Uzbek
Uzbekistán	n	1.1770	Uzbekistan
uzbeko	adj	0.6841	Uzbek
uzo	nm	0.3928	door
vaca	nf	2.9635	cow
vaca de San Antón	loc	0.0311	ladybug
vaca lechera	loc	0.2805	cash cow | dairy cow | milch cow
vacaciones	nf	1.1709	holiday | holidays
vacas	nf	0.0182	hols | vacay
vaciar	v	1.2948	empty
vaciarse	v	0.1927	deflate
vacilación	nf	0.2199	vacillation
vacilada	nf	0.8902	party | gag
vacilar	v	0.6145	vacillate
vacile	nm	1.0932	party | gag
vacío	nm	1.2769	vacuum | emptiness | flank steak
vacuna	nf	0.8280	vaccine
vacunación	nf	0.2454	vaccination
vacunador	adj	0.0000	vaccinating | vaccinator
vacunar	v	0.6666	vaccinate
vacuno	adj	0.8304	cattle
vadeador	nm	0.0800	wader
vadear	v	0.2382	wade
vademécum	nm	0.2216	vade mecum | handbook
vagabundear	v	0.0000	lose one's way
vagabundo	adj	1.6071	vagabond | hobo | tramp
vagancia	nf	0.1862	vagrancy
vagar	v	0.5908	loiter | itinerate
vagina	nf	1.1283	vagina
vago	adj	1.1556	lazy
vagón	nm	0.5358	wagon
vaguada	nf	0.1244	thalweg
vaguería	nf	0.2155	laziness | vagantry
vahído	nm	0.3103	dizziness
vaina	nf	1.0247	scabbard | sheath
vainilla	nf	0.4889	vanilla
vaivén	nm	0.1747	back and forth
vajilla	nf	0.0823	cookware
vale	interj	2.3916	OK | all right | ticket
Valencia	prop	0.2028	Valencia
valenciano	nm	0.1208	Valencian
Valeria	prop	0.2476	Valerie
valeriana	nf	0.3094	valerian
valeriánico	adj	0.0000	valeric
Valerio	prop	0.0000	Valery
valerosamente	adv	0.0849	courageously
valeroso	adj	0.4093	valiant
valerse	v	0.5684	use | look after oneself | be allowed
valetudinario	adj	0.1444	valetudinarian
Valhala	n	0.1288	Valhalla
validación	nf	0.2433	validation
validar	v	0.0007	to validate
validez	nf	0.4144	validity
válido	adj	0.2848	valid
valiente	adj	3.5109	brave | valiant | valorous
valientemente	adv	0.1288	recklessly | valiantly | pluckily
valina	nf	0.0854	valine
valioso	adj	0.5814	valuable | worthly
Valladolid	prop	0.2061	Valladolid
valle	nm	0.4242	dale | dell | vale | valley
Valle de Bravo	prop	0.0003	Valle de Bravo
valle de lágrimas	loc	0.0631	vale of tears
Vallvidrera	prop	0.0003	Vallvidrera
valón	nm	0.6208	Walloon
valor	nm	3.3026	worth | value | prize
valor de mercado	loc	0.2586	market value
valor de pico	loc	0.0002	peak value
valor nominal	loc	0.2382	face value | nominal value
valor sentimental	loc	0.0854	sentimental value
valoración	nf	0.7566	assessment
valorar	v	1.9232	value | appraise
valorativo	adj	0.0000	valuative
valorización	nf	0.0000	valorization
valorizar	v	1.7903	value | appraise | valorize
vals	nm	0.2491	waltz
valuación	nf	0.3481	appraisal | valuation
valuar	v	0.4332	appraise
válvula	nf	1.1933	valve
válvula cardíaca	loc	0.1812	heart valve
válvula mitral	loc	0.0386	bicuspid valve | left atrioventricular valve | mitral valve
vampiresa	nf	0.0713	vampiress
vampiro	nmf	1.3121	vampire | vampire bat
van	nf	1.1820	van | minibus
vanadio	nm	0.6295	vanadium
vanagloriarse	v	1.3403	brag | vaunt | boast
vandalismo	nm	0.5102	vandalism
vándalo	nm	0.3539	vandal
Vanesa	prop	0.0854	Vanessa
vanguardia	nf	0.5325	vanguard | avant-garde
vanguardista	adj	0.0000	vanguardist
vanidad	nf	1.1090	vanity
vanidoso	adj	1.0840	vain
vanilla	adj	0.4373	vanilla
vano	nm	0.9966	gate | opening
vanuatense	adj	0.0003	Ni-Venuatu | Vanuatuan
vapor	nm	2.5355	vapor | steam | vapour | steamboat
vaporización	nf	0.3652	evaporate
vaporizar	v	0.5291	vaporize
vapulear	v	2.9684	thrash | beat | drub
varbasco	nm	0.1928	mullein
vari	nm	0.0008	cinereous harrier
variabilidad	nf	0.1036	variability
variación	nf	0.6579	variation
variante	nf	0.7717	variant
varicela	nf	0.4794	chicken pox | chickenpox | varicella
variedad	nf	1.2822	variety | many
variegación	nf	0.0258	variegation
variegado	adj	0.1410	variegated
varietal	adj	0.0258	varietal
varilla	nf	0.7419	spindle
varillaje	nm	0.0005	collection of ribs
varón	nm	4.7572	man | male
varonil	adj	0.4381	manly
varonilmente	adv	0.0000	virilely
Varsovia	n	0.9991	Warsaw
vasco	adj	1.3714	Basque
vascón	adj	0.0000	Vasco
vascónico	adj	0.0258	Vasconic
vasectomía	nf	0.1201	vasectomy
vasija	nf	1.1737	vessel
vaso	nm	1.2328	glass | vessel
vaso sanguíneo	loc	0.2738	blood vessel
vasodilatador	adj	0.0786	vasodilator
vástago	nm	0.4667	scion
vasto	adj	1.1023	vast
váter	nm	3.1120	toilet
Vaticano	n	0.3594	Vatican
vaticinador	adj	0.0182	prognosticator
vaticinar	v	0.8089	predict | vaticinate | foretell
vatio	nm	0.5727	watt
vato	nm	0.2275	dude
váucher	nm	0.1385	voucher
vecera	nf	0.2407	cattle
vecindad	nf	0.9498	neighborhood
vecindario	nm	0.0000	neighbourhood | neighborhood | quartier
vecino	adj	1.2902	neighbour | neighbor
vector	nm	0.2930	vector
vectorial	adj	0.1255	vectorial
vedar	v	1.7896	ban | impede | obstruct | prohibit | forbid | proscribe
védico	nm	0.0604	Vedic Sanskrit
vedutismo	nm	0.0931	veduta
vega	nf	0.2718	floodplain
veganismo	nm	0.2045	veganism
vegano	adj	0.2013	vegan
vegetación	nf	0.5400	vegetation
vegetal	adj	1.1358	vegetable
vegetar	v	0.1334	vegetate
vegetarianismo	nm	0.1757	vegetarianism
vehemencia	nf	0.4299	vehemence
vehemente	adj	0.4098	vehement
vehículo	nm	0.7855	vehicle | excipient
veinte	adj	1.2407	twenty
veinticincoavo	adj	0.1194	twenty-fifth
veinticuatroavo	adj	0.1093	twenty-fourth
veintidosavo	adj	0.1194	twenty-second
veintinueveavo	adj	0.1062	twenty-ninth
veintiochoavo	adj	0.1166	twenty-eighth
veintiseisavo	adj	0.1194	twenty-sixth
veintisieteavo	adj	0.1404	twenty-seventh
veintitresavo	adj	0.1152	twenty-third
veintiunavo	adj	0.2150	twenty-first
veintiuno	nm	0.1616	blackjack
veisalgia	nf	0.0288	veisalgia
vejación	nf	0.5464	vexation
vejez	nf	0.7873	old age
vejiga	nf	0.3212	bladder
vejigatorio	adj	0.0723	vesicant
vela	nf	2.2258	sail | candle
vela cangreja	loc	0.0515	gaff rig
vela latina	loc	0.1137	lateen
velada	nf	0.8488	party | soirée
velamen	nm	0.5475	sails | canvas
velarización	nf	0.0955	velarization
velarizar	v	0.0446	velarize
velcro	nm	0.0589	velcro
veleidad	nf	0.1407	fickleness
velejar	v	0.3944	sail
velero	nm	0.6731	sailboat
veleta	nf	0.0000	weathervane | weather vane
velís	nm	0.2428	suitcase
veliz	nm	0.2428	suitcase
vello	nm	0.5397	body hair | vellus hair
vello púbico	loc	0.3338	pubic hair
vellón	nm	1.2375	billon | fleece
vellosidad	nf	0.0618	villus
velludo	adj	0.5707	hairy | hairy-bodied
velo	nm	0.7917	veil
velo de flor	loc	0.2266	haze
velocidad	nf	2.1620	speed | pace | gear | velocity
velocidad de crucero	loc	0.1229	cruising speed
velocidad de la luz	loc	0.2654	speed of light
velocímetro	nm	0.2318	speedometer
velocípedo	nm	0.3203	velocipede
veloz	adj	1.9468	fast | swift | quick
velozmente	adv	0.3951	quickly
vena	nf	1.1154	vein
venado	nm	2.0000	deer
venado de las Pampas	loc	0.0008	Pampas deer
venado pampero	loc	0.0008	Pampas deer
venal	adj	0.2408	venal
vencedor	adj	0.3314	winner
vencejo canoso	loc	0.0006	dusky swift
vencejo de cascada	loc	0.0006	dusky swift
vencejo pardo	loc	0.0006	dusky swift
vencer	v	1.6634	win
Venceslao	prop	0.1577	Wenceslaus
vencimiento	nm	0.3368	accomplishment
venda	nf	0.6834	bandage
vendaje	nm	0.5244	bandage
vendedor	nmf	1.3950	seller | salesman | vendor
vendedor ambulante	loc	0.0004	street vendor
vender	v	1.9768	sell | vend
vender juncia	loc	0.4026	boast
vendimia	nf	0.7274	vintage | harvest | grape harvest
Venecia	prop	0.3456	Venice
veneciano	adj	0.3540	Venetian
venela	nf	0.6432	alley
venenífero	adj	0.3601	venomous | poisonous
veneno	nm	1.8195	poison
venenoso	adj	0.8163	poisonous | venomous
veneración	nf	0.2808	veneration
venerar	v	0.5063	adore
venéreo	adj	0.1821	venereal
venereológico	adj	0.0000	venereological
venero	nm	1.5079	well
venético	nm	0.0006	venetic
Véneto	n	0.1338	Veneto
venezolano	adj	0.2563	Venezuelan
Venezuela	n	0.8421	Venezuela
vengador	adj	0.0998	avenger
venganza	nf	1.0665	revenge | vengeance
vengar	v	0.4011	revenge | avenge
vengarse	v	0.2721	take revenge
venir	v	2.4807	come
venta	nf	0.3869	sale
ventaja	nf	1.0810	advantage | good
ventalle	nm	0.7289	fan
ventana	nf	2.7487	window
ventilación	nf	0.2406	ventilation
ventilador	nm	1.4577	fan
ventilar	v	0.4775	ventilate
ventosear	v	3.1791	fart
ventosidad	nf	0.0000	ventosity
ventral	adj	0.3304	ventral
ventricular	adj	0.0657	ventricular
ventrículo	nm	0.3291	ventricle
ventrílocuo	adj	0.4826	ventriloquist | ventriloquous
ventura	nf	0.9718	fortune | chance
venturina	nf	0.2150	aventurine
Venus	prop	0.9185	Venus
ver	v	3.5939	see
veracruzano	adj	0.0000	Veracruzan
veraniego	adj	0.1407	summerlike
verano	nm	2.2664	summer
veraz	adj	0.3436	truthful
verbal	adj	0.5628	verbal
verbasco	nm	0.2891	mullein
verbena de Indias	loc	0.1812	lemon verbena
verbigracia	adv	1.7613	for example
verbigracia	nm	2.1808	example
verbo	nm	2.3248	verb
verbo intransitivo	loc	0.2815	intransitive verb
verbo pronominado	loc	0.1031	pronominal verb
verbo pronominal	loc	0.0604	pronominal verb
verbo transitivo	loc	0.3470	transitive verb
verboide	nm	0.5264	verbal | non-finite verb
verborragia	nf	0.2594	logorrhea | logorrhoea
verborrea	nf	0.0446	logorrhoea
verbosamente	adv	0.0129	verbosely
verbosidad	nf	0.3444	verbosity
verboso	adj	0.2994	verbose
verdaderamente	adv	0.6008	truly
verdadero	adj	2.2233	true | natural | real | earnest | dignified | genuine
verde	adj	4.0234	green
verde botella	loc	0.0470	bottle green
verde claro	loc	0.0003	light green
verderón	nm	0.4313	greenfinch | cockle
verdete	nm	0.2311	verdigris
verdoso	adj	0.2348	greenish
verdugo	nm	0.4725	hangman | excutioner | executioner
verdulería	nf	0.2061	greengrocer
verdulero	nmf	0.1457	greengrocer
verdura	nf	1.2182	vegetable
vereda	nf	1.5295	path | sidewalk | footpath
veredicto	nm	0.7314	verdict
verga	nf	0.9263	yard | dick | cock | steel bow
vergonzosamente	adv	0.0914	shyly
vergonzoso	adj	0.6644	disgraceful | shameful
vergüenza	nf	3.0911	shame | disgrace
vergüenza ajena	loc	0.0946	empathic embarrassment | secondhand embarrassment | vicarious embarrassment | vicarious shame
vergüenzas	nf	0.3882	genitalia | genitals
verguera	nf	0.2865	pasture
verificación	nf	0.3139	verification
verificador	adj	0.2482	checker | checking | verifier | verifying
verificar	v	0.7994	verify | inspect
verija	nf	0.0682	pubic region
verme	nm	2.7712	worm | maggot
vermicida	adj	0.1038	vermicide
vermis	nm	0.0005	cerebellar vermis
Vermont	n	0.0751	Vermont
vermú	nm	0.1423	vermouth
vernáculo	adj	0.9210	native
vero	adj	0.0000	vaire
Verónica	prop	0.3233	Veronica
verosímil	adj	0.4499	likely
verraco	nmf	0.4354	boar | verraco
verruga	nf	1.3122	wart
versal	adj	1.6303	capital | uppercase
versalita	nf	0.0000	small cap
Versalles	prop	0.1826	Versailles
versátil	adj	1.1097	versatile
verse	v	0.0004	to meet | to see one another
versículo	nm	0.1832	verse
versión	nf	0.5511	version
versión extraoficial	loc	0.0002	unofficial version
versión oficial	loc	0.0003	official version
versta	nf	0.2990	verst
vértebra	nf	0.4769	vertebra
vértebra lumbar	loc	0.0000	lumbar vertebrae
vertebrado	adj	0.5210	vertebrate
vertical	adj	0.5587	vertical
verticalizar	v	0.0000	verticalize
verticalmente	adv	0.1201	vertically
vértice	nm	0.4841	vertex
vertiente	nmf	0.5415	dip
vertiginoso	adj	0.0813	vertiginous
vértigo	nm	0.3855	dizziness
vesícula	nf	0.3532	vesicle | gallbladder
vesícula biliar	loc	0.5085	gall bladder
vesijue	interj	0.0004	wowmy word
véspero	nm	0.4075	evening
vespertino	adj	0.5763	evening | vespertine
vestíbulo	nm	0.5814	vestibule | entrance hall
vestido	nm	1.5331	dress | clothes
vestidor virtual	loc	0.0002	virtual changing room
vestigio	nm	0.3338	vestige
vestimenta	nf	0.8018	gear
vestuario	nm	0.7573	costume
vetear	v	0.4009	grain
veterinaria	nf	0.0417	veterinary science
vetustez	nf	0.2030	oldness
vetusto	adj	0.4222	aged
vez	nf	3.2305	time
vía	nf	1.8166	track | road | way
Vía Láctea	prop	1.3924	Milky Way
viable	adj	0.3278	viable
viajador	adj	0.0000	traveler | travelling
viajar	v	1.5217	travel
viaje	nm	1.2846	journey | trip | travel | voyage
viaje combinado	loc	0.0182	package tour | package travel
vianda	nf	0.4282	fare
viaticar	v	0.2208	operate
viático	nm	0.2231	viaticum | travel allowance
víbora	nf	0.7124	viper | adder
víbora de cascabel	n	0.5922	rattlesnake
vibración	nf	0.2573	vibration
vibrátil	adj	0.0493	vibratile
vibrato	nm	0.1092	vibrato
vibratorio	adj	0.1496	vibratory | vibratile
viceversa	adv	0.2844	vice versa | conversely
vicio	nm	0.6967	vice
viciosamente	adv	0.0288	viciously
vicisitud	nf	0.4158	vicissitude
víctima	nf	0.7332	victim
victimar	v	0.5036	kill | commit suicide
victimizar	v	0.0874	victimize | victimise
victoria	nf	0.7449	victory | victoria
victoria pírrica	loc	0.0000	pyrrhic victory | Pyrrhic victory
victoriano	adj	0.1363	Victorian
victoriosamente	adv	0.1785	victoriously | triumphantly
vicuña	nf	0.0000	vicuña
vid	nf	1.3723	grapevine | vine
vida	nf	2.5920	life
vidente	n	0.4119	psychic
video	nm	0.4566	video
videoclip	nm	0.0258	videoclip
videograbar	v	0.1115	videotape
videógrafo	nmf	0.1393	videographer
videojuego	nm	0.4935	video game | computer game
videolit	nm	0.0003	videolit
videollamada	nf	0.0783	video call
vidriera	nf	0.5082	stained glass | show window
vidrio	nm	1.3740	glass
viejo	adj	2.8546	old | old-fashioned
viejo	nm	0.1668	older adult
Viena	prop	1.0154	Vienna
vienés	adj	0.4102	Viennese
vienesa	nf	0.3282	Viennese | Vienna sausage
viento	nm	5.3704	wind
viento estelar	loc	0.2020	stellar wind
viento solar	loc	0.1893	solar wind
vientre	nm	3.3778	belly | tummy
viernes	nm	1.6267	Friday
Viernes Santo	loc	0.3217	Good Friday
viernes trece	loc	0.0407	Friday the thirteenth
Vietnam	n	2.3579	Vietnam | Viet Nam
vietnamita	adj	0.0008	vietnamese
vietnamita	nm	0.8715	Vietnamese
viga	nf	0.2428	beam
vigencia	nf	0.2930	validity
vigente	adj	1.0861	current
vigésimo	adj	1.1133	twentieth
vigésimo tercero	adj	0.1629	twenty-third
vigesimoctavo	adj	0.2845	twenty-eighth
vigesimocuarto	adj	0.3450	twenty-fourth
vigesimonoveno	adj	0.2591	twenty-ninth
vigesimoprimero	adj	0.3709	twenty-first
vigesimoquinto	adj	0.3770	twenty-fifth
vigesimosegundo	adj	0.3079	twenty-second
vigesimoséptimo	adj	0.3213	twenty-seventh
vigesimosexto	adj	0.3770	twenty-sixth
vigesimotercero	adj	0.2973	twenty-third
vigilancia	nf	0.8833	vigilance | watchfulness
vigilante	nmf	0.6561	watchful | alert
vigilante	adj	1.6744	guard
vigilante de seguridad	loc	0.9439	guard
vigilantemente	adv	0.0589	vigilantly
vigilar	v	2.6270	watch | look after | keep watch
vigor	nm	0.2468	vigor | vigour
vigorexia	nf	0.2524	bigorexia | muscle dysmorphia | reverse anorexia
vigoroso	adj	0.5644	vigorous
VIH	nm	0.2243	HIV
vihuela	nf	0.0000	vihuela
vikingo	adj	0.8201	Viking | viking
vil	adj	3.3699	ignoble | abject | base | baleful
vileza	nf	0.0631	villainy
villa	nf	2.5753	villa | village
villanamente	adv	0.1128	wickedly
villano	nm	0.8058	villager | villain
vinagre	nm	2.0572	vinegar
vinagreta	nf	0.1596	vinaigrette
vinchuca	nf	0.0729	kissing bug | assasin bug
vinculación	nf	0.6701	bond
vinculante	adj	0.2455	binding
vincular	v	1.2333	link | tie
vínculo	nm	1.7846	link
Vinicio	prop	0.0004	Vinicius
vinífero	adj	0.0682	viniferous
vinito	nm	0.0440	piquette
vino	nm	1.8296	wine
viña	nf	0.4987	vineyard
viñedo	nm	0.4678	vineyard
viñeta	nf	0.1238	bullet point | cinderella stamp
violáceo	adj	0.2183	purplish
violación	nf	1.2844	rape | violation
violado	adj	0.9601	violet
violar	v	3.8006	violate | rape | break
violencia	nf	0.9079	violence
violentamente	adv	0.2397	violently
violentar	v	0.6653	violate
violento	adj	0.5795	violent
violeta	adj	1.3812	violet
violeta	nf	1.3812	violet
violín	nm	1.7995	violin | fiddle
violinista	nmf	0.8987	violinist | fiddler
violoncelista	n	0.3406	cellist
violoncello	nm	0.6760	cello
violoncelo	nm	0.6760	cello
violonchelista	n	0.3406	cellist
viracho	nf	0.0007	gray brocket deer
virago	nf	0.6399	tomboy | virago
viraje	nm	0.7061	turn
virgen	adj	1.7597	virgin
Virgen	prop	0.6761	Virgo | Virgin
Virgilio	prop	0.1593	Virgil
virginal	adj	0.2238	virginal
Virginia	n	0.1715	Virginia
Virginia Occidental	n	0.0993	West Virginia
virginidad	nf	0.5785	virginity | maidenhood
Virgo	prop	0.7997	Virgo
vírico	adj	0.3334	viral
viril	adj	1.2646	virile | manly
virilmente	adv	0.0000	virilely
virología	nf	0.1910	virology
virólogo	nm	0.0682	virologist
viroma	nm	0.0258	virome
virosis	nf	0.0000	virosis
virote	nm	1.1955	bolt
virreinato	nm	0.1862	viceroyalty | government
virreino	nm	0.1569	viceroyalty
virrey	nmf	0.1715	viceroy
virtual	adj	0.6888	virtual
virtud	nf	1.1185	virtue
viruela	nf	0.3766	smallpox
virulento	adj	0.3013	virulent
virus	nm	0.7098	virus
viruta	nf	0.1927	shaving
visa	nf	0.3142	visa
visado	nm	0.3848	visa
visar	v	0.0005	become apparent
víscera	nf	0.1074	viscera
visco	nm	0.1669	birdlime
viscosa	nf	0.1885	viscose
viscoso	adj	0.4027	viscous
visibilidad	nf	0.1665	visibility
visible	adj	0.5869	visible
visigodo	adj	0.1313	Visigothic
visigodo	nmf	0.2061	Visigoth
visión	nf	1.7863	vision | sight
visión de túnel	loc	0.0705	tunnel vision
visir	nm	0.1078	vizier
visita	nf	2.7941	visit | call
visitar	v	0.7497	visit
vislumbrar	v	0.5709	discern
vislumbre	n	0.3104	glimmer
víspera	nf	0.3603	eve
vistazo	nm	0.5253	glance
visual	adj	0.1275	visual
visualizador	nm	0.0182	visualizer
visualizador	adj	0.0000	visualising
visualizar	v	0.0182	visualise
visualmente	adv	0.0611	visually
vital	adj	0.6020	vital
vitalicio	adj	0.2971	lifelong
vitalidad	nf	0.3362	vitality
vitalismo	nm	0.0835	vitalism
vitalista	adj	0.0729	vitalist
vitamina	nf	0.4331	vitamin
vitela	nf	0.0891	vellum
viticultura	nf	0.1524	viticulture
vitiligo	nm	0.4397	vitiligo
vitola	nf	0.0005	pall caliber
vitorear	v	0.7937	applaud | acclaim
vitral	nm	0.6729	stained glass
vitrina	nf	0.1130	show window | showcase
vitró	nm	0.6344	stained glass
vitualla	nf	0.0005	provisions for the road
vituperar	v	0.4503	vituperate
vituperio	nm	1.3293	rebuke | scolding | vilification
viuda	nf	1.0445	widow
viuda silvestre	loc	0.0005	field scabious
viudo	adj	0.7109	widower | widow
viva	interj	0.0590	viva
vivar	v	1.0627	cheer
vivar	nm	0.4088	warren | fischpond | hatchery
vivazmente	adv	0.0446	vivaciously
vivencia	nf	0.6215	experience
vívido	adj	0.2014	vivid
vivienda	nf	1.8800	house | housing
vivificador	adj	0.0000	vivifying
vivificante	adj	0.0000	vivifying
vivificar	v	0.4272	revive
vivificativo	adj	0.0888	restorative
vivir	v	2.7001	live | lodge
vivo	adj	2.2286	alive | living
vizcacha	nf	0.1738	viscacha
Vizcaya	prop	0.0964	Biscay
vizcondado	nm	0.0669	viscounty | viscountcy
vizconde	nm	0.4003	viscount
Vladivostok	prop	0.3427	Vladivostok
vocablo	nm	1.2938	word
vocabulario	nm	0.6919	vocabulary
vocación	nf	0.5404	vocation | calling
vocal	adj	0.6381	vocal
vocalizar	v	0.0000	vocalise
vocativo	nm	0.2813	vocative | vocative case
vocoide	nm	0.1986	semivowel
vodka	nm	0.4061	vodka
voivodato	nm	0.3821	voivodeship
volante	nm	0.4883	shuttlecock
volapuk	nm	0.4826	Volapük
volátil	adj	0.5616	volatile
volatilizarse	v	0.1826	evaporate
volcán	nm	0.7324	volcano
volcánico	adj	0.1826	volcanic
volcar	v	0.7765	knock | pour | overturn
voleibol	nm	0.4892	volleyball
volframio	nm	1.6015	tungsten | wolfram
volitivo	adj	0.0182	volitive
volquete	nm	0.0315	dumper
voltear	v	1.8592	turn | topple | roll over
voltejear	v	1.3441	beat | tack
voltiarepas	adj	0.1262	flip-flopper
voltio	nm	0.4772	volt
volubilidad	nf	0.1244	fickleness
volumen	nm	1.8509	volume
voluminoso	adj	0.5588	bulky | voluminous
voluntad	nf	1.4077	will
voluntad de sentido	loc	0.0003	will to meaning
voluntarioso	adj	0.4414	helpful | willful
volunturismo	nm	0.0364	voluntourism
voluptuosidad	nf	0.0407	voluptuousness
volver	v	1.9752	return | turn over
volverse	v	0.8955	become
vomitador	adj	0.0000	puker | puking | vomiter | vomiting
vomitar	v	1.6830	vomit | throw up
vómito	nm	0.5865	puke
vomitorio	adj	0.0539	vomitive
voracidad	nf	0.3221	voracity | rapacity | voraciousness
vorágine	nf	0.2851	whirlpool | hurly-burly
voraz	adj	0.0004	voraious
vórtice	nm	0.1703	cowlick
vosotros		4.0099	you | ye
votación	nf	0.4355	vote
votante	n	0.4317	voter
votar	v	0.9977	vote
voto	nm	1.7611	vote
vox pópuli	loc	0.0681	vox populi
voyerista	nm	0.3334	voyeur | peeping Tom
voynichés	nm	0.0000	Voynichese
voz	nf	2.6812	voice
vuelo	nm	0.9052	flight
vuelta al mundo	loc	0.0258	around the world
vuesa		0.1115	thy
vuestra merced		0.2513	your grace
vulcanismo	nm	0.2093	volcanism | vulcanism
vulcanología	nf	0.1524	volcanology
vulgar	adj	2.4098	vulgar | ordinary | common
vulgaridad	nf	0.3631	vulgarity
vulgo	nm	1.2006	common
vulnerabilidad	n	0.3710	vulnerability
vulnerable	adj	0.9962	vulnerable
vulneración	nf	0.2253	infringement
vulnerar	v	0.9225	injure | infringe
vulto	nm	0.8753	face
vulva	nf	1.4375	vulva
vulvovaginitis	nf	0.0000	vulvovaginitis
vuvuzela	nf	0.0762	vuvuzela
wafle	nm	0.4278	waffle
waflera	nf	0.1411	waffle iron | waffle maker
wagneriano	adj	0.1255	Wagnerian
Wallis y Futuna	prop	0.1108	Wallis and Futuna
wapití	nm	0.0834	elk
warrant	nm	0.3423	warrant
wasabi	nm	0.1166	wasabi
wasap	nm	0.0762	WhatsApp
wásap	nm	0.0762	WhatsApp
Washington D. C.	prop	0.0003	WashingtonD. C.
waterpolo	nm	0.2307	water polo
watio	nm	0.2821	watt
watt	nm	0.4816	watt
webcómic	nm	0.0288	webcomic
weber	nm	0.0000	Weaver
wéber	nm	0.0000	Weaver
weberio	nm	0.0000	Weaver
webinario	nm	0.1411	webinar
Wenceslao	prop	0.1577	Wenceslaus
Weser	nm	0.0864	Weser
western	nm	0.4793	western
whiskería	nf	0.2738	brothel
whisky	nm	0.0964	whisky
Wi-Fi	nm	0.1496	Wi-Fi
Wikcionario	n	0.8032	Wiktionary
wikcionarista	n	0.1928	Wiktionarian
wikificar	v	0.1893	wikify
Wikilibros	nm	0.0006	Wikibooks
wikimedista	n	0.0000	Wikimedian
Wikinoticias	nf	0.0007	Wikinews
Wikipedia	nf	0.8595	Wikipedia
wikipedista	n	0.1577	Wikipedian
winaray	nm	0.2205	Waray-Waray
windsurfista	n	0.0963	windsurfer
winterización	nf	0.0000	winterization
Winterthur	prop	0.0590	Winterthur
Wisconsin	n	0.0874	Wisconsin
witricidad	nf	0.0002	WiTricity
wólfram	nm	1.5528	tungsten | wolfram
wolframio	nm	1.6103	tungsten | wolfram
won	nm	0.1545	won
Wyoming	n	0.1030	Wyoming
xantano	nm	0.0000	xanthan
xantina	nf	0.0223	xanthin | xanthine
xantosis	nf	0.0182	xanthosis
Xe	nm	0.0003	Xe
xenismo	nm	0.0000	xenism
xenofilia	nf	0.1630	xenophilia
xenofobia	nf	0.6309	xenophobia
xenofóbico	adj	0.2549	xenophobic
xenófobo	adj	0.3733	xenophobic
xenoglosia	nf	0.1901	xenoglossy | xenoglossia
xenoinjerto	nm	0.0182	xenograft
xenón	nm	0.7363	xenon
xenoparidad	nf	0.0515	xenoparity
xerocopia	nf	0.3434	xerox | photocopy
xerocopiar	v	0.3820	xerox | photocopy
xeroftalmía	nf	0.0854	xerophthalmia
xerografiar	v	0.3317	xerox | photocopy
xeromórfico	adj	0.0258	xeromorphic
xerosis	nf	0.0000	xerosis
xerosol	nm	0.0129	xerosol
xhosa	nm	0.2668	Xhosa
xifoideo	adj	0.0762	xiphoid
xifoides	nm	0.1393	xiphoid process | xiphisternum
xilema	nm	0.1835	xylem
xilófago	adj	0.0604	xylophagous
xilofobia	nf	0.0002	hylephobia
xilofón	nm	0.7070	xylophone
xilofonista	nm	0.0682	xylophonist
xilófono	nm	0.6838	xylophone
xilografía	nf	0.0182	xylography
xilógrafo	nm	0.0864	woodcarver
xilosa	nf	0.0794	xylose
XML	nm	0.0546	XML
Xochimilco	prop	0.0004	Xochimilco
Xóchitl	prop	0.0004	Xochitl
xoloitzcuintle	nm	0.0009	Mexican hairless dog
y		3.3774	and
ya que	loc	0.5282	given | since provided
yacaré	nm	0.5620	alligator
yacer	v	1.3994	lie | lay
yacija	nf	1.3173	bed
yacimiento	nm	0.7042	deposit | site
Yago	prop	0.5591	James | Jacob
yagrumo	nm	0.0003	trumpet-tree | wild papaw
yaguasa	nf	0.0007	Black Billed Whistling-Duck | West Indian Whistling-Duck
Yahvé	n	0.2115	Yahweh
yak	nm	0.6391	yak
Yakarta	n	0.3766	Jakarta
yakimono	nm	0.0000	yakimono
yakuza	nm	0.1201	yakuza
yal	nm	0.0003	sierra-finch
yal austral	loc	0.0012	canary winged finch | canary-winged finch | white-bridled finch | black-throated finch
yambú	nm	0.0004	yambú
Yamena	prop	0.3172	N'Djamena
Yamusukro	prop	0.1093	Yamoussoukro
yana	nf	0.0315	buttonwood | button-tree
yanomami	nm	0.0005	yanomani | ya̧nomamö
yanomamo	nm	0.0005	yanomani | ya̧nomamö
Yápeto	prop	0.1959	Iapetus | Japetus
yaqui	interj	0.0005	pink cruxifixion thorn
yaqui	nm	0.0005	pink cruxifixion thorn
yarda	nm	0.3324	yard
yatagán	nm	0.0854	yataghan
yate	nm	0.7088	yacht
yatrofobia	nf	0.0546	iatrophobia
Yaundé	n	0.1301	Yaoundé
Yazrib	prop	0.0446	Yathrib
Yedra	prop	0.0000	Ivy
yegua	nf	2.0443	mare
yema	nf	0.7637	yolk | fingertip
Yemen	n	0.3492	Yemen
Yemen del Sur	prop	0.1163	South Yemen
yen	nm	0.3009	yen
yerba	nf	2.6726	grass | herb
Yerba	prop	0.1031	Djerba
yermo	adj	0.3324	uninhabited | uncultivated
yerno	nm	0.9133	son-in-law
yero	nm	0.7389	bitter vetch
yerto	adj	0.5584	stiff
yeshivá	nm	0.1030	yeshiva
yeso	nm	1.7889	gypsum | plaster | plaster cast
yetapá acollarado	loc	0.0011	strange-tailed tyrant
yetapá de collar	loc	0.0011	strange-tailed tyrant
yetar	v	0.1985	jinx
yeyuno	nm	0.2833	fasting
yezgo	nm	0.1219	danewort | dwarf elder
Yibuti	n	0.8844	Djibouti
yibutiense	adj	0.2652	Djiboutian
yidis	nm	0.9554	Yiddish
yihad	nf	0.9187	jihad
yihadista	adj	0.1354	jihadist
yin	nm	0.0000	jean
yirar	v	0.5908	wander | cruise
Yitomir	prop	0.2128	Zhytomyr
yo		3.9913	I | me
yo	nm	1.5617	ego
yoctoamperio	nm	0.0182	yoctoampere
yoctocandela	nf	0.0003	yoctocandela
yoctofaradio	nm	0.0003	yoctofarad
yoctogramo	nm	0.0000	yoctogram
yoctohercio	nm	0.0003	yoctohertz
yoctojulio	nm	0.0003	yoctojoule
yoctokelvin	nm	0.0003	yoctokelvin
yoctolitro	nm	0.0258	yoctolitre
yoctómetro	nm	0.0407	yoctometre
yoctonewton	nm	0.0000	yoctonewton
yoctoohmio	nm	0.0003	yoctoohm
yoctosegundo	nm	0.0000	yoctosecond
yoctovatio	nm	0.0003	yoctowatt
yoctovoltio	nm	0.0003	yoctovolt
yodación	nf	0.0000	iodination
yodel	nm	0.0000	yodelling
yódico	adj	0.0364	iodic
yodo	nm	1.1462	iodine
yoduro	nm	0.0835	iodide
yoga	nm	0.7211	yoga
yogui	n	0.0000	jogi
yogur	nm	0.0891	yoghurt | yogurt | yoghourt | yogourt
yogurín	nm	0.0000	toy boy
Yom Kipur	n	0.0003	Yom Kipur
yonkoma	n	0.0000	yonkoma
York	prop	0.1801	York
yoruba	adj	0.2639	Yoruba
yottaamperio	nm	0.0003	yottaampere
yottacandela	nf	0.0003	yottacandela
yottafaradio	nm	0.0003	yottafarad
yottagramo	nm	0.0000	yottagram
yottahercio	nm	0.0000	yottahertz
yottajulio	nm	0.0000	yottajoule
yottakelvin	nm	0.0003	yottakelvin
yottalitro	nm	0.0000	yottalitre
yottametro	nm	0.0000	yottametre
yottanewton	nm	0.0003	yottanewton
yottaohmio	nm	0.0003	yottaohm
yottasegundo	nm	0.0000	yottasecond
yottavatio	nm	0.0003	yottawatt
yottavoltio	nm	0.0003	yottavolt
youtuber	nmf	0.2061	YouTuber
yuan	nm	0.2910	yuan
Yuba	prop	0.2333	Juba
yuca	nf	0.5540	cassava | manioc | yucca
yucateco	nm	0.0892	Yucatec Maya
yucateco	adj	0.0740	Yucatec
yucca	nf	0.0911	yucca
yudogui	nm	0.0446	judogi
yugo	nm	1.0166	yoke
Yugoslavia	n	0.3408	Yugoslavia
yugoslavo	adj	0.0003	Yugolslav | Yugoslavian
yugular	nf	0.4697	jugular vein
yunco	nm	0.0008	Peruvian diving-petrel
yunque	nm	0.7945	anvil | incus
yupi	n	0.1760	yuppie | yuppy
yupi	interj	0.1679	yippee
yurta	nf	0.7784	yurt
yus	nf	0.1179	yus
yutoazteca	nm	0.0182	Uto-Aztecan
yutubero	nm	0.0002	youtuber
yuxtaponer	v	0.1567	juxtapose
yuxtaponerse	v	0.0783	juxtapose
yuxtapuesto	adj	0.0622	juxtaposed
zabullidor	adj	0.1446	diving | plunging
Zacarías	prop	1.4397	Zechariah | Zachary | Zacharia | Zachery | Zackery | Zachariah
zafarse	v	0.0007	become loose
zafiro	nm	0.6983	sapphire
zaga	nf	1.4010	back | rearguard | defence | defense
Zagreb	prop	0.2116	Zagreb
zaguán	nm	0.6098	vestibule | entryway
zaguate	nm	0.4069	mongrel | mutt | cur
zaguero	nmf	1.4010	back
zahón	nm	0.0258	chaps
zahorí	nmf	0.4435	dowser | diviner
zahorra	nf	0.8036	sand
zahurda	nf	0.2612	pigsty
zaireño	adj	0.1320	Zairean
zalamería	nf	0.6577	flattery
Zambia	n	1.4082	Zambia
zambiano	adj	0.1363	Zambian
zambo	adj	0.3976	sambo | knockkneed | bowlegged
zambullidor	adj	0.2793	diving | plunging
zambullidor	nm	0.2386	grebe
zambullirse	v	0.8430	dive
zampar	v	0.5299	devour
zamparse	v	0.3104	devour
zampoña	nf	0.0000	pan pipes | panpipe | syrinx
zanahoria	nf	1.3903	carrot
zancadilla	nf	1.2640	trip | trick
zanfona	nf	0.2606	hurdy-gurdy
zángano	nm	1.8503	drone
zanja	nf	0.7545	trench
zanjear	v	0.5773	to | dig
zanjo	nm	0.4043	trench
Zantedeschia elliottiana	n	0.0386	calla lily | golden arum lily
Zanzíbar	prop	0.0717	Zanzibar
zapallo	nm	1.3464	pumpkin | squash
zaparrastroso	adj	0.5046	shabby
zapatería	nf	0.0003	shoe factory | shoe store
zapatero	nmf	0.8720	shoemaker
zapatero	nm	0.0010	Maracaibo boxwood
zapatero, a tus zapatos	loc	0.0005	cobblerstick to thy last
zapatilla	nf	1.5476	slipper | house shoe | pump | shoe | cue tip | buttom
zapato	nm	1.8006	shoe | boot
zapote	nm	0.2300	sapote | zapote
zapote negro	loc	0.1995	black sapote
zapoteca	adj	0.1728	Zapotec
zapoteco	adj	0.1728	Zapotec
zar	nm	0.7948	tsar | czar
zarabanda	nf	0.4961	sarabande | rave
Zaragoza	prop	0.0000	Saragossa | Zaragoza
zarahuata	nf	0.0002	golden-mantled howler monkey
zarahuato	nm	0.0002	golden-mantled howler monkey
zarapito	nm	0.4279	curlew
zarapito boreal	loc	0.0000	Eskimo curlew
zarapito de pico recto	loc	0.3321	Hudsonian godwit
zarate	nm	0.3519	scabies
zarato	nm	0.1014	tsardom
zarcillo	nm	0.5296	tendril
zarco	adj	0.2135	cyan
zarévich	nm	0.0499	tsarevich
zarigüeya	nf	1.1431	opossum
zarina	nf	0.2185	tsarina | czarina
zarpa	nf	0.6536	paw
zarrapastroso	adj	0.5613	shabby
zarza	nf	0.7406	bramble | blackberry
zarzal	nm	0.1021	bramble
zarzamora	nf	0.7918	blackberry
zarzaparrilla	nf	0.3217	sarsaparilla
zas		0.9870	bang | wham
zascandil	nmf	0.4073	busybody
zebroide	nm	0.1046	zebroid
Zeluán	prop	0.0002	Selouane
zenana	nf	0.0386	zenana
zendavesta	nm	0.0794	Avesta
zenit	nm	1.0419	zenith
zénit	nm	1.0244	zenith
zepelín	nm	0.0000	zeppelin | dirigible
zeptoamperio	nm	0.0003	zeptoampere
zeptocandela	nf	0.0003	zeptocandela
zeptofaradio	nm	0.0003	zeptofarad
zeptogramo	nm	0.0000	zeptogram
zeptohercio	nm	0.0003	zeptohertz
zeptojulio	nm	0.0000	zeptojoule
zeptokelvin	nm	0.0003	zeptokelvin
zeptolitro	nm	0.0000	zeptolitre
zeptonewton	nm	0.0003	zeptonewton
zeptoohmio	nm	0.0003	zeptoohm
zeptosegundo	nm	0.0258	zeptosecond
zeptovatio	nm	0.0003	zeptowatt
zeptovoltio	nm	0.0003	zeptovolt
zettaamperio	nm	0.0315	zettaampere
zettacandela	nf	0.0003	zettacandela
zettafaradio	nm	0.0003	zettafarad
zettagramo	nm	0.0000	zettagram
zettahercio	nm	0.0000	zettahertz
zettajulio	nm	0.0003	zettajoule
zettakelvin	nm	0.0003	zettakelvin
zettalitro	nm	0.0003	zettalitre
zettametro	nm	0.0000	zettameter
zettanewton	nm	0.0003	zettanewton
zettaohmio	nm	0.0003	zettaohm
zettasegundo	nm	0.0000	zettasecond
zettavatio	nm	0.0003	zettawatt
zettavoltio	nm	0.0003	zettavolt
zeugma	nm	0.2635	zeugma
Zeus	n	0.1673	Zeus
zeusofobia	nf	0.0000	zeusophobia
zigomorfo	adj	0.1457	zygomorphic
zigoto	nm	0.5661	zygote
zigurat	nm	0.1046	ziggurat | zikkurat
zigzag	nm	0.2657	zigzag
zigzagueante	adj	0.0258	zigzagging
Zimbabue	n	0.3541	Zimbabwe
zimbabuense	adj	0.1375	Zimbabwean
zinc	nm	0.7769	zinc
ziranda	nf	0.0000	fig tree
zodiac	nm	0.0002	inflatable boat
zodiacal	adj	0.2243	zodiac
zodiaco	nm	0.2243	zodiac
zodíaco	nm	0.4196	zodiac
zona	nf	0.6633	zone | area
zona turística	loc	0.0002	touristic zone
zonación	nf	0.0000	zonation
zonzo	adj	2.2051	dumb | silly | dullard
zoo	nm	0.6086	zoo
zoocoria	nf	0.0773	zoochory
zoofilia	nf	0.1496	zoophilia
zoófito	nm	0.0604	zoophyte
zoofobia	nf	0.1262	zoophobia
zoografía	nf	0.0000	zoography
zoología	nf	0.7269	zoology
zoólogo	nm	0.2115	zoologist
zoolojía	nf	0.7164	zoology
zoomorfo	adj	0.0546	zoomorphic
zoonosis	nf	0.1709	zoonosis
zootecnia	nf	0.0664	zootechnics
zootécnico	adj	0.0000	zootechnical
zootomía	nf	0.0981	zootomy
zootopo	nm	0.0000	zootope
zopenco	adj	0.3933	dolt
zopilote	nm	0.8001	black vulture | American black vulture | black buzzard | zopilote
zopilote rey	n	0.1301	king vulture
zoquete	nm	0.9780	chunk of wood | bit
zoroastra	adj	0.2601	Zoroastrian | zoroastrico
zoroástrico	adj	0.2601	Zoroastrian | zoroastrico
zoroastrismo	nm	0.4011	Zoroastrianism | Mazdaism
zorrillo	nm	2.0332	skunk
zorrino	nm	1.3134	skunk
zorro	nmf	2.6575	fox
zorro chilote	loc	0.0946	Darwin's fox
zorro de Darwin	loc	0.0946	Darwin's fox
zóster	nm	0.6463	shingles | zoster
zote	nm	1.8961	dumb | silly
zueco	nm	1.2789	clog
zulla	nf	0.2149	French honeysuckle | Italian sainfoin | Spanish sainfoin | cock's head | honeyplant | sulla clover
zulú	adj	0.0000	zulu
zum	nm	0.2011	zoom
zumaque	nm	0.2253	sumac
zumbar	v	1.5328	buzz | hum | hit
zumbido	nm	0.7045	buzz
zumo	nm	2.5234	juice
Zumpango	prop	0.0003	Zumpango
zuño	nm	0.6991	frown | scowl
zurcidor	adj	0.1062	darner | darning | mender | mending
zurcir	v	1.1172	darn | mend
zurdo	adj	0.7842	left-handed
zurear	v	0.2944	coo
Zúrich	prop	0.2624	Zurich
zuro	nm	0.3939	cob
zurrapa	nf	0.8995	brush | snowflake
zurrar	v	1.5175	tan | thrash
zurriar	v	0.2013	whirr
zurrir	v	0.2430	whirr
zurullo	nm	0.2053	turd
zuzar	v	0.2330	incite
zzz		0.0813	zzz
